empID,name,age,deptID
1,User1,19,d10
2,User2,33,d30
3,User3,26,d20
4,User4,61,d10
5,User5,55,d10
6,User6,20,d40
7,User7,23,d10
8,User8,32,d20
9,User9,53,d10
10,User10,63,d20
11,User11,32,d40
12,User12,55,d40
13,User13,18,d30
14,User14,62,d20
15,User15,39,d40
16,User16,27,d30
17,User17,39,d20
18,User18,23,d10
19,User19,24,d40
20,User20,40,d30
21,User21,20,d30
22,User22,52,d40
23,User23,42,d10
24,User24,53,d10
25,User25,58,d30
26,User26,54,d30
27,User27,63,d20
28,User28,20,d10
29,User29,36,d20
30,User30,32,d10
31,User31,42,d10
32,User32,47,d30
33,User33,28,d30
34,User34,40,d30
35,User35,60,d20
36,User36,62,d30
37,User37,56,d10
38,User38,52,d20
39,User39,28,d20
40,User40,42,d40
41,User41,58,d30
42,User42,61,d20
43,User43,21,d30
44,User44,20,d20
45,User45,43,d30
46,User46,22,d30
47,User47,54,d20
48,User48,31,d30
49,User49,43,d40
50,User50,27,d40
51,User51,26,d30
52,User52,65,d20
53,User53,65,d30
54,User54,55,d40
55,User55,41,d40
56,User56,26,d20
57,User57,23,d40
58,User58,25,d10
59,User59,58,d20
60,User60,61,d20
61,User61,56,d40
62,User62,42,d10
63,User63,56,d40
64,User64,51,d40
65,User65,53,d30
66,User66,61,d10
67,User67,61,d10
68,User68,59,d30
69,User69,25,d30
70,User70,45,d30
71,User71,47,d20
72,User72,64,d10
73,User73,50,d30
74,User74,50,d20
75,User75,58,d10
76,User76,58,d30
77,User77,27,d20
78,User78,28,d30
79,User79,56,d10
80,User80,49,d30
81,User81,25,d10
82,User82,37,d30
83,User83,21,d20
84,User84,54,d20
85,User85,23,d10
86,User86,22,d40
87,User87,26,d20
88,User88,53,d40
89,User89,34,d20
90,User90,31,d40
91,User91,63,d20
92,User92,43,d30
93,User93,46,d30
94,User94,25,d40
95,User95,32,d20
96,User96,39,d10
97,User97,55,d10
98,User98,55,d20
99,User99,18,d20
100,User100,63,d10
101,User101,32,d10
102,User102,20,d10
103,User103,22,d30
104,User104,35,d20
105,User105,31,d40
106,User106,64,d20
107,User107,33,d40
108,User108,44,d40
109,User109,24,d20
110,User110,60,d10
111,User111,40,d40
112,User112,44,d40
113,User113,64,d40
114,User114,61,d10
115,User115,21,d10
116,User116,64,d40
117,User117,24,d30
118,User118,30,d20
119,User119,52,d20
120,User120,26,d40
121,User121,29,d40
122,User122,47,d30
123,User123,22,d20
124,User124,53,d40
125,User125,21,d10
126,User126,23,d10
127,User127,28,d20
128,User128,49,d40
129,User129,31,d40
130,User130,21,d40
131,User131,42,d20
132,User132,42,d10
133,User133,47,d30
134,User134,45,d30
135,User135,27,d40
136,User136,36,d20
137,User137,21,d20
138,User138,65,d10
139,User139,21,d30
140,User140,55,d10
141,User141,50,d40
142,User142,21,d20
143,User143,29,d10
144,User144,56,d10
145,User145,61,d10
146,User146,43,d20
147,User147,54,d10
148,User148,55,d20
149,User149,57,d10
150,User150,44,d10
151,User151,34,d30
152,User152,60,d20
153,User153,33,d30
154,User154,43,d30
155,User155,60,d20
156,User156,47,d30
157,User157,22,d30
158,User158,47,d10
159,User159,22,d10
160,User160,50,d20
161,User161,26,d30
162,User162,22,d30
163,User163,41,d20
164,User164,28,d30
165,User165,52,d40
166,User166,57,d30
167,User167,60,d10
168,User168,60,d30
169,User169,26,d10
170,User170,25,d30
171,User171,65,d10
172,User172,35,d20
173,User173,56,d30
174,User174,63,d20
175,User175,31,d30
176,User176,50,d30
177,User177,34,d40
178,User178,23,d10
179,User179,35,d40
180,User180,18,d10
181,User181,26,d30
182,User182,28,d30
183,User183,53,d40
184,User184,53,d40
185,User185,25,d10
186,User186,62,d10
187,User187,52,d20
188,User188,41,d10
189,User189,45,d20
190,User190,20,d20
191,User191,41,d30
192,User192,40,d10
193,User193,61,d20
194,User194,60,d20
195,User195,40,d10
196,User196,57,d40
197,User197,33,d20
198,User198,29,d20
199,User199,19,d40
200,User200,65,d20
201,User201,44,d30
202,User202,35,d20
203,User203,62,d20
204,User204,42,d10
205,User205,48,d10
206,User206,30,d20
207,User207,40,d40
208,User208,32,d30
209,User209,19,d20
210,User210,43,d20
211,User211,35,d30
212,User212,35,d10
213,User213,59,d30
214,User214,61,d40
215,User215,19,d30
216,User216,34,d10
217,User217,55,d20
218,User218,20,d30
219,User219,56,d10
220,User220,40,d40
221,User221,45,d30
222,User222,42,d10
223,User223,34,d20
224,User224,63,d10
225,User225,18,d40
226,User226,41,d20
227,User227,22,d40
228,User228,57,d30
229,User229,60,d30
230,User230,64,d10
231,User231,50,d30
232,User232,60,d30
233,User233,38,d40
234,User234,62,d40
235,User235,53,d30
236,User236,30,d20
237,User237,60,d40
238,User238,61,d40
239,User239,57,d20
240,User240,43,d30
241,User241,37,d10
242,User242,31,d30
243,User243,55,d40
244,User244,47,d30
245,User245,46,d40
246,User246,50,d20
247,User247,65,d40
248,User248,60,d20
249,User249,36,d10
250,User250,23,d30
251,User251,61,d20
252,User252,32,d30
253,User253,27,d20
254,User254,20,d10
255,User255,48,d20
256,User256,47,d10
257,User257,58,d40
258,User258,63,d20
259,User259,49,d40
260,User260,33,d40
261,User261,59,d20
262,User262,24,d10
263,User263,32,d40
264,User264,62,d20
265,User265,21,d40
266,User266,25,d20
267,User267,26,d40
268,User268,60,d40
269,User269,46,d30
270,User270,53,d40
271,User271,28,d40
272,User272,46,d40
273,User273,33,d30
274,User274,51,d30
275,User275,58,d40
276,User276,35,d20
277,User277,22,d40
278,User278,33,d30
279,User279,39,d30
280,User280,52,d30
281,User281,26,d10
282,User282,32,d20
283,User283,62,d40
284,User284,63,d20
285,User285,22,d20
286,User286,44,d40
287,User287,52,d30
288,User288,44,d40
289,User289,31,d10
290,User290,42,d40
291,User291,54,d10
292,User292,48,d40
293,User293,40,d10
294,User294,42,d30
295,User295,52,d40
296,User296,49,d20
297,User297,35,d20
298,User298,49,d40
299,User299,42,d10
300,User300,60,d30
301,User301,64,d40
302,User302,47,d20
303,User303,57,d20
304,User304,43,d10
305,User305,23,d10
306,User306,26,d40
307,User307,29,d40
308,User308,34,d10
309,User309,38,d40
310,User310,47,d20
311,User311,39,d30
312,User312,35,d40
313,User313,34,d40
314,User314,48,d10
315,User315,65,d10
316,User316,40,d10
317,User317,59,d20
318,User318,59,d10
319,User319,19,d10
320,User320,30,d20
321,User321,57,d10
322,User322,33,d20
323,User323,48,d20
324,User324,54,d10
325,User325,47,d20
326,User326,41,d30
327,User327,56,d20
328,User328,28,d10
329,User329,24,d30
330,User330,37,d10
331,User331,43,d40
332,User332,22,d20
333,User333,24,d20
334,User334,61,d30
335,User335,54,d10
336,User336,40,d10
337,User337,60,d40
338,User338,22,d30
339,User339,18,d30
340,User340,49,d40
341,User341,45,d10
342,User342,58,d30
343,User343,63,d40
344,User344,45,d20
345,User345,64,d20
346,User346,57,d30
347,User347,47,d40
348,User348,64,d40
349,User349,38,d30
350,User350,23,d20
351,User351,46,d30
352,User352,47,d20
353,User353,39,d40
354,User354,49,d10
355,User355,29,d30
356,User356,31,d40
357,User357,34,d30
358,User358,35,d30
359,User359,53,d30
360,User360,51,d10
361,User361,23,d20
362,User362,64,d20
363,User363,49,d40
364,User364,62,d20
365,User365,59,d40
366,User366,46,d40
367,User367,23,d10
368,User368,32,d30
369,User369,62,d40
370,User370,37,d20
371,User371,48,d30
372,User372,45,d30
373,User373,40,d30
374,User374,35,d40
375,User375,34,d30
376,User376,25,d20
377,User377,38,d20
378,User378,65,d10
379,User379,30,d20
380,User380,65,d20
381,User381,35,d40
382,User382,24,d30
383,User383,36,d20
384,User384,41,d20
385,User385,37,d20
386,User386,63,d10
387,User387,35,d20
388,User388,21,d10
389,User389,62,d30
390,User390,58,d20
391,User391,24,d40
392,User392,54,d10
393,User393,48,d30
394,User394,46,d40
395,User395,29,d30
396,User396,34,d10
397,User397,25,d40
398,User398,43,d10
399,User399,22,d40
400,User400,27,d10
401,User401,54,d20
402,User402,23,d30
403,User403,25,d20
404,User404,56,d40
405,User405,51,d20
406,User406,46,d40
407,User407,37,d40
408,User408,37,d40
409,User409,57,d10
410,User410,31,d10
411,User411,34,d20
412,User412,28,d10
413,User413,29,d20
414,User414,28,d10
415,User415,44,d10
416,User416,62,d40
417,User417,36,d40
418,User418,32,d10
419,User419,63,d30
420,User420,62,d30
421,User421,22,d40
422,User422,34,d20
423,User423,45,d20
424,User424,52,d10
425,User425,59,d20
426,User426,35,d20
427,User427,22,d20
428,User428,28,d10
429,User429,56,d30
430,User430,46,d30
431,User431,47,d10
432,User432,62,d30
433,User433,35,d40
434,User434,46,d40
435,User435,56,d10
436,User436,45,d10
437,User437,56,d30
438,User438,19,d30
439,User439,32,d10
440,User440,61,d10
441,User441,54,d30
442,User442,29,d10
443,User443,51,d40
444,User444,35,d40
445,User445,55,d20
446,User446,58,d40
447,User447,23,d40
448,User448,40,d40
449,User449,39,d40
450,User450,60,d30
451,User451,28,d10
452,User452,44,d30
453,User453,36,d40
454,User454,53,d40
455,User455,47,d10
456,User456,38,d10
457,User457,38,d30
458,User458,43,d10
459,User459,60,d10
460,User460,44,d40
461,User461,30,d10
462,User462,57,d30
463,User463,58,d40
464,User464,21,d40
465,User465,35,d20
466,User466,36,d20
467,User467,62,d40
468,User468,25,d40
469,User469,58,d10
470,User470,63,d20
471,User471,37,d20
472,User472,53,d10
473,User473,23,d40
474,User474,25,d20
475,User475,25,d40
476,User476,49,d20
477,User477,50,d30
478,User478,44,d30
479,User479,48,d40
480,User480,47,d20
481,User481,42,d20
482,User482,56,d20
483,User483,22,d20
484,User484,44,d30
485,User485,50,d30
486,User486,18,d30
487,User487,64,d30
488,User488,55,d30
489,User489,27,d40
490,User490,52,d40
491,User491,40,d40
492,User492,53,d30
493,User493,47,d40
494,User494,30,d30
495,User495,54,d20
496,User496,32,d40
497,User497,20,d40
498,User498,65,d30
499,User499,63,d40
500,User500,42,d40
501,User501,49,d20
502,User502,26,d10
503,User503,24,d30
504,User504,24,d40
505,User505,18,d40
506,User506,44,d20
507,User507,22,d20
508,User508,34,d40
509,User509,57,d30
510,User510,59,d40
511,User511,39,d10
512,User512,38,d40
513,User513,52,d40
514,User514,57,d10
515,User515,33,d10
516,User516,32,d30
517,User517,45,d10
518,User518,58,d10
519,User519,46,d10
520,User520,62,d20
521,User521,19,d30
522,User522,38,d10
523,User523,36,d10
524,User524,41,d30
525,User525,27,d40
526,User526,51,d20
527,User527,54,d40
528,User528,28,d20
529,User529,23,d20
530,User530,57,d40
531,User531,49,d20
532,User532,32,d20
533,User533,58,d40
534,User534,47,d30
535,User535,60,d30
536,User536,47,d10
537,User537,61,d30
538,User538,22,d20
539,User539,40,d40
540,User540,58,d30
541,User541,62,d40
542,User542,47,d30
543,User543,30,d30
544,User544,48,d40
545,User545,33,d10
546,User546,54,d40
547,User547,54,d30
548,User548,62,d30
549,User549,19,d30
550,User550,35,d40
551,User551,54,d10
552,User552,56,d10
553,User553,36,d40
554,User554,56,d20
555,User555,32,d30
556,User556,57,d20
557,User557,61,d30
558,User558,58,d20
559,User559,58,d10
560,User560,37,d10
561,User561,20,d40
562,User562,64,d30
563,User563,23,d20
564,User564,38,d30
565,User565,29,d40
566,User566,26,d20
567,User567,51,d30
568,User568,28,d30
569,User569,48,d30
570,User570,65,d30
571,User571,25,d30
572,User572,22,d40
573,User573,32,d20
574,User574,53,d40
575,User575,23,d30
576,User576,18,d40
577,User577,52,d30
578,User578,47,d10
579,User579,61,d30
580,User580,55,d30
581,User581,58,d40
582,User582,24,d30
583,User583,48,d20
584,User584,57,d10
585,User585,57,d30
586,User586,59,d20
587,User587,58,d10
588,User588,62,d40
589,User589,59,d30
590,User590,25,d40
591,User591,20,d20
592,User592,37,d10
593,User593,25,d40
594,User594,33,d10
595,User595,42,d20
596,User596,41,d40
597,User597,55,d40
598,User598,44,d20
599,User599,49,d10
600,User600,35,d40
601,User601,62,d10
602,User602,31,d30
603,User603,46,d40
604,User604,41,d20
605,User605,61,d10
606,User606,52,d30
607,User607,21,d30
608,User608,35,d40
609,User609,25,d20
610,User610,23,d40
611,User611,59,d20
612,User612,21,d10
613,User613,33,d30
614,User614,54,d20
615,User615,22,d20
616,User616,55,d20
617,User617,32,d20
618,User618,27,d30
619,User619,35,d10
620,User620,26,d20
621,User621,29,d30
622,User622,60,d10
623,User623,26,d10
624,User624,40,d10
625,User625,55,d20
626,User626,19,d30
627,User627,34,d20
628,User628,26,d10
629,User629,51,d40
630,User630,65,d10
631,User631,48,d10
632,User632,41,d40
633,User633,46,d10
634,User634,57,d20
635,User635,64,d10
636,User636,47,d30
637,User637,21,d10
638,User638,43,d40
639,User639,61,d40
640,User640,49,d10
641,User641,22,d40
642,User642,38,d10
643,User643,22,d20
644,User644,35,d20
645,User645,42,d30
646,User646,47,d30
647,User647,24,d40
648,User648,59,d10
649,User649,45,d20
650,User650,32,d40
651,User651,39,d40
652,User652,43,d40
653,User653,64,d40
654,User654,38,d10
655,User655,38,d40
656,User656,41,d30
657,User657,61,d20
658,User658,22,d40
659,User659,23,d10
660,User660,45,d10
661,User661,65,d10
662,User662,26,d30
663,User663,55,d10
664,User664,60,d30
665,User665,44,d10
666,User666,60,d30
667,User667,64,d40
668,User668,36,d10
669,User669,40,d30
670,User670,54,d10
671,User671,27,d20
672,User672,32,d40
673,User673,40,d10
674,User674,25,d30
675,User675,54,d30
676,User676,45,d20
677,User677,56,d10
678,User678,19,d30
679,User679,35,d20
680,User680,39,d30
681,User681,18,d30
682,User682,27,d20
683,User683,22,d40
684,User684,65,d20
685,User685,23,d10
686,User686,42,d20
687,User687,47,d40
688,User688,28,d30
689,User689,37,d30
690,User690,54,d30
691,User691,21,d10
692,User692,28,d20
693,User693,61,d10
694,User694,35,d10
695,User695,60,d40
696,User696,49,d40
697,User697,44,d40
698,User698,31,d30
699,User699,40,d10
700,User700,25,d40
701,User701,61,d30
702,User702,51,d40
703,User703,20,d30
704,User704,43,d20
705,User705,18,d10
706,User706,37,d20
707,User707,26,d20
708,User708,36,d30
709,User709,25,d30
710,User710,49,d10
711,User711,29,d40
712,User712,42,d20
713,User713,50,d20
714,User714,22,d30
715,User715,65,d40
716,User716,45,d10
717,User717,47,d10
718,User718,38,d10
719,User719,54,d40
720,User720,63,d40
721,User721,36,d40
722,User722,43,d10
723,User723,38,d10
724,User724,57,d20
725,User725,62,d40
726,User726,23,d30
727,User727,24,d40
728,User728,45,d20
729,User729,51,d40
730,User730,43,d10
731,User731,65,d30
732,User732,32,d30
733,User733,28,d30
734,User734,50,d10
735,User735,51,d10
736,User736,40,d20
737,User737,64,d30
738,User738,33,d20
739,User739,27,d10
740,User740,30,d30
741,User741,56,d20
742,User742,59,d20
743,User743,29,d10
744,User744,47,d40
745,User745,61,d40
746,User746,58,d30
747,User747,27,d30
748,User748,22,d40
749,User749,46,d40
750,User750,35,d30
751,User751,40,d10
752,User752,37,d10
753,User753,46,d40
754,User754,21,d10
755,User755,36,d30
756,User756,59,d10
757,User757,57,d10
758,User758,47,d40
759,User759,46,d10
760,User760,38,d20
761,User761,50,d40
762,User762,21,d20
763,User763,24,d40
764,User764,63,d30
765,User765,50,d10
766,User766,20,d20
767,User767,63,d20
768,User768,46,d40
769,User769,41,d20
770,User770,36,d30
771,User771,44,d40
772,User772,61,d30
773,User773,58,d10
774,User774,22,d30
775,User775,24,d30
776,User776,36,d40
777,User777,64,d30
778,User778,39,d20
779,User779,55,d10
780,User780,40,d20
781,User781,59,d30
782,User782,26,d40
783,User783,37,d10
784,User784,59,d40
785,User785,26,d30
786,User786,59,d10
787,User787,50,d40
788,User788,19,d30
789,User789,37,d30
790,User790,31,d20
791,User791,49,d30
792,User792,32,d20
793,User793,27,d20
794,User794,36,d10
795,User795,50,d10
796,User796,60,d10
797,User797,57,d30
798,User798,56,d20
799,User799,27,d40
800,User800,29,d20
801,User801,64,d20
802,User802,20,d40
803,User803,41,d40
804,User804,46,d20
805,User805,65,d30
806,User806,32,d40
807,User807,37,d20
808,User808,30,d40
809,User809,61,d30
810,User810,47,d40
811,User811,42,d30
812,User812,28,d40
813,User813,56,d20
814,User814,34,d20
815,User815,59,d10
816,User816,41,d40
817,User817,63,d10
818,User818,36,d10
819,User819,28,d10
820,User820,46,d30
821,User821,45,d20
822,User822,32,d10
823,User823,40,d40
824,User824,44,d10
825,User825,43,d10
826,User826,33,d30
827,User827,23,d40
828,User828,32,d30
829,User829,38,d10
830,User830,63,d10
831,User831,27,d30
832,User832,20,d20
833,User833,48,d30
834,User834,63,d20
835,User835,46,d40
836,User836,23,d10
837,User837,34,d10
838,User838,27,d20
839,User839,25,d40
840,User840,33,d30
841,User841,25,d30
842,User842,33,d10
843,User843,58,d40
844,User844,22,d40
845,User845,49,d10
846,User846,58,d10
847,User847,63,d20
848,User848,36,d20
849,User849,18,d40
850,User850,33,d30
851,User851,29,d40
852,User852,51,d10
853,User853,22,d30
854,User854,42,d10
855,User855,20,d40
856,User856,41,d40
857,User857,65,d30
858,User858,40,d10
859,User859,40,d10
860,User860,64,d20
861,User861,55,d10
862,User862,26,d30
863,User863,40,d10
864,User864,59,d30
865,User865,61,d20
866,User866,62,d40
867,User867,58,d40
868,User868,26,d20
869,User869,63,d10
870,User870,20,d40
871,User871,30,d30
872,User872,30,d10
873,User873,38,d10
874,User874,50,d30
875,User875,52,d40
876,User876,34,d40
877,User877,59,d10
878,User878,36,d20
879,User879,21,d30
880,User880,35,d30
881,User881,41,d10
882,User882,43,d40
883,User883,42,d40
884,User884,29,d30
885,User885,62,d40
886,User886,41,d40
887,User887,23,d30
888,User888,23,d40
889,User889,56,d40
890,User890,52,d20
891,User891,38,d30
892,User892,23,d10
893,User893,60,d30
894,User894,37,d30
895,User895,56,d40
896,User896,28,d40
897,User897,40,d40
898,User898,20,d40
899,User899,57,d30
900,User900,35,d40
901,User901,22,d10
902,User902,41,d40
903,User903,19,d20
904,User904,56,d20
905,User905,20,d40
906,User906,22,d20
907,User907,59,d20
908,User908,41,d30
909,User909,54,d40
910,User910,56,d10
911,User911,61,d20
912,User912,41,d40
913,User913,46,d30
914,User914,54,d10
915,User915,51,d20
916,User916,43,d30
917,User917,59,d30
918,User918,33,d30
919,User919,19,d10
920,User920,49,d20
921,User921,53,d40
922,User922,34,d10
923,User923,63,d30
924,User924,31,d40
925,User925,62,d30
926,User926,30,d40
927,User927,26,d10
928,User928,46,d10
929,User929,63,d20
930,User930,23,d40
931,User931,60,d30
932,User932,63,d30
933,User933,53,d10
934,User934,37,d30
935,User935,63,d20
936,User936,41,d20
937,User937,25,d20
938,User938,26,d20
939,User939,49,d20
940,User940,41,d10
941,User941,47,d30
942,User942,57,d20
943,User943,22,d10
944,User944,43,d30
945,User945,51,d40
946,User946,44,d40
947,User947,26,d10
948,User948,59,d30
949,User949,46,d10
950,User950,61,d40
951,User951,26,d30
952,User952,26,d20
953,User953,50,d40
954,User954,25,d10
955,User955,37,d20
956,User956,28,d20
957,User957,63,d30
958,User958,40,d20
959,User959,23,d30
960,User960,30,d30
961,User961,26,d30
962,User962,57,d30
963,User963,50,d10
964,User964,55,d20
965,User965,28,d20
966,User966,54,d30
967,User967,19,d10
968,User968,20,d10
969,User969,59,d30
970,User970,54,d20
971,User971,57,d40
972,User972,49,d10
973,User973,59,d30
974,User974,48,d30
975,User975,61,d20
976,User976,37,d40
977,User977,22,d40
978,User978,28,d10
979,User979,44,d40
980,User980,47,d40
981,User981,39,d20
982,User982,38,d20
983,User983,64,d30
984,User984,43,d30
985,User985,41,d20
986,User986,38,d10
987,User987,47,d20
988,User988,35,d10
989,User989,33,d40
990,User990,24,d20
991,User991,36,d10
992,User992,57,d40
993,User993,33,d40
994,User994,38,d20
995,User995,30,d30
996,User996,49,d20
997,User997,49,d40
998,User998,49,d30
999,User999,23,d10
1000,User1000,50,d40
1001,User1001,33,d40
1002,User1002,55,d20
1003,User1003,21,d30
1004,User1004,36,d10
1005,User1005,56,d40
1006,User1006,36,d40
1007,User1007,24,d10
1008,User1008,26,d40
1009,User1009,64,d30
1010,User1010,43,d30
1011,User1011,20,d30
1012,User1012,21,d40
1013,User1013,41,d20
1014,User1014,22,d30
1015,User1015,50,d40
1016,User1016,53,d40
1017,User1017,57,d30
1018,User1018,26,d10
1019,User1019,43,d10
1020,User1020,39,d30
1021,User1021,27,d30
1022,User1022,56,d20
1023,User1023,50,d40
1024,User1024,20,d10
1025,User1025,26,d10
1026,User1026,48,d30
1027,User1027,27,d40
1028,User1028,38,d20
1029,User1029,28,d30
1030,User1030,57,d40
1031,User1031,55,d30
1032,User1032,50,d30
1033,User1033,63,d40
1034,User1034,48,d30
1035,User1035,41,d10
1036,User1036,61,d30
1037,User1037,44,d10
1038,User1038,64,d30
1039,User1039,56,d10
1040,User1040,34,d40
1041,User1041,64,d20
1042,User1042,55,d10
1043,User1043,28,d40
1044,User1044,27,d40
1045,User1045,20,d20
1046,User1046,30,d10
1047,User1047,46,d10
1048,User1048,44,d30
1049,User1049,44,d20
1050,User1050,44,d20
1051,User1051,65,d40
1052,User1052,63,d10
1053,User1053,51,d20
1054,User1054,53,d20
1055,User1055,60,d30
1056,User1056,51,d40
1057,User1057,38,d40
1058,User1058,47,d20
1059,User1059,52,d30
1060,User1060,61,d30
1061,User1061,57,d30
1062,User1062,30,d40
1063,User1063,35,d20
1064,User1064,32,d30
1065,User1065,36,d30
1066,User1066,62,d20
1067,User1067,38,d40
1068,User1068,40,d40
1069,User1069,36,d30
1070,User1070,54,d10
1071,User1071,43,d40
1072,User1072,27,d30
1073,User1073,20,d30
1074,User1074,63,d30
1075,User1075,40,d10
1076,User1076,59,d40
1077,User1077,65,d30
1078,User1078,31,d40
1079,User1079,52,d20
1080,User1080,53,d30
1081,User1081,26,d30
1082,User1082,57,d10
1083,User1083,33,d20
1084,User1084,60,d10
1085,User1085,58,d20
1086,User1086,21,d20
1087,User1087,44,d10
1088,User1088,63,d30
1089,User1089,24,d40
1090,User1090,18,d20
1091,User1091,44,d20
1092,User1092,48,d40
1093,User1093,36,d20
1094,User1094,36,d30
1095,User1095,23,d10
1096,User1096,52,d20
1097,User1097,29,d10
1098,User1098,29,d40
1099,User1099,43,d10
1100,User1100,29,d40
1101,User1101,20,d30
1102,User1102,37,d10
1103,User1103,39,d10
1104,User1104,47,d30
1105,User1105,26,d40
1106,User1106,35,d40
1107,User1107,25,d20
1108,User1108,28,d30
1109,User1109,59,d40
1110,User1110,63,d30
1111,User1111,18,d20
1112,User1112,36,d30
1113,User1113,29,d20
1114,User1114,45,d40
1115,User1115,23,d30
1116,User1116,60,d40
1117,User1117,29,d10
1118,User1118,48,d20
1119,User1119,33,d30
1120,User1120,34,d10
1121,User1121,33,d40
1122,User1122,35,d40
1123,User1123,37,d30
1124,User1124,34,d10
1125,User1125,62,d30
1126,User1126,21,d20
1127,User1127,47,d10
1128,User1128,28,d30
1129,User1129,61,d40
1130,User1130,62,d30
1131,User1131,58,d10
1132,User1132,41,d30
1133,User1133,32,d20
1134,User1134,48,d20
1135,User1135,47,d20
1136,User1136,44,d30
1137,User1137,52,d40
1138,User1138,33,d20
1139,User1139,51,d10
1140,User1140,51,d40
1141,User1141,22,d30
1142,User1142,21,d10
1143,User1143,54,d20
1144,User1144,28,d20
1145,User1145,51,d30
1146,User1146,25,d40
1147,User1147,63,d20
1148,User1148,23,d40
1149,User1149,21,d40
1150,User1150,26,d40
1151,User1151,47,d40
1152,User1152,53,d10
1153,User1153,61,d40
1154,User1154,64,d30
1155,User1155,43,d10
1156,User1156,18,d30
1157,User1157,55,d20
1158,User1158,20,d10
1159,User1159,40,d40
1160,User1160,52,d10
1161,User1161,22,d10
1162,User1162,20,d40
1163,User1163,44,d30
1164,User1164,26,d20
1165,User1165,41,d40
1166,User1166,46,d40
1167,User1167,42,d40
1168,User1168,61,d10
1169,User1169,59,d20
1170,User1170,25,d30
1171,User1171,52,d20
1172,User1172,51,d40
1173,User1173,64,d20
1174,User1174,18,d20
1175,User1175,37,d10
1176,User1176,61,d40
1177,User1177,52,d40
1178,User1178,32,d40
1179,User1179,47,d20
1180,User1180,27,d30
1181,User1181,30,d30
1182,User1182,20,d10
1183,User1183,57,d40
1184,User1184,33,d10
1185,User1185,22,d20
1186,User1186,56,d10
1187,User1187,46,d10
1188,User1188,33,d10
1189,User1189,43,d10
1190,User1190,32,d40
1191,User1191,21,d20
1192,User1192,50,d20
1193,User1193,32,d30
1194,User1194,54,d30
1195,User1195,33,d30
1196,User1196,27,d30
1197,User1197,44,d20
1198,User1198,35,d30
1199,User1199,53,d10
1200,User1200,58,d20
1201,User1201,53,d40
1202,User1202,21,d40
1203,User1203,59,d30
1204,User1204,51,d40
1205,User1205,62,d30
1206,User1206,44,d40
1207,User1207,37,d20
1208,User1208,29,d40
1209,User1209,33,d40
1210,User1210,37,d20
1211,User1211,47,d20
1212,User1212,53,d10
1213,User1213,44,d40
1214,User1214,42,d20
1215,User1215,34,d20
1216,User1216,39,d20
1217,User1217,46,d10
1218,User1218,23,d30
1219,User1219,21,d20
1220,User1220,42,d30
1221,User1221,22,d10
1222,User1222,55,d20
1223,User1223,48,d20
1224,User1224,39,d20
1225,User1225,18,d30
1226,User1226,30,d20
1227,User1227,65,d10
1228,User1228,33,d40
1229,User1229,43,d20
1230,User1230,53,d20
1231,User1231,36,d30
1232,User1232,47,d40
1233,User1233,37,d30
1234,User1234,41,d30
1235,User1235,47,d40
1236,User1236,64,d10
1237,User1237,38,d40
1238,User1238,41,d20
1239,User1239,44,d30
1240,User1240,54,d10
1241,User1241,65,d20
1242,User1242,19,d20
1243,User1243,53,d30
1244,User1244,36,d40
1245,User1245,30,d20
1246,User1246,32,d30
1247,User1247,54,d40
1248,User1248,49,d20
1249,User1249,34,d30
1250,User1250,64,d40
1251,User1251,47,d40
1252,User1252,64,d20
1253,User1253,28,d30
1254,User1254,64,d20
1255,User1255,29,d40
1256,User1256,51,d10
1257,User1257,22,d10
1258,User1258,18,d10
1259,User1259,26,d40
1260,User1260,22,d20
1261,User1261,18,d20
1262,User1262,50,d20
1263,User1263,41,d40
1264,User1264,57,d10
1265,User1265,60,d40
1266,User1266,19,d40
1267,User1267,52,d10
1268,User1268,18,d40
1269,User1269,51,d10
1270,User1270,52,d30
1271,User1271,19,d30
1272,User1272,29,d40
1273,User1273,24,d10
1274,User1274,33,d20
1275,User1275,57,d20
1276,User1276,40,d30
1277,User1277,43,d30
1278,User1278,41,d10
1279,User1279,47,d40
1280,User1280,62,d20
1281,User1281,37,d20
1282,User1282,59,d10
1283,User1283,23,d10
1284,User1284,42,d40
1285,User1285,53,d40
1286,User1286,21,d40
1287,User1287,62,d10
1288,User1288,23,d20
1289,User1289,45,d40
1290,User1290,54,d30
1291,User1291,51,d10
1292,User1292,32,d10
1293,User1293,62,d20
1294,User1294,35,d40
1295,User1295,22,d10
1296,User1296,52,d30
1297,User1297,29,d10
1298,User1298,19,d30
1299,User1299,55,d20
1300,User1300,63,d20
1301,User1301,22,d40
1302,User1302,28,d30
1303,User1303,54,d20
1304,User1304,61,d40
1305,User1305,42,d30
1306,User1306,62,d20
1307,User1307,50,d10
1308,User1308,21,d30
1309,User1309,45,d10
1310,User1310,22,d20
1311,User1311,56,d30
1312,User1312,38,d40
1313,User1313,58,d10
1314,User1314,46,d30
1315,User1315,32,d40
1316,User1316,53,d30
1317,User1317,45,d40
1318,User1318,61,d20
1319,User1319,23,d40
1320,User1320,33,d30
1321,User1321,23,d10
1322,User1322,27,d30
1323,User1323,63,d40
1324,User1324,65,d20
1325,User1325,38,d40
1326,User1326,24,d30
1327,User1327,18,d10
1328,User1328,46,d30
1329,User1329,35,d30
1330,User1330,26,d10
1331,User1331,29,d10
1332,User1332,46,d40
1333,User1333,24,d40
1334,User1334,23,d10
1335,User1335,53,d30
1336,User1336,56,d10
1337,User1337,42,d30
1338,User1338,36,d10
1339,User1339,42,d40
1340,User1340,64,d10
1341,User1341,54,d20
1342,User1342,61,d20
1343,User1343,28,d40
1344,User1344,35,d20
1345,User1345,35,d30
1346,User1346,27,d40
1347,User1347,28,d10
1348,User1348,35,d40
1349,User1349,37,d40
1350,User1350,22,d40
1351,User1351,34,d30
1352,User1352,64,d20
1353,User1353,56,d40
1354,User1354,47,d20
1355,User1355,26,d10
1356,User1356,18,d30
1357,User1357,39,d40
1358,User1358,39,d40
1359,User1359,39,d40
1360,User1360,59,d40
1361,User1361,37,d20
1362,User1362,56,d30
1363,User1363,48,d20
1364,User1364,29,d30
1365,User1365,38,d40
1366,User1366,65,d30
1367,User1367,54,d40
1368,User1368,38,d20
1369,User1369,35,d40
1370,User1370,41,d40
1371,User1371,54,d10
1372,User1372,55,d20
1373,User1373,61,d20
1374,User1374,64,d10
1375,User1375,63,d40
1376,User1376,46,d20
1377,User1377,62,d30
1378,User1378,44,d10
1379,User1379,26,d40
1380,User1380,33,d30
1381,User1381,60,d30
1382,User1382,63,d20
1383,User1383,42,d40
1384,User1384,46,d10
1385,User1385,55,d40
1386,User1386,52,d40
1387,User1387,52,d40
1388,User1388,41,d10
1389,User1389,24,d10
1390,User1390,60,d20
1391,User1391,28,d30
1392,User1392,54,d10
1393,User1393,39,d40
1394,User1394,24,d40
1395,User1395,24,d10
1396,User1396,32,d30
1397,User1397,46,d20
1398,User1398,43,d30
1399,User1399,61,d40
1400,User1400,40,d20
1401,User1401,48,d10
1402,User1402,36,d10
1403,User1403,23,d40
1404,User1404,64,d10
1405,User1405,40,d20
1406,User1406,39,d30
1407,User1407,31,d40
1408,User1408,40,d40
1409,User1409,24,d40
1410,User1410,64,d40
1411,User1411,38,d40
1412,User1412,37,d10
1413,User1413,63,d10
1414,User1414,19,d10
1415,User1415,59,d30
1416,User1416,61,d10
1417,User1417,65,d20
1418,User1418,51,d20
1419,User1419,53,d20
1420,User1420,39,d20
1421,User1421,47,d40
1422,User1422,43,d20
1423,User1423,29,d20
1424,User1424,43,d40
1425,User1425,65,d10
1426,User1426,46,d20
1427,User1427,42,d40
1428,User1428,63,d10
1429,User1429,31,d20
1430,User1430,63,d30
1431,User1431,54,d10
1432,User1432,52,d10
1433,User1433,41,d20
1434,User1434,30,d30
1435,User1435,25,d40
1436,User1436,60,d30
1437,User1437,51,d40
1438,User1438,56,d30
1439,User1439,57,d40
1440,User1440,55,d40
1441,User1441,40,d10
1442,User1442,47,d30
1443,User1443,61,d20
1444,User1444,57,d30
1445,User1445,61,d10
1446,User1446,38,d20
1447,User1447,33,d10
1448,User1448,25,d30
1449,User1449,41,d20
1450,User1450,50,d20
1451,User1451,44,d40
1452,User1452,54,d20
1453,User1453,45,d40
1454,User1454,49,d20
1455,User1455,53,d20
1456,User1456,49,d20
1457,User1457,26,d30
1458,User1458,38,d20
1459,User1459,57,d40
1460,User1460,40,d10
1461,User1461,49,d10
1462,User1462,30,d20
1463,User1463,53,d40
1464,User1464,44,d40
1465,User1465,44,d40
1466,User1466,49,d40
1467,User1467,23,d20
1468,User1468,32,d10
1469,User1469,20,d30
1470,User1470,32,d30
1471,User1471,28,d30
1472,User1472,54,d40
1473,User1473,53,d40
1474,User1474,54,d10
1475,User1475,35,d10
1476,User1476,52,d30
1477,User1477,64,d10
1478,User1478,52,d40
1479,User1479,45,d20
1480,User1480,65,d10
1481,User1481,37,d20
1482,User1482,46,d10
1483,User1483,40,d30
1484,User1484,46,d10
1485,User1485,33,d10
1486,User1486,65,d20
1487,User1487,63,d30
1488,User1488,28,d40
1489,User1489,31,d20
1490,User1490,21,d20
1491,User1491,52,d30
1492,User1492,56,d30
1493,User1493,38,d20
1494,User1494,36,d30
1495,User1495,50,d30
1496,User1496,26,d10
1497,User1497,21,d40
1498,User1498,59,d30
1499,User1499,62,d20
1500,User1500,33,d20
1501,User1501,63,d20
1502,User1502,33,d30
1503,User1503,49,d40
1504,User1504,54,d20
1505,User1505,58,d30
1506,User1506,42,d40
1507,User1507,22,d40
1508,User1508,43,d10
1509,User1509,62,d30
1510,User1510,47,d30
1511,User1511,38,d40
1512,User1512,64,d10
1513,User1513,64,d10
1514,User1514,58,d40
1515,User1515,22,d30
1516,User1516,31,d40
1517,User1517,31,d40
1518,User1518,35,d40
1519,User1519,36,d30
1520,User1520,53,d30
1521,User1521,54,d20
1522,User1522,39,d40
1523,User1523,20,d10
1524,User1524,58,d10
1525,User1525,19,d40
1526,User1526,28,d10
1527,User1527,47,d40
1528,User1528,45,d10
1529,User1529,62,d20
1530,User1530,59,d20
1531,User1531,28,d30
1532,User1532,23,d30
1533,User1533,34,d30
1534,User1534,41,d10
1535,User1535,21,d20
1536,User1536,58,d40
1537,User1537,64,d30
1538,User1538,45,d20
1539,User1539,63,d10
1540,User1540,18,d10
1541,User1541,48,d20
1542,User1542,26,d10
1543,User1543,51,d20
1544,User1544,18,d40
1545,User1545,62,d10
1546,User1546,25,d30
1547,User1547,62,d40
1548,User1548,48,d20
1549,User1549,32,d10
1550,User1550,23,d40
1551,User1551,24,d10
1552,User1552,41,d30
1553,User1553,26,d30
1554,User1554,26,d40
1555,User1555,22,d20
1556,User1556,57,d10
1557,User1557,46,d20
1558,User1558,64,d30
1559,User1559,58,d20
1560,User1560,44,d20
1561,User1561,31,d40
1562,User1562,24,d10
1563,User1563,25,d20
1564,User1564,40,d40
1565,User1565,38,d40
1566,User1566,33,d20
1567,User1567,59,d30
1568,User1568,33,d10
1569,User1569,62,d30
1570,User1570,60,d10
1571,User1571,31,d30
1572,User1572,65,d20
1573,User1573,36,d40
1574,User1574,33,d10
1575,User1575,42,d40
1576,User1576,33,d10
1577,User1577,58,d40
1578,User1578,51,d10
1579,User1579,41,d10
1580,User1580,26,d30
1581,User1581,54,d40
1582,User1582,41,d40
1583,User1583,48,d20
1584,User1584,19,d10
1585,User1585,18,d10
1586,User1586,31,d30
1587,User1587,21,d10
1588,User1588,50,d40
1589,User1589,58,d30
1590,User1590,45,d40
1591,User1591,23,d40
1592,User1592,35,d20
1593,User1593,37,d10
1594,User1594,50,d10
1595,User1595,27,d20
1596,User1596,43,d30
1597,User1597,37,d10
1598,User1598,64,d40
1599,User1599,21,d20
1600,User1600,23,d20
1601,User1601,25,d40
1602,User1602,57,d40
1603,User1603,37,d10
1604,User1604,25,d20
1605,User1605,63,d10
1606,User1606,62,d20
1607,User1607,28,d10
1608,User1608,40,d40
1609,User1609,28,d30
1610,User1610,26,d30
1611,User1611,64,d30
1612,User1612,19,d10
1613,User1613,45,d30
1614,User1614,51,d30
1615,User1615,34,d10
1616,User1616,49,d10
1617,User1617,50,d40
1618,User1618,21,d30
1619,User1619,54,d40
1620,User1620,41,d20
1621,User1621,34,d20
1622,User1622,54,d10
1623,User1623,32,d10
1624,User1624,20,d10
1625,User1625,33,d10
1626,User1626,48,d10
1627,User1627,42,d30
1628,User1628,29,d20
1629,User1629,53,d10
1630,User1630,32,d40
1631,User1631,33,d30
1632,User1632,64,d40
1633,User1633,35,d30
1634,User1634,54,d10
1635,User1635,25,d30
1636,User1636,29,d10
1637,User1637,51,d20
1638,User1638,43,d10
1639,User1639,47,d10
1640,User1640,37,d30
1641,User1641,23,d30
1642,User1642,18,d40
1643,User1643,30,d30
1644,User1644,54,d30
1645,User1645,65,d30
1646,User1646,47,d20
1647,User1647,55,d30
1648,User1648,30,d40
1649,User1649,27,d20
1650,User1650,44,d10
1651,User1651,32,d10
1652,User1652,58,d30
1653,User1653,39,d10
1654,User1654,60,d10
1655,User1655,65,d40
1656,User1656,24,d30
1657,User1657,51,d20
1658,User1658,44,d20
1659,User1659,21,d40
1660,User1660,63,d20
1661,User1661,23,d30
1662,User1662,32,d10
1663,User1663,62,d40
1664,User1664,47,d30
1665,User1665,55,d10
1666,User1666,50,d10
1667,User1667,58,d20
1668,User1668,22,d40
1669,User1669,45,d10
1670,User1670,33,d20
1671,User1671,34,d30
1672,User1672,43,d30
1673,User1673,38,d30
1674,User1674,35,d40
1675,User1675,22,d20
1676,User1676,26,d20
1677,User1677,27,d10
1678,User1678,28,d10
1679,User1679,47,d40
1680,User1680,44,d30
1681,User1681,52,d10
1682,User1682,31,d30
1683,User1683,37,d40
1684,User1684,34,d40
1685,User1685,23,d10
1686,User1686,61,d20
1687,User1687,63,d30
1688,User1688,31,d10
1689,User1689,27,d30
1690,User1690,63,d10
1691,User1691,40,d20
1692,User1692,50,d40
1693,User1693,61,d10
1694,User1694,34,d30
1695,User1695,19,d20
1696,User1696,46,d40
1697,User1697,24,d20
1698,User1698,24,d40
1699,User1699,25,d20
1700,User1700,21,d10
1701,User1701,26,d20
1702,User1702,43,d20
1703,User1703,61,d30
1704,User1704,55,d10
1705,User1705,22,d30
1706,User1706,22,d10
1707,User1707,59,d20
1708,User1708,26,d40
1709,User1709,39,d10
1710,User1710,20,d10
1711,User1711,21,d40
1712,User1712,54,d20
1713,User1713,64,d40
1714,User1714,49,d40
1715,User1715,42,d10
1716,User1716,29,d40
1717,User1717,31,d30
1718,User1718,35,d20
1719,User1719,46,d30
1720,User1720,20,d20
1721,User1721,59,d20
1722,User1722,49,d30
1723,User1723,53,d40
1724,User1724,21,d40
1725,User1725,35,d10
1726,User1726,26,d40
1727,User1727,30,d40
1728,User1728,58,d20
1729,User1729,42,d10
1730,User1730,48,d30
1731,User1731,40,d40
1732,User1732,42,d30
1733,User1733,29,d30
1734,User1734,38,d10
1735,User1735,19,d20
1736,User1736,21,d30
1737,User1737,51,d40
1738,User1738,55,d30
1739,User1739,28,d20
1740,User1740,33,d10
1741,User1741,35,d20
1742,User1742,32,d10
1743,User1743,40,d40
1744,User1744,29,d20
1745,User1745,55,d20
1746,User1746,65,d30
1747,User1747,55,d30
1748,User1748,63,d10
1749,User1749,54,d30
1750,User1750,54,d20
1751,User1751,49,d20
1752,User1752,29,d30
1753,User1753,20,d40
1754,User1754,21,d10
1755,User1755,56,d20
1756,User1756,19,d20
1757,User1757,18,d40
1758,User1758,57,d30
1759,User1759,26,d20
1760,User1760,63,d30
1761,User1761,38,d20
1762,User1762,19,d10
1763,User1763,55,d20
1764,User1764,25,d20
1765,User1765,22,d30
1766,User1766,63,d30
1767,User1767,55,d40
1768,User1768,39,d10
1769,User1769,38,d30
1770,User1770,28,d20
1771,User1771,58,d40
1772,User1772,59,d40
1773,User1773,29,d30
1774,User1774,32,d30
1775,User1775,42,d20
1776,User1776,64,d30
1777,User1777,26,d30
1778,User1778,64,d20
1779,User1779,62,d10
1780,User1780,54,d40
1781,User1781,29,d10
1782,User1782,57,d30
1783,User1783,58,d20
1784,User1784,49,d10
1785,User1785,39,d20
1786,User1786,33,d10
1787,User1787,38,d30
1788,User1788,58,d20
1789,User1789,63,d10
1790,User1790,46,d30
1791,User1791,34,d10
1792,User1792,33,d20
1793,User1793,40,d10
1794,User1794,24,d30
1795,User1795,21,d10
1796,User1796,46,d40
1797,User1797,28,d40
1798,User1798,49,d40
1799,User1799,40,d40
1800,User1800,24,d40
1801,User1801,54,d40
1802,User1802,28,d20
1803,User1803,22,d40
1804,User1804,36,d10
1805,User1805,38,d10
1806,User1806,24,d30
1807,User1807,39,d10
1808,User1808,42,d20
1809,User1809,64,d20
1810,User1810,53,d10
1811,User1811,39,d10
1812,User1812,63,d40
1813,User1813,45,d10
1814,User1814,56,d20
1815,User1815,28,d40
1816,User1816,24,d10
1817,User1817,31,d30
1818,User1818,44,d20
1819,User1819,60,d30
1820,User1820,37,d30
1821,User1821,24,d20
1822,User1822,43,d10
1823,User1823,27,d40
1824,User1824,41,d10
1825,User1825,45,d10
1826,User1826,36,d10
1827,User1827,30,d40
1828,User1828,19,d10
1829,User1829,28,d20
1830,User1830,23,d30
1831,User1831,25,d40
1832,User1832,43,d30
1833,User1833,49,d40
1834,User1834,23,d30
1835,User1835,29,d40
1836,User1836,42,d30
1837,User1837,29,d30
1838,User1838,20,d40
1839,User1839,46,d30
1840,User1840,34,d40
1841,User1841,35,d20
1842,User1842,27,d10
1843,User1843,23,d10
1844,User1844,52,d30
1845,User1845,55,d40
1846,User1846,53,d20
1847,User1847,42,d10
1848,User1848,52,d40
1849,User1849,54,d40
1850,User1850,48,d20
1851,User1851,23,d30
1852,User1852,63,d40
1853,User1853,50,d10
1854,User1854,25,d20
1855,User1855,29,d40
1856,User1856,31,d20
1857,User1857,26,d20
1858,User1858,45,d10
1859,User1859,61,d10
1860,User1860,30,d40
1861,User1861,56,d20
1862,User1862,38,d30
1863,User1863,23,d10
1864,User1864,53,d40
1865,User1865,53,d40
1866,User1866,35,d30
1867,User1867,18,d40
1868,User1868,25,d40
1869,User1869,27,d40
1870,User1870,54,d20
1871,User1871,24,d10
1872,User1872,36,d10
1873,User1873,44,d30
1874,User1874,42,d30
1875,User1875,54,d40
1876,User1876,20,d40
1877,User1877,35,d20
1878,User1878,27,d40
1879,User1879,20,d40
1880,User1880,39,d40
1881,User1881,21,d20
1882,User1882,35,d40
1883,User1883,19,d30
1884,User1884,37,d30
1885,User1885,35,d30
1886,User1886,62,d40
1887,User1887,32,d10
1888,User1888,37,d20
1889,User1889,38,d40
1890,User1890,64,d30
1891,User1891,56,d40
1892,User1892,30,d10
1893,User1893,31,d40
1894,User1894,65,d40
1895,User1895,51,d40
1896,User1896,21,d30
1897,User1897,22,d20
1898,User1898,63,d30
1899,User1899,26,d40
1900,User1900,29,d10
1901,User1901,30,d20
1902,User1902,33,d10
1903,User1903,47,d10
1904,User1904,41,d10
1905,User1905,35,d20
1906,User1906,47,d30
1907,User1907,58,d40
1908,User1908,61,d10
1909,User1909,33,d10
1910,User1910,49,d30
1911,User1911,29,d40
1912,User1912,55,d40
1913,User1913,40,d30
1914,User1914,34,d20
1915,User1915,36,d10
1916,User1916,42,d10
1917,User1917,28,d10
1918,User1918,32,d20
1919,User1919,61,d20
1920,User1920,35,d20
1921,User1921,50,d40
1922,User1922,61,d10
1923,User1923,48,d10
1924,User1924,59,d20
1925,User1925,56,d20
1926,User1926,32,d10
1927,User1927,56,d30
1928,User1928,63,d30
1929,User1929,45,d30
1930,User1930,40,d40
1931,User1931,34,d40
1932,User1932,47,d20
1933,User1933,61,d30
1934,User1934,55,d40
1935,User1935,18,d10
1936,User1936,53,d30
1937,User1937,37,d30
1938,User1938,48,d10
1939,User1939,39,d10
1940,User1940,58,d30
1941,User1941,35,d30
1942,User1942,59,d30
1943,User1943,30,d30
1944,User1944,51,d20
1945,User1945,21,d20
1946,User1946,60,d40
1947,User1947,61,d30
1948,User1948,64,d20
1949,User1949,59,d10
1950,User1950,36,d40
1951,User1951,44,d30
1952,User1952,42,d40
1953,User1953,55,d10
1954,User1954,39,d20
1955,User1955,61,d20
1956,User1956,60,d40
1957,User1957,50,d30
1958,User1958,28,d30
1959,User1959,36,d20
1960,User1960,48,d10
1961,User1961,65,d20
1962,User1962,64,d30
1963,User1963,61,d20
1964,User1964,59,d30
1965,User1965,32,d10
1966,User1966,32,d30
1967,User1967,44,d30
1968,User1968,41,d30
1969,User1969,55,d30
1970,User1970,47,d30
1971,User1971,48,d10
1972,User1972,58,d10
1973,User1973,48,d10
1974,User1974,50,d20
1975,User1975,61,d10
1976,User1976,51,d40
1977,User1977,44,d30
1978,User1978,27,d10
1979,User1979,30,d20
1980,User1980,44,d30
1981,User1981,27,d40
1982,User1982,63,d30
1983,User1983,23,d20
1984,User1984,39,d40
1985,User1985,38,d20
1986,User1986,18,d10
1987,User1987,35,d40
1988,User1988,28,d20
1989,User1989,49,d20
1990,User1990,26,d10
1991,User1991,58,d40
1992,User1992,43,d40
1993,User1993,48,d40
1994,User1994,18,d40
1995,User1995,52,d10
1996,User1996,64,d20
1997,User1997,18,d30
1998,User1998,51,d30
1999,User1999,19,d20
2000,User2000,58,d10
2001,User2001,32,d20
2002,User2002,37,d30
2003,User2003,24,d20
2004,User2004,50,d40
2005,User2005,28,d30
2006,User2006,20,d10
2007,User2007,36,d30
2008,User2008,64,d40
2009,User2009,45,d30
2010,User2010,39,d20
2011,User2011,40,d40
2012,User2012,28,d20
2013,User2013,19,d40
2014,User2014,32,d20
2015,User2015,31,d20
2016,User2016,55,d10
2017,User2017,25,d20
2018,User2018,63,d30
2019,User2019,42,d10
2020,User2020,52,d30
2021,User2021,56,d10
2022,User2022,60,d10
2023,User2023,59,d10
2024,User2024,21,d10
2025,User2025,44,d10
2026,User2026,42,d40
2027,User2027,53,d10
2028,User2028,48,d30
2029,User2029,31,d20
2030,User2030,37,d10
2031,User2031,60,d40
2032,User2032,60,d10
2033,User2033,57,d30
2034,User2034,44,d20
2035,User2035,50,d10
2036,User2036,36,d10
2037,User2037,24,d10
2038,User2038,30,d40
2039,User2039,34,d20
2040,User2040,40,d20
2041,User2041,36,d40
2042,User2042,20,d20
2043,User2043,31,d40
2044,User2044,39,d40
2045,User2045,18,d20
2046,User2046,60,d10
2047,User2047,25,d10
2048,User2048,27,d40
2049,User2049,50,d10
2050,User2050,64,d10
2051,User2051,34,d10
2052,User2052,47,d20
2053,User2053,34,d30
2054,User2054,21,d40
2055,User2055,29,d10
2056,User2056,36,d10
2057,User2057,61,d30
2058,User2058,45,d30
2059,User2059,24,d10
2060,User2060,18,d10
2061,User2061,60,d20
2062,User2062,39,d20
2063,User2063,46,d30
2064,User2064,64,d30
2065,User2065,41,d10
2066,User2066,29,d30
2067,User2067,43,d10
2068,User2068,47,d40
2069,User2069,42,d30
2070,User2070,44,d40
2071,User2071,25,d20
2072,User2072,62,d20
2073,User2073,28,d10
2074,User2074,44,d10
2075,User2075,54,d40
2076,User2076,29,d40
2077,User2077,40,d40
2078,User2078,61,d10
2079,User2079,48,d20
2080,User2080,25,d40
2081,User2081,46,d40
2082,User2082,22,d10
2083,User2083,59,d30
2084,User2084,18,d30
2085,User2085,60,d20
2086,User2086,51,d30
2087,User2087,45,d10
2088,User2088,48,d20
2089,User2089,60,d30
2090,User2090,27,d40
2091,User2091,18,d10
2092,User2092,50,d20
2093,User2093,49,d40
2094,User2094,22,d20
2095,User2095,38,d40
2096,User2096,39,d20
2097,User2097,21,d30
2098,User2098,53,d20
2099,User2099,43,d40
2100,User2100,23,d20
2101,User2101,46,d40
2102,User2102,23,d40
2103,User2103,46,d40
2104,User2104,25,d30
2105,User2105,65,d40
2106,User2106,24,d10
2107,User2107,44,d40
2108,User2108,53,d10
2109,User2109,23,d10
2110,User2110,50,d30
2111,User2111,59,d20
2112,User2112,39,d40
2113,User2113,21,d30
2114,User2114,47,d20
2115,User2115,53,d30
2116,User2116,63,d40
2117,User2117,63,d30
2118,User2118,25,d40
2119,User2119,60,d10
2120,User2120,18,d20
2121,User2121,40,d30
2122,User2122,53,d30
2123,User2123,62,d30
2124,User2124,20,d10
2125,User2125,49,d20
2126,User2126,63,d20
2127,User2127,24,d40
2128,User2128,57,d30
2129,User2129,30,d20
2130,User2130,43,d10
2131,User2131,47,d20
2132,User2132,63,d20
2133,User2133,24,d30
2134,User2134,20,d40
2135,User2135,46,d10
2136,User2136,60,d40
2137,User2137,49,d20
2138,User2138,51,d10
2139,User2139,53,d10
2140,User2140,55,d40
2141,User2141,50,d40
2142,User2142,62,d20
2143,User2143,64,d20
2144,User2144,24,d20
2145,User2145,60,d40
2146,User2146,50,d30
2147,User2147,44,d40
2148,User2148,35,d20
2149,User2149,39,d40
2150,User2150,46,d30
2151,User2151,26,d20
2152,User2152,56,d40
2153,User2153,62,d30
2154,User2154,63,d30
2155,User2155,30,d20
2156,User2156,57,d20
2157,User2157,61,d30
2158,User2158,61,d30
2159,User2159,63,d20
2160,User2160,50,d20
2161,User2161,63,d30
2162,User2162,40,d10
2163,User2163,55,d40
2164,User2164,61,d40
2165,User2165,45,d30
2166,User2166,51,d10
2167,User2167,19,d10
2168,User2168,27,d40
2169,User2169,60,d10
2170,User2170,30,d10
2171,User2171,28,d30
2172,User2172,61,d30
2173,User2173,27,d30
2174,User2174,62,d10
2175,User2175,31,d30
2176,User2176,40,d10
2177,User2177,24,d40
2178,User2178,65,d20
2179,User2179,33,d40
2180,User2180,62,d30
2181,User2181,42,d10
2182,User2182,44,d40
2183,User2183,53,d30
2184,User2184,18,d10
2185,User2185,30,d30
2186,User2186,32,d40
2187,User2187,55,d30
2188,User2188,64,d20
2189,User2189,36,d20
2190,User2190,29,d40
2191,User2191,29,d10
2192,User2192,65,d20
2193,User2193,42,d10
2194,User2194,45,d10
2195,User2195,53,d30
2196,User2196,26,d30
2197,User2197,55,d20
2198,User2198,18,d30
2199,User2199,47,d30
2200,User2200,20,d20
2201,User2201,38,d20
2202,User2202,58,d10
2203,User2203,49,d30
2204,User2204,22,d30
2205,User2205,51,d30
2206,User2206,29,d20
2207,User2207,50,d10
2208,User2208,44,d20
2209,User2209,23,d40
2210,User2210,32,d30
2211,User2211,60,d20
2212,User2212,39,d30
2213,User2213,36,d30
2214,User2214,57,d20
2215,User2215,53,d40
2216,User2216,25,d10
2217,User2217,46,d30
2218,User2218,59,d20
2219,User2219,20,d20
2220,User2220,42,d30
2221,User2221,42,d10
2222,User2222,52,d30
2223,User2223,19,d30
2224,User2224,50,d30
2225,User2225,49,d40
2226,User2226,36,d10
2227,User2227,38,d20
2228,User2228,24,d10
2229,User2229,52,d20
2230,User2230,58,d10
2231,User2231,31,d10
2232,User2232,61,d20
2233,User2233,24,d40
2234,User2234,52,d20
2235,User2235,59,d40
2236,User2236,65,d10
2237,User2237,19,d20
2238,User2238,63,d40
2239,User2239,20,d30
2240,User2240,22,d10
2241,User2241,29,d10
2242,User2242,53,d30
2243,User2243,54,d10
2244,User2244,34,d20
2245,User2245,42,d40
2246,User2246,58,d40
2247,User2247,45,d40
2248,User2248,19,d30
2249,User2249,61,d40
2250,User2250,52,d10
2251,User2251,59,d10
2252,User2252,65,d10
2253,User2253,62,d10
2254,User2254,40,d10
2255,User2255,36,d10
2256,User2256,56,d30
2257,User2257,36,d10
2258,User2258,42,d40
2259,User2259,60,d40
2260,User2260,48,d10
2261,User2261,52,d20
2262,User2262,26,d20
2263,User2263,52,d40
2264,User2264,58,d30
2265,User2265,37,d20
2266,User2266,18,d30
2267,User2267,25,d20
2268,User2268,18,d10
2269,User2269,52,d40
2270,User2270,37,d10
2271,User2271,65,d20
2272,User2272,31,d30
2273,User2273,59,d40
2274,User2274,28,d20
2275,User2275,32,d20
2276,User2276,30,d30
2277,User2277,29,d10
2278,User2278,53,d10
2279,User2279,59,d40
2280,User2280,36,d10
2281,User2281,34,d10
2282,User2282,30,d10
2283,User2283,39,d40
2284,User2284,26,d30
2285,User2285,24,d20
2286,User2286,57,d30
2287,User2287,30,d10
2288,User2288,49,d30
2289,User2289,39,d40
2290,User2290,62,d30
2291,User2291,54,d20
2292,User2292,38,d30
2293,User2293,28,d40
2294,User2294,38,d10
2295,User2295,32,d20
2296,User2296,35,d40
2297,User2297,26,d30
2298,User2298,48,d30
2299,User2299,46,d40
2300,User2300,37,d30
2301,User2301,53,d40
2302,User2302,29,d10
2303,User2303,35,d10
2304,User2304,52,d20
2305,User2305,34,d20
2306,User2306,64,d10
2307,User2307,19,d10
2308,User2308,55,d10
2309,User2309,55,d40
2310,User2310,20,d20
2311,User2311,52,d30
2312,User2312,59,d40
2313,User2313,41,d20
2314,User2314,32,d40
2315,User2315,26,d30
2316,User2316,50,d40
2317,User2317,43,d10
2318,User2318,50,d30
2319,User2319,60,d10
2320,User2320,57,d20
2321,User2321,50,d20
2322,User2322,46,d20
2323,User2323,29,d20
2324,User2324,65,d20
2325,User2325,40,d40
2326,User2326,32,d10
2327,User2327,32,d40
2328,User2328,34,d10
2329,User2329,32,d30
2330,User2330,60,d10
2331,User2331,51,d20
2332,User2332,42,d30
2333,User2333,47,d40
2334,User2334,20,d10
2335,User2335,24,d30
2336,User2336,65,d30
2337,User2337,55,d30
2338,User2338,42,d20
2339,User2339,41,d40
2340,User2340,51,d10
2341,User2341,42,d30
2342,User2342,51,d20
2343,User2343,40,d40
2344,User2344,49,d30
2345,User2345,56,d40
2346,User2346,50,d10
2347,User2347,46,d20
2348,User2348,32,d20
2349,User2349,50,d10
2350,User2350,31,d30
2351,User2351,29,d20
2352,User2352,41,d20
2353,User2353,60,d10
2354,User2354,44,d20
2355,User2355,64,d30
2356,User2356,48,d10
2357,User2357,48,d40
2358,User2358,55,d20
2359,User2359,59,d20
2360,User2360,19,d40
2361,User2361,20,d20
2362,User2362,54,d20
2363,User2363,26,d20
2364,User2364,54,d10
2365,User2365,21,d20
2366,User2366,34,d20
2367,User2367,51,d20
2368,User2368,56,d40
2369,User2369,64,d10
2370,User2370,23,d30
2371,User2371,46,d20
2372,User2372,48,d40
2373,User2373,32,d20
2374,User2374,56,d40
2375,User2375,55,d20
2376,User2376,57,d20
2377,User2377,28,d30
2378,User2378,47,d30
2379,User2379,32,d10
2380,User2380,42,d40
2381,User2381,24,d20
2382,User2382,30,d10
2383,User2383,27,d40
2384,User2384,29,d10
2385,User2385,57,d40
2386,User2386,52,d10
2387,User2387,23,d10
2388,User2388,60,d40
2389,User2389,56,d20
2390,User2390,61,d10
2391,User2391,51,d40
2392,User2392,41,d40
2393,User2393,62,d10
2394,User2394,32,d40
2395,User2395,42,d40
2396,User2396,55,d30
2397,User2397,45,d10
2398,User2398,34,d20
2399,User2399,32,d40
2400,User2400,36,d10
2401,User2401,34,d40
2402,User2402,18,d20
2403,User2403,54,d10
2404,User2404,51,d10
2405,User2405,42,d10
2406,User2406,62,d20
2407,User2407,44,d30
2408,User2408,24,d30
2409,User2409,45,d20
2410,User2410,34,d30
2411,User2411,54,d40
2412,User2412,57,d30
2413,User2413,61,d30
2414,User2414,31,d40
2415,User2415,53,d40
2416,User2416,29,d40
2417,User2417,53,d30
2418,User2418,34,d40
2419,User2419,54,d30
2420,User2420,63,d30
2421,User2421,65,d40
2422,User2422,60,d20
2423,User2423,65,d10
2424,User2424,46,d20
2425,User2425,24,d20
2426,User2426,50,d20
2427,User2427,39,d40
2428,User2428,28,d10
2429,User2429,58,d40
2430,User2430,23,d10
2431,User2431,48,d20
2432,User2432,23,d40
2433,User2433,34,d10
2434,User2434,41,d20
2435,User2435,56,d10
2436,User2436,64,d10
2437,User2437,43,d40
2438,User2438,63,d30
2439,User2439,29,d10
2440,User2440,46,d40
2441,User2441,30,d10
2442,User2442,30,d30
2443,User2443,56,d10
2444,User2444,57,d20
2445,User2445,61,d20
2446,User2446,41,d10
2447,User2447,59,d20
2448,User2448,28,d10
2449,User2449,35,d10
2450,User2450,40,d40
2451,User2451,43,d40
2452,User2452,51,d20
2453,User2453,65,d10
2454,User2454,23,d10
2455,User2455,64,d30
2456,User2456,40,d30
2457,User2457,32,d30
2458,User2458,47,d20
2459,User2459,54,d40
2460,User2460,34,d10
2461,User2461,44,d20
2462,User2462,53,d10
2463,User2463,50,d10
2464,User2464,39,d30
2465,User2465,50,d10
2466,User2466,52,d30
2467,User2467,62,d30
2468,User2468,42,d40
2469,User2469,33,d40
2470,User2470,47,d30
2471,User2471,55,d40
2472,User2472,48,d10
2473,User2473,34,d10
2474,User2474,42,d10
2475,User2475,61,d20
2476,User2476,38,d20
2477,User2477,40,d40
2478,User2478,62,d10
2479,User2479,33,d30
2480,User2480,23,d30
2481,User2481,61,d40
2482,User2482,22,d30
2483,User2483,48,d20
2484,User2484,40,d30
2485,User2485,54,d20
2486,User2486,29,d30
2487,User2487,49,d20
2488,User2488,33,d20
2489,User2489,34,d20
2490,User2490,32,d20
2491,User2491,33,d20
2492,User2492,27,d30
2493,User2493,25,d10
2494,User2494,61,d10
2495,User2495,57,d40
2496,User2496,52,d10
2497,User2497,48,d10
2498,User2498,57,d30
2499,User2499,49,d30
2500,User2500,49,d30
2501,User2501,50,d20
2502,User2502,43,d30
2503,User2503,54,d20
2504,User2504,21,d20
2505,User2505,48,d40
2506,User2506,50,d10
2507,User2507,43,d30
2508,User2508,47,d20
2509,User2509,62,d10
2510,User2510,38,d40
2511,User2511,18,d10
2512,User2512,42,d20
2513,User2513,38,d10
2514,User2514,57,d30
2515,User2515,29,d30
2516,User2516,33,d30
2517,User2517,48,d30
2518,User2518,41,d30
2519,User2519,49,d20
2520,User2520,31,d40
2521,User2521,62,d40
2522,User2522,41,d30
2523,User2523,35,d40
2524,User2524,29,d40
2525,User2525,54,d20
2526,User2526,24,d20
2527,User2527,33,d30
2528,User2528,42,d40
2529,User2529,27,d20
2530,User2530,48,d20
2531,User2531,29,d10
2532,User2532,49,d40
2533,User2533,58,d20
2534,User2534,49,d30
2535,User2535,34,d30
2536,User2536,43,d10
2537,User2537,62,d10
2538,User2538,21,d20
2539,User2539,34,d20
2540,User2540,58,d40
2541,User2541,46,d10
2542,User2542,34,d30
2543,User2543,41,d30
2544,User2544,40,d30
2545,User2545,44,d10
2546,User2546,40,d10
2547,User2547,54,d20
2548,User2548,36,d20
2549,User2549,38,d30
2550,User2550,65,d40
2551,User2551,23,d40
2552,User2552,57,d40
2553,User2553,47,d30
2554,User2554,28,d20
2555,User2555,44,d30
2556,User2556,22,d40
2557,User2557,28,d10
2558,User2558,32,d30
2559,User2559,38,d30
2560,User2560,63,d30
2561,User2561,56,d30
2562,User2562,35,d40
2563,User2563,41,d40
2564,User2564,44,d40
2565,User2565,29,d20
2566,User2566,26,d10
2567,User2567,60,d20
2568,User2568,65,d30
2569,User2569,31,d10
2570,User2570,43,d20
2571,User2571,24,d10
2572,User2572,48,d10
2573,User2573,19,d10
2574,User2574,51,d40
2575,User2575,24,d10
2576,User2576,57,d30
2577,User2577,23,d20
2578,User2578,37,d40
2579,User2579,33,d20
2580,User2580,46,d30
2581,User2581,26,d20
2582,User2582,19,d20
2583,User2583,60,d10
2584,User2584,38,d30
2585,User2585,47,d40
2586,User2586,53,d30
2587,User2587,26,d40
2588,User2588,55,d20
2589,User2589,58,d40
2590,User2590,51,d40
2591,User2591,40,d30
2592,User2592,52,d40
2593,User2593,23,d20
2594,User2594,37,d40
2595,User2595,44,d30
2596,User2596,27,d30
2597,User2597,18,d30
2598,User2598,51,d10
2599,User2599,40,d20
2600,User2600,48,d30
2601,User2601,62,d10
2602,User2602,48,d40
2603,User2603,18,d30
2604,User2604,36,d40
2605,User2605,18,d20
2606,User2606,30,d30
2607,User2607,53,d40
2608,User2608,43,d40
2609,User2609,28,d20
2610,User2610,42,d40
2611,User2611,34,d20
2612,User2612,45,d10
2613,User2613,51,d20
2614,User2614,36,d30
2615,User2615,44,d30
2616,User2616,22,d20
2617,User2617,26,d20
2618,User2618,25,d30
2619,User2619,57,d40
2620,User2620,35,d40
2621,User2621,30,d40
2622,User2622,19,d30
2623,User2623,21,d20
2624,User2624,29,d10
2625,User2625,36,d10
2626,User2626,26,d30
2627,User2627,64,d40
2628,User2628,32,d10
2629,User2629,27,d10
2630,User2630,49,d10
2631,User2631,39,d20
2632,User2632,37,d40
2633,User2633,41,d40
2634,User2634,62,d40
2635,User2635,39,d10
2636,User2636,27,d10
2637,User2637,35,d10
2638,User2638,22,d40
2639,User2639,29,d40
2640,User2640,34,d20
2641,User2641,18,d40
2642,User2642,63,d10
2643,User2643,42,d20
2644,User2644,33,d40
2645,User2645,30,d10
2646,User2646,65,d40
2647,User2647,51,d10
2648,User2648,48,d20
2649,User2649,61,d40
2650,User2650,38,d30
2651,User2651,58,d20
2652,User2652,65,d10
2653,User2653,34,d10
2654,User2654,58,d40
2655,User2655,30,d30
2656,User2656,21,d30
2657,User2657,25,d20
2658,User2658,58,d20
2659,User2659,38,d40
2660,User2660,28,d10
2661,User2661,55,d30
2662,User2662,43,d10
2663,User2663,18,d20
2664,User2664,55,d10
2665,User2665,62,d40
2666,User2666,41,d20
2667,User2667,33,d10
2668,User2668,49,d20
2669,User2669,61,d10
2670,User2670,58,d30
2671,User2671,21,d10
2672,User2672,59,d30
2673,User2673,62,d20
2674,User2674,26,d10
2675,User2675,32,d40
2676,User2676,53,d30
2677,User2677,46,d30
2678,User2678,19,d20
2679,User2679,40,d40
2680,User2680,34,d20
2681,User2681,49,d10
2682,User2682,53,d40
2683,User2683,52,d30
2684,User2684,30,d40
2685,User2685,52,d20
2686,User2686,38,d30
2687,User2687,35,d40
2688,User2688,22,d20
2689,User2689,46,d20
2690,User2690,34,d30
2691,User2691,47,d30
2692,User2692,58,d10
2693,User2693,64,d40
2694,User2694,19,d20
2695,User2695,57,d30
2696,User2696,38,d20
2697,User2697,60,d10
2698,User2698,30,d40
2699,User2699,53,d40
2700,User2700,57,d20
2701,User2701,38,d30
2702,User2702,59,d40
2703,User2703,25,d30
2704,User2704,51,d10
2705,User2705,20,d10
2706,User2706,29,d20
2707,User2707,30,d10
2708,User2708,49,d10
2709,User2709,24,d20
2710,User2710,54,d10
2711,User2711,60,d40
2712,User2712,51,d40
2713,User2713,21,d30
2714,User2714,32,d30
2715,User2715,18,d10
2716,User2716,59,d20
2717,User2717,23,d40
2718,User2718,58,d40
2719,User2719,41,d10
2720,User2720,41,d40
2721,User2721,57,d10
2722,User2722,51,d30
2723,User2723,64,d10
2724,User2724,37,d10
2725,User2725,31,d10
2726,User2726,24,d10
2727,User2727,52,d20
2728,User2728,30,d40
2729,User2729,51,d20
2730,User2730,54,d20
2731,User2731,53,d20
2732,User2732,65,d40
2733,User2733,58,d10
2734,User2734,61,d30
2735,User2735,62,d40
2736,User2736,24,d40
2737,User2737,29,d20
2738,User2738,50,d40
2739,User2739,60,d30
2740,User2740,52,d20
2741,User2741,40,d40
2742,User2742,53,d30
2743,User2743,41,d30
2744,User2744,58,d40
2745,User2745,64,d40
2746,User2746,56,d30
2747,User2747,54,d20
2748,User2748,42,d20
2749,User2749,41,d30
2750,User2750,46,d40
2751,User2751,18,d40
2752,User2752,36,d10
2753,User2753,51,d10
2754,User2754,37,d20
2755,User2755,37,d10
2756,User2756,31,d20
2757,User2757,19,d30
2758,User2758,53,d30
2759,User2759,24,d20
2760,User2760,47,d10
2761,User2761,27,d30
2762,User2762,34,d20
2763,User2763,55,d30
2764,User2764,32,d20
2765,User2765,37,d30
2766,User2766,54,d10
2767,User2767,54,d40
2768,User2768,64,d20
2769,User2769,64,d10
2770,User2770,48,d30
2771,User2771,49,d20
2772,User2772,56,d10
2773,User2773,20,d30
2774,User2774,23,d40
2775,User2775,39,d10
2776,User2776,45,d30
2777,User2777,25,d40
2778,User2778,65,d20
2779,User2779,58,d10
2780,User2780,21,d40
2781,User2781,51,d30
2782,User2782,38,d10
2783,User2783,38,d20
2784,User2784,27,d20
2785,User2785,61,d10
2786,User2786,46,d40
2787,User2787,32,d10
2788,User2788,36,d40
2789,User2789,27,d40
2790,User2790,39,d20
2791,User2791,48,d10
2792,User2792,53,d10
2793,User2793,34,d40
2794,User2794,43,d10
2795,User2795,62,d40
2796,User2796,26,d20
2797,User2797,53,d40
2798,User2798,49,d20
2799,User2799,59,d40
2800,User2800,53,d20
2801,User2801,33,d20
2802,User2802,35,d10
2803,User2803,38,d40
2804,User2804,25,d10
2805,User2805,45,d40
2806,User2806,40,d30
2807,User2807,38,d20
2808,User2808,56,d30
2809,User2809,37,d10
2810,User2810,40,d20
2811,User2811,57,d40
2812,User2812,46,d20
2813,User2813,32,d10
2814,User2814,61,d20
2815,User2815,27,d30
2816,User2816,25,d10
2817,User2817,33,d10
2818,User2818,36,d20
2819,User2819,39,d10
2820,User2820,37,d10
2821,User2821,48,d40
2822,User2822,39,d10
2823,User2823,65,d20
2824,User2824,31,d20
2825,User2825,53,d30
2826,User2826,57,d40
2827,User2827,62,d20
2828,User2828,42,d10
2829,User2829,34,d10
2830,User2830,21,d20
2831,User2831,30,d30
2832,User2832,21,d30
2833,User2833,59,d40
2834,User2834,22,d10
2835,User2835,60,d40
2836,User2836,60,d30
2837,User2837,24,d30
2838,User2838,36,d10
2839,User2839,32,d40
2840,User2840,50,d40
2841,User2841,38,d10
2842,User2842,56,d40
2843,User2843,29,d10
2844,User2844,50,d20
2845,User2845,53,d40
2846,User2846,20,d10
2847,User2847,51,d20
2848,User2848,39,d30
2849,User2849,43,d40
2850,User2850,19,d20
2851,User2851,61,d30
2852,User2852,40,d30
2853,User2853,33,d30
2854,User2854,21,d30
2855,User2855,42,d30
2856,User2856,53,d10
2857,User2857,32,d30
2858,User2858,39,d20
2859,User2859,60,d40
2860,User2860,23,d20
2861,User2861,51,d40
2862,User2862,44,d20
2863,User2863,54,d20
2864,User2864,45,d20
2865,User2865,56,d30
2866,User2866,46,d30
2867,User2867,31,d20
2868,User2868,55,d20
2869,User2869,26,d20
2870,User2870,62,d30
2871,User2871,45,d20
2872,User2872,59,d20
2873,User2873,38,d20
2874,User2874,53,d10
2875,User2875,29,d10
2876,User2876,27,d30
2877,User2877,38,d10
2878,User2878,44,d40
2879,User2879,46,d30
2880,User2880,27,d30
2881,User2881,24,d20
2882,User2882,29,d20
2883,User2883,57,d10
2884,User2884,56,d30
2885,User2885,56,d20
2886,User2886,32,d20
2887,User2887,40,d10
2888,User2888,62,d10
2889,User2889,26,d40
2890,User2890,63,d40
2891,User2891,29,d30
2892,User2892,49,d40
2893,User2893,26,d40
2894,User2894,30,d20
2895,User2895,20,d20
2896,User2896,18,d40
2897,User2897,44,d30
2898,User2898,65,d20
2899,User2899,31,d20
2900,User2900,29,d10
2901,User2901,57,d40
2902,User2902,62,d40
2903,User2903,47,d30
2904,User2904,45,d20
2905,User2905,20,d40
2906,User2906,64,d40
2907,User2907,43,d30
2908,User2908,51,d10
2909,User2909,46,d10
2910,User2910,20,d40
2911,User2911,51,d20
2912,User2912,65,d40
2913,User2913,53,d10
2914,User2914,51,d40
2915,User2915,30,d10
2916,User2916,46,d30
2917,User2917,37,d40
2918,User2918,47,d30
2919,User2919,45,d20
2920,User2920,57,d30
2921,User2921,62,d10
2922,User2922,47,d20
2923,User2923,23,d40
2924,User2924,29,d10
2925,User2925,43,d20
2926,User2926,38,d40
2927,User2927,19,d40
2928,User2928,47,d20
2929,User2929,47,d20
2930,User2930,34,d10
2931,User2931,62,d30
2932,User2932,63,d20
2933,User2933,23,d10
2934,User2934,63,d10
2935,User2935,58,d40
2936,User2936,23,d30
2937,User2937,64,d40
2938,User2938,42,d20
2939,User2939,20,d40
2940,User2940,39,d20
2941,User2941,28,d20
2942,User2942,29,d20
2943,User2943,44,d10
2944,User2944,37,d30
2945,User2945,36,d40
2946,User2946,25,d20
2947,User2947,30,d20
2948,User2948,57,d10
2949,User2949,18,d30
2950,User2950,49,d40
2951,User2951,52,d40
2952,User2952,56,d10
2953,User2953,33,d40
2954,User2954,55,d20
2955,User2955,47,d40
2956,User2956,46,d40
2957,User2957,56,d10
2958,User2958,33,d10
2959,User2959,57,d30
2960,User2960,21,d20
2961,User2961,27,d20
2962,User2962,59,d10
2963,User2963,20,d30
2964,User2964,20,d20
2965,User2965,39,d30
2966,User2966,21,d10
2967,User2967,44,d10
2968,User2968,28,d20
2969,User2969,57,d30
2970,User2970,47,d20
2971,User2971,20,d30
2972,User2972,37,d10
2973,User2973,41,d30
2974,User2974,22,d40
2975,User2975,53,d40
2976,User2976,36,d10
2977,User2977,26,d40
2978,User2978,62,d10
2979,User2979,39,d30
2980,User2980,51,d40
2981,User2981,62,d20
2982,User2982,57,d20
2983,User2983,24,d10
2984,User2984,48,d10
2985,User2985,45,d30
2986,User2986,34,d30
2987,User2987,26,d30
2988,User2988,51,d40
2989,User2989,49,d40
2990,User2990,57,d20
2991,User2991,63,d20
2992,User2992,30,d30
2993,User2993,25,d10
2994,User2994,47,d10
2995,User2995,65,d10
2996,User2996,57,d20
2997,User2997,44,d40
2998,User2998,39,d10
2999,User2999,53,d30
3000,User3000,18,d20
3001,User3001,62,d20
3002,User3002,34,d30
3003,User3003,37,d10
3004,User3004,50,d30
3005,User3005,18,d30
3006,User3006,61,d10
3007,User3007,39,d30
3008,User3008,64,d40
3009,User3009,29,d10
3010,User3010,39,d20
3011,User3011,61,d30
3012,User3012,48,d40
3013,User3013,59,d10
3014,User3014,48,d20
3015,User3015,58,d20
3016,User3016,52,d40
3017,User3017,47,d30
3018,User3018,65,d40
3019,User3019,51,d10
3020,User3020,54,d30
3021,User3021,53,d30
3022,User3022,31,d10
3023,User3023,40,d30
3024,User3024,27,d10
3025,User3025,19,d30
3026,User3026,42,d30
3027,User3027,54,d20
3028,User3028,29,d40
3029,User3029,37,d10
3030,User3030,63,d30
3031,User3031,35,d10
3032,User3032,23,d40
3033,User3033,33,d40
3034,User3034,46,d30
3035,User3035,31,d30
3036,User3036,29,d30
3037,User3037,41,d10
3038,User3038,30,d10
3039,User3039,46,d10
3040,User3040,48,d10
3041,User3041,30,d20
3042,User3042,48,d30
3043,User3043,38,d30
3044,User3044,24,d20
3045,User3045,31,d20
3046,User3046,47,d10
3047,User3047,63,d40
3048,User3048,18,d10
3049,User3049,20,d30
3050,User3050,39,d10
3051,User3051,20,d40
3052,User3052,51,d10
3053,User3053,19,d30
3054,User3054,58,d30
3055,User3055,38,d20
3056,User3056,30,d20
3057,User3057,35,d30
3058,User3058,46,d30
3059,User3059,35,d10
3060,User3060,28,d20
3061,User3061,25,d30
3062,User3062,57,d10
3063,User3063,31,d10
3064,User3064,53,d30
3065,User3065,35,d30
3066,User3066,63,d20
3067,User3067,54,d30
3068,User3068,28,d20
3069,User3069,37,d10
3070,User3070,52,d30
3071,User3071,21,d40
3072,User3072,19,d20
3073,User3073,61,d40
3074,User3074,24,d10
3075,User3075,21,d40
3076,User3076,45,d10
3077,User3077,29,d40
3078,User3078,57,d40
3079,User3079,37,d30
3080,User3080,30,d30
3081,User3081,47,d10
3082,User3082,23,d20
3083,User3083,24,d40
3084,User3084,37,d40
3085,User3085,48,d40
3086,User3086,32,d20
3087,User3087,57,d20
3088,User3088,41,d30
3089,User3089,29,d40
3090,User3090,38,d30
3091,User3091,49,d40
3092,User3092,22,d10
3093,User3093,25,d40
3094,User3094,48,d30
3095,User3095,28,d40
3096,User3096,40,d30
3097,User3097,50,d20
3098,User3098,43,d10
3099,User3099,38,d10
3100,User3100,37,d10
3101,User3101,43,d40
3102,User3102,33,d40
3103,User3103,53,d20
3104,User3104,48,d20
3105,User3105,22,d40
3106,User3106,31,d30
3107,User3107,45,d40
3108,User3108,52,d30
3109,User3109,29,d20
3110,User3110,65,d10
3111,User3111,25,d40
3112,User3112,38,d40
3113,User3113,46,d10
3114,User3114,37,d20
3115,User3115,22,d40
3116,User3116,61,d10
3117,User3117,38,d40
3118,User3118,59,d40
3119,User3119,23,d10
3120,User3120,26,d20
3121,User3121,27,d10
3122,User3122,46,d20
3123,User3123,42,d30
3124,User3124,30,d40
3125,User3125,61,d20
3126,User3126,37,d30
3127,User3127,45,d30
3128,User3128,23,d30
3129,User3129,57,d10
3130,User3130,26,d40
3131,User3131,21,d30
3132,User3132,53,d30
3133,User3133,18,d10
3134,User3134,25,d30
3135,User3135,19,d30
3136,User3136,45,d20
3137,User3137,58,d40
3138,User3138,63,d30
3139,User3139,43,d40
3140,User3140,45,d40
3141,User3141,60,d20
3142,User3142,48,d20
3143,User3143,30,d20
3144,User3144,41,d40
3145,User3145,27,d40
3146,User3146,60,d30
3147,User3147,26,d20
3148,User3148,22,d10
3149,User3149,27,d10
3150,User3150,60,d40
3151,User3151,26,d40
3152,User3152,26,d10
3153,User3153,47,d40
3154,User3154,57,d40
3155,User3155,47,d20
3156,User3156,53,d40
3157,User3157,42,d40
3158,User3158,32,d30
3159,User3159,45,d20
3160,User3160,54,d10
3161,User3161,64,d40
3162,User3162,63,d20
3163,User3163,44,d30
3164,User3164,20,d30
3165,User3165,54,d10
3166,User3166,63,d40
3167,User3167,25,d30
3168,User3168,62,d40
3169,User3169,27,d10
3170,User3170,47,d30
3171,User3171,51,d10
3172,User3172,33,d10
3173,User3173,58,d40
3174,User3174,61,d10
3175,User3175,57,d30
3176,User3176,39,d10
3177,User3177,48,d10
3178,User3178,50,d40
3179,User3179,54,d40
3180,User3180,44,d30
3181,User3181,36,d30
3182,User3182,28,d30
3183,User3183,62,d10
3184,User3184,64,d30
3185,User3185,21,d30
3186,User3186,55,d40
3187,User3187,54,d20
3188,User3188,60,d10
3189,User3189,65,d30
3190,User3190,36,d10
3191,User3191,23,d40
3192,User3192,50,d20
3193,User3193,35,d10
3194,User3194,26,d30
3195,User3195,35,d30
3196,User3196,18,d30
3197,User3197,56,d10
3198,User3198,55,d20
3199,User3199,60,d20
3200,User3200,41,d40
3201,User3201,34,d20
3202,User3202,49,d20
3203,User3203,51,d20
3204,User3204,39,d10
3205,User3205,27,d10
3206,User3206,49,d20
3207,User3207,42,d40
3208,User3208,60,d20
3209,User3209,64,d40
3210,User3210,31,d20
3211,User3211,21,d30
3212,User3212,25,d30
3213,User3213,28,d10
3214,User3214,43,d40
3215,User3215,37,d40
3216,User3216,65,d40
3217,User3217,42,d20
3218,User3218,48,d40
3219,User3219,27,d30
3220,User3220,18,d40
3221,User3221,46,d30
3222,User3222,61,d40
3223,User3223,51,d30
3224,User3224,24,d10
3225,User3225,45,d30
3226,User3226,39,d30
3227,User3227,35,d30
3228,User3228,34,d10
3229,User3229,47,d40
3230,User3230,64,d20
3231,User3231,51,d20
3232,User3232,61,d30
3233,User3233,38,d20
3234,User3234,61,d10
3235,User3235,22,d10
3236,User3236,44,d10
3237,User3237,51,d10
3238,User3238,61,d10
3239,User3239,40,d40
3240,User3240,64,d20
3241,User3241,34,d30
3242,User3242,20,d20
3243,User3243,57,d10
3244,User3244,21,d10
3245,User3245,56,d20
3246,User3246,63,d10
3247,User3247,23,d10
3248,User3248,42,d20
3249,User3249,25,d20
3250,User3250,34,d20
3251,User3251,47,d30
3252,User3252,58,d10
3253,User3253,35,d40
3254,User3254,62,d40
3255,User3255,34,d30
3256,User3256,22,d20
3257,User3257,21,d30
3258,User3258,42,d40
3259,User3259,21,d30
3260,User3260,34,d30
3261,User3261,46,d20
3262,User3262,49,d10
3263,User3263,57,d20
3264,User3264,29,d40
3265,User3265,24,d40
3266,User3266,52,d20
3267,User3267,31,d40
3268,User3268,46,d10
3269,User3269,24,d30
3270,User3270,22,d10
3271,User3271,54,d10
3272,User3272,46,d30
3273,User3273,49,d10
3274,User3274,59,d20
3275,User3275,20,d10
3276,User3276,35,d40
3277,User3277,62,d20
3278,User3278,43,d30
3279,User3279,50,d10
3280,User3280,48,d40
3281,User3281,43,d40
3282,User3282,52,d10
3283,User3283,18,d20
3284,User3284,62,d40
3285,User3285,25,d40
3286,User3286,39,d30
3287,User3287,43,d30
3288,User3288,58,d10
3289,User3289,41,d10
3290,User3290,23,d30
3291,User3291,36,d40
3292,User3292,29,d20
3293,User3293,42,d10
3294,User3294,37,d20
3295,User3295,24,d40
3296,User3296,49,d30
3297,User3297,58,d10
3298,User3298,65,d40
3299,User3299,26,d20
3300,User3300,30,d10
3301,User3301,64,d10
3302,User3302,49,d20
3303,User3303,22,d40
3304,User3304,49,d30
3305,User3305,19,d40
3306,User3306,39,d10
3307,User3307,39,d10
3308,User3308,43,d10
3309,User3309,31,d10
3310,User3310,61,d40
3311,User3311,65,d20
3312,User3312,22,d20
3313,User3313,65,d10
3314,User3314,49,d20
3315,User3315,48,d10
3316,User3316,33,d10
3317,User3317,18,d20
3318,User3318,58,d20
3319,User3319,37,d10
3320,User3320,47,d10
3321,User3321,55,d20
3322,User3322,24,d10
3323,User3323,49,d10
3324,User3324,22,d20
3325,User3325,45,d20
3326,User3326,65,d30
3327,User3327,38,d40
3328,User3328,61,d10
3329,User3329,38,d20
3330,User3330,20,d20
3331,User3331,39,d20
3332,User3332,25,d10
3333,User3333,27,d30
3334,User3334,28,d40
3335,User3335,53,d30
3336,User3336,46,d20
3337,User3337,55,d20
3338,User3338,26,d10
3339,User3339,58,d10
3340,User3340,28,d40
3341,User3341,49,d10
3342,User3342,18,d10
3343,User3343,29,d10
3344,User3344,63,d10
3345,User3345,44,d30
3346,User3346,62,d40
3347,User3347,31,d20
3348,User3348,58,d20
3349,User3349,51,d30
3350,User3350,44,d40
3351,User3351,29,d20
3352,User3352,56,d10
3353,User3353,63,d20
3354,User3354,57,d40
3355,User3355,58,d10
3356,User3356,40,d30
3357,User3357,18,d40
3358,User3358,30,d20
3359,User3359,51,d10
3360,User3360,57,d10
3361,User3361,52,d30
3362,User3362,47,d20
3363,User3363,35,d20
3364,User3364,30,d10
3365,User3365,27,d10
3366,User3366,49,d40
3367,User3367,28,d20
3368,User3368,21,d10
3369,User3369,36,d30
3370,User3370,45,d20
3371,User3371,39,d30
3372,User3372,20,d40
3373,User3373,65,d10
3374,User3374,52,d10
3375,User3375,28,d20
3376,User3376,49,d10
3377,User3377,22,d10
3378,User3378,64,d20
3379,User3379,55,d40
3380,User3380,44,d30
3381,User3381,65,d20
3382,User3382,32,d30
3383,User3383,38,d10
3384,User3384,24,d20
3385,User3385,65,d20
3386,User3386,30,d40
3387,User3387,32,d40
3388,User3388,48,d10
3389,User3389,21,d40
3390,User3390,27,d40
3391,User3391,57,d20
3392,User3392,29,d40
3393,User3393,41,d40
3394,User3394,47,d20
3395,User3395,58,d20
3396,User3396,35,d30
3397,User3397,39,d20
3398,User3398,20,d20
3399,User3399,35,d10
3400,User3400,25,d20
3401,User3401,47,d40
3402,User3402,28,d40
3403,User3403,32,d30
3404,User3404,56,d30
3405,User3405,58,d20
3406,User3406,54,d20
3407,User3407,23,d20
3408,User3408,51,d40
3409,User3409,31,d40
3410,User3410,47,d40
3411,User3411,18,d30
3412,User3412,65,d40
3413,User3413,33,d20
3414,User3414,45,d30
3415,User3415,55,d20
3416,User3416,54,d20
3417,User3417,44,d10
3418,User3418,20,d10
3419,User3419,64,d40
3420,User3420,45,d10
3421,User3421,48,d40
3422,User3422,46,d10
3423,User3423,33,d40
3424,User3424,53,d10
3425,User3425,62,d10
3426,User3426,31,d40
3427,User3427,40,d20
3428,User3428,33,d30
3429,User3429,19,d10
3430,User3430,60,d40
3431,User3431,28,d30
3432,User3432,54,d40
3433,User3433,47,d10
3434,User3434,26,d40
3435,User3435,29,d40
3436,User3436,58,d30
3437,User3437,63,d40
3438,User3438,58,d10
3439,User3439,42,d10
3440,User3440,51,d30
3441,User3441,36,d10
3442,User3442,35,d40
3443,User3443,61,d20
3444,User3444,57,d10
3445,User3445,65,d30
3446,User3446,50,d10
3447,User3447,21,d30
3448,User3448,42,d10
3449,User3449,47,d30
3450,User3450,41,d10
3451,User3451,29,d30
3452,User3452,53,d10
3453,User3453,26,d20
3454,User3454,33,d30
3455,User3455,59,d10
3456,User3456,65,d40
3457,User3457,65,d20
3458,User3458,38,d20
3459,User3459,35,d30
3460,User3460,35,d40
3461,User3461,22,d10
3462,User3462,40,d30
3463,User3463,49,d40
3464,User3464,48,d10
3465,User3465,46,d30
3466,User3466,61,d30
3467,User3467,30,d10
3468,User3468,23,d40
3469,User3469,43,d10
3470,User3470,36,d20
3471,User3471,24,d10
3472,User3472,35,d20
3473,User3473,62,d10
3474,User3474,49,d20
3475,User3475,31,d20
3476,User3476,36,d10
3477,User3477,61,d40
3478,User3478,48,d20
3479,User3479,44,d30
3480,User3480,65,d40
3481,User3481,36,d10
3482,User3482,22,d20
3483,User3483,32,d10
3484,User3484,44,d30
3485,User3485,59,d30
3486,User3486,49,d30
3487,User3487,47,d40
3488,User3488,54,d30
3489,User3489,37,d20
3490,User3490,34,d20
3491,User3491,48,d20
3492,User3492,36,d30
3493,User3493,27,d10
3494,User3494,36,d30
3495,User3495,28,d40
3496,User3496,63,d20
3497,User3497,29,d30
3498,User3498,63,d20
3499,User3499,28,d20
3500,User3500,25,d20
3501,User3501,38,d10
3502,User3502,46,d20
3503,User3503,41,d30
3504,User3504,31,d20
3505,User3505,60,d10
3506,User3506,40,d30
3507,User3507,41,d20
3508,User3508,52,d40
3509,User3509,52,d20
3510,User3510,25,d30
3511,User3511,43,d10
3512,User3512,27,d40
3513,User3513,38,d40
3514,User3514,18,d20
3515,User3515,59,d30
3516,User3516,48,d30
3517,User3517,54,d30
3518,User3518,54,d20
3519,User3519,39,d40
3520,User3520,64,d10
3521,User3521,20,d40
3522,User3522,61,d20
3523,User3523,37,d10
3524,User3524,43,d10
3525,User3525,46,d20
3526,User3526,23,d30
3527,User3527,21,d30
3528,User3528,55,d20
3529,User3529,35,d20
3530,User3530,19,d20
3531,User3531,52,d10
3532,User3532,61,d40
3533,User3533,50,d10
3534,User3534,30,d40
3535,User3535,38,d40
3536,User3536,60,d10
3537,User3537,43,d30
3538,User3538,63,d20
3539,User3539,41,d40
3540,User3540,41,d40
3541,User3541,36,d10
3542,User3542,40,d30
3543,User3543,46,d30
3544,User3544,31,d10
3545,User3545,65,d40
3546,User3546,46,d40
3547,User3547,28,d30
3548,User3548,64,d40
3549,User3549,26,d40
3550,User3550,27,d10
3551,User3551,37,d20
3552,User3552,51,d40
3553,User3553,22,d30
3554,User3554,23,d40
3555,User3555,44,d10
3556,User3556,44,d30
3557,User3557,53,d20
3558,User3558,63,d40
3559,User3559,30,d20
3560,User3560,42,d20
3561,User3561,53,d30
3562,User3562,20,d40
3563,User3563,55,d30
3564,User3564,49,d30
3565,User3565,32,d40
3566,User3566,18,d10
3567,User3567,34,d20
3568,User3568,58,d30
3569,User3569,25,d40
3570,User3570,44,d30
3571,User3571,49,d20
3572,User3572,19,d20
3573,User3573,35,d10
3574,User3574,22,d40
3575,User3575,55,d30
3576,User3576,54,d40
3577,User3577,34,d40
3578,User3578,62,d40
3579,User3579,41,d10
3580,User3580,34,d10
3581,User3581,55,d20
3582,User3582,27,d10
3583,User3583,47,d30
3584,User3584,40,d20
3585,User3585,21,d20
3586,User3586,41,d30
3587,User3587,58,d40
3588,User3588,21,d30
3589,User3589,36,d30
3590,User3590,50,d10
3591,User3591,58,d20
3592,User3592,24,d20
3593,User3593,52,d20
3594,User3594,38,d30
3595,User3595,35,d30
3596,User3596,24,d30
3597,User3597,27,d30
3598,User3598,26,d10
3599,User3599,41,d30
3600,User3600,44,d40
3601,User3601,28,d30
3602,User3602,31,d10
3603,User3603,50,d20
3604,User3604,30,d20
3605,User3605,44,d10
3606,User3606,22,d40
3607,User3607,26,d10
3608,User3608,48,d10
3609,User3609,37,d30
3610,User3610,26,d30
3611,User3611,56,d40
3612,User3612,29,d30
3613,User3613,19,d30
3614,User3614,32,d10
3615,User3615,62,d20
3616,User3616,62,d20
3617,User3617,37,d20
3618,User3618,31,d20
3619,User3619,23,d20
3620,User3620,62,d40
3621,User3621,22,d10
3622,User3622,48,d10
3623,User3623,20,d40
3624,User3624,24,d20
3625,User3625,60,d10
3626,User3626,48,d10
3627,User3627,34,d10
3628,User3628,22,d10
3629,User3629,60,d30
3630,User3630,24,d10
3631,User3631,56,d10
3632,User3632,55,d20
3633,User3633,29,d20
3634,User3634,19,d30
3635,User3635,27,d10
3636,User3636,55,d30
3637,User3637,40,d30
3638,User3638,50,d20
3639,User3639,50,d20
3640,User3640,24,d10
3641,User3641,51,d10
3642,User3642,63,d20
3643,User3643,36,d20
3644,User3644,52,d20
3645,User3645,64,d10
3646,User3646,31,d10
3647,User3647,41,d40
3648,User3648,46,d20
3649,User3649,29,d10
3650,User3650,42,d30
3651,User3651,31,d40
3652,User3652,44,d20
3653,User3653,38,d10
3654,User3654,47,d10
3655,User3655,51,d10
3656,User3656,49,d20
3657,User3657,63,d30
3658,User3658,53,d30
3659,User3659,23,d10
3660,User3660,49,d30
3661,User3661,42,d10
3662,User3662,47,d30
3663,User3663,61,d30
3664,User3664,32,d40
3665,User3665,36,d40
3666,User3666,30,d40
3667,User3667,48,d10
3668,User3668,29,d30
3669,User3669,61,d10
3670,User3670,61,d40
3671,User3671,43,d10
3672,User3672,51,d40
3673,User3673,25,d10
3674,User3674,43,d20
3675,User3675,62,d40
3676,User3676,65,d10
3677,User3677,22,d20
3678,User3678,30,d30
3679,User3679,30,d30
3680,User3680,25,d40
3681,User3681,45,d20
3682,User3682,35,d40
3683,User3683,59,d30
3684,User3684,40,d40
3685,User3685,60,d40
3686,User3686,49,d40
3687,User3687,27,d30
3688,User3688,24,d40
3689,User3689,34,d10
3690,User3690,49,d40
3691,User3691,58,d20
3692,User3692,19,d20
3693,User3693,65,d10
3694,User3694,22,d10
3695,User3695,61,d40
3696,User3696,29,d10
3697,User3697,56,d40
3698,User3698,27,d30
3699,User3699,57,d30
3700,User3700,22,d10
3701,User3701,47,d40
3702,User3702,36,d20
3703,User3703,49,d40
3704,User3704,52,d30
3705,User3705,52,d30
3706,User3706,20,d10
3707,User3707,25,d40
3708,User3708,46,d40
3709,User3709,42,d30
3710,User3710,47,d40
3711,User3711,20,d10
3712,User3712,53,d20
3713,User3713,63,d30
3714,User3714,49,d20
3715,User3715,26,d40
3716,User3716,63,d30
3717,User3717,49,d40
3718,User3718,54,d10
3719,User3719,60,d40
3720,User3720,48,d40
3721,User3721,50,d20
3722,User3722,43,d10
3723,User3723,49,d30
3724,User3724,57,d40
3725,User3725,36,d30
3726,User3726,21,d30
3727,User3727,55,d10
3728,User3728,26,d10
3729,User3729,40,d30
3730,User3730,58,d10
3731,User3731,42,d30
3732,User3732,45,d10
3733,User3733,40,d30
3734,User3734,40,d40
3735,User3735,60,d10
3736,User3736,33,d20
3737,User3737,59,d20
3738,User3738,55,d30
3739,User3739,62,d10
3740,User3740,37,d10
3741,User3741,39,d10
3742,User3742,19,d20
3743,User3743,20,d30
3744,User3744,60,d40
3745,User3745,54,d40
3746,User3746,35,d40
3747,User3747,62,d10
3748,User3748,55,d40
3749,User3749,38,d10
3750,User3750,54,d40
3751,User3751,38,d40
3752,User3752,49,d10
3753,User3753,62,d10
3754,User3754,39,d20
3755,User3755,50,d40
3756,User3756,28,d30
3757,User3757,41,d30
3758,User3758,30,d40
3759,User3759,58,d40
3760,User3760,52,d10
3761,User3761,36,d20
3762,User3762,21,d30
3763,User3763,54,d30
3764,User3764,32,d40
3765,User3765,63,d10
3766,User3766,55,d10
3767,User3767,35,d30
3768,User3768,54,d10
3769,User3769,45,d40
3770,User3770,40,d20
3771,User3771,59,d10
3772,User3772,50,d30
3773,User3773,45,d30
3774,User3774,30,d30
3775,User3775,43,d40
3776,User3776,57,d30
3777,User3777,60,d40
3778,User3778,19,d20
3779,User3779,54,d20
3780,User3780,31,d40
3781,User3781,35,d40
3782,User3782,54,d40
3783,User3783,51,d10
3784,User3784,41,d20
3785,User3785,27,d40
3786,User3786,27,d20
3787,User3787,45,d30
3788,User3788,38,d40
3789,User3789,58,d10
3790,User3790,44,d20
3791,User3791,36,d30
3792,User3792,34,d20
3793,User3793,43,d20
3794,User3794,25,d20
3795,User3795,30,d20
3796,User3796,33,d10
3797,User3797,47,d30
3798,User3798,53,d40
3799,User3799,45,d40
3800,User3800,30,d10
3801,User3801,35,d20
3802,User3802,19,d20
3803,User3803,35,d30
3804,User3804,59,d20
3805,User3805,64,d10
3806,User3806,19,d40
3807,User3807,23,d10
3808,User3808,56,d30
3809,User3809,22,d30
3810,User3810,41,d40
3811,User3811,43,d10
3812,User3812,33,d20
3813,User3813,54,d10
3814,User3814,51,d10
3815,User3815,49,d30
3816,User3816,33,d10
3817,User3817,38,d10
3818,User3818,55,d30
3819,User3819,65,d40
3820,User3820,45,d20
3821,User3821,27,d20
3822,User3822,29,d10
3823,User3823,35,d20
3824,User3824,44,d40
3825,User3825,55,d30
3826,User3826,49,d10
3827,User3827,62,d30
3828,User3828,38,d10
3829,User3829,48,d40
3830,User3830,35,d20
3831,User3831,41,d20
3832,User3832,63,d40
3833,User3833,37,d30
3834,User3834,59,d10
3835,User3835,65,d10
3836,User3836,62,d10
3837,User3837,34,d20
3838,User3838,37,d40
3839,User3839,61,d30
3840,User3840,52,d10
3841,User3841,46,d20
3842,User3842,18,d40
3843,User3843,34,d40
3844,User3844,23,d30
3845,User3845,37,d20
3846,User3846,28,d20
3847,User3847,58,d40
3848,User3848,59,d30
3849,User3849,20,d40
3850,User3850,23,d30
3851,User3851,48,d40
3852,User3852,39,d40
3853,User3853,24,d40
3854,User3854,62,d20
3855,User3855,50,d30
3856,User3856,40,d10
3857,User3857,56,d40
3858,User3858,47,d30
3859,User3859,21,d10
3860,User3860,58,d20
3861,User3861,59,d40
3862,User3862,18,d20
3863,User3863,30,d40
3864,User3864,38,d30
3865,User3865,25,d10
3866,User3866,33,d20
3867,User3867,56,d20
3868,User3868,38,d40
3869,User3869,48,d40
3870,User3870,34,d20
3871,User3871,61,d20
3872,User3872,36,d30
3873,User3873,23,d20
3874,User3874,41,d40
3875,User3875,43,d20
3876,User3876,54,d40
3877,User3877,19,d20
3878,User3878,53,d10
3879,User3879,23,d20
3880,User3880,30,d40
3881,User3881,62,d30
3882,User3882,21,d20
3883,User3883,57,d40
3884,User3884,56,d40
3885,User3885,27,d30
3886,User3886,41,d10
3887,User3887,54,d20
3888,User3888,18,d10
3889,User3889,47,d40
3890,User3890,25,d40
3891,User3891,63,d20
3892,User3892,30,d20
3893,User3893,36,d30
3894,User3894,42,d40
3895,User3895,45,d20
3896,User3896,56,d20
3897,User3897,36,d20
3898,User3898,44,d20
3899,User3899,44,d20
3900,User3900,19,d20
3901,User3901,34,d30
3902,User3902,57,d20
3903,User3903,33,d40
3904,User3904,55,d30
3905,User3905,23,d40
3906,User3906,48,d10
3907,User3907,38,d20
3908,User3908,61,d40
3909,User3909,63,d20
3910,User3910,63,d40
3911,User3911,65,d40
3912,User3912,22,d30
3913,User3913,53,d10
3914,User3914,21,d10
3915,User3915,33,d30
3916,User3916,40,d40
3917,User3917,18,d10
3918,User3918,50,d30
3919,User3919,37,d40
3920,User3920,60,d40
3921,User3921,26,d30
3922,User3922,55,d10
3923,User3923,34,d20
3924,User3924,50,d20
3925,User3925,39,d40
3926,User3926,26,d40
3927,User3927,38,d10
3928,User3928,27,d40
3929,User3929,25,d30
3930,User3930,20,d30
3931,User3931,49,d20
3932,User3932,65,d30
3933,User3933,45,d30
3934,User3934,34,d30
3935,User3935,51,d30
3936,User3936,45,d30
3937,User3937,38,d20
3938,User3938,27,d40
3939,User3939,21,d40
3940,User3940,27,d20
3941,User3941,32,d10
3942,User3942,20,d20
3943,User3943,34,d40
3944,User3944,63,d20
3945,User3945,45,d40
3946,User3946,49,d10
3947,User3947,46,d10
3948,User3948,63,d30
3949,User3949,47,d40
3950,User3950,25,d40
3951,User3951,25,d20
3952,User3952,23,d30
3953,User3953,36,d20
3954,User3954,28,d20
3955,User3955,54,d30
3956,User3956,55,d20
3957,User3957,51,d10
3958,User3958,44,d20
3959,User3959,33,d10
3960,User3960,61,d40
3961,User3961,39,d10
3962,User3962,36,d10
3963,User3963,43,d10
3964,User3964,55,d30
3965,User3965,38,d10
3966,User3966,19,d20
3967,User3967,47,d10
3968,User3968,47,d40
3969,User3969,56,d30
3970,User3970,39,d10
3971,User3971,59,d10
3972,User3972,38,d40
3973,User3973,31,d20
3974,User3974,59,d10
3975,User3975,38,d30
3976,User3976,65,d10
3977,User3977,53,d10
3978,User3978,23,d40
3979,User3979,34,d40
3980,User3980,33,d20
3981,User3981,23,d40
3982,User3982,31,d10
3983,User3983,42,d20
3984,User3984,36,d40
3985,User3985,25,d20
3986,User3986,49,d30
3987,User3987,65,d40
3988,User3988,61,d30
3989,User3989,40,d20
3990,User3990,41,d10
3991,User3991,49,d20
3992,User3992,42,d40
3993,User3993,35,d40
3994,User3994,23,d40
3995,User3995,41,d40
3996,User3996,45,d20
3997,User3997,23,d40
3998,User3998,50,d10
3999,User3999,47,d30
4000,User4000,59,d20
4001,User4001,49,d20
4002,User4002,36,d10
4003,User4003,45,d40
4004,User4004,48,d10
4005,User4005,27,d30
4006,User4006,61,d20
4007,User4007,33,d30
4008,User4008,36,d40
4009,User4009,53,d10
4010,User4010,20,d10
4011,User4011,50,d10
4012,User4012,44,d40
4013,User4013,47,d10
4014,User4014,40,d30
4015,User4015,55,d30
4016,User4016,50,d10
4017,User4017,25,d10
4018,User4018,29,d40
4019,User4019,43,d20
4020,User4020,23,d10
4021,User4021,63,d40
4022,User4022,38,d30
4023,User4023,60,d40
4024,User4024,57,d40
4025,User4025,39,d30
4026,User4026,31,d20
4027,User4027,23,d20
4028,User4028,61,d30
4029,User4029,45,d10
4030,User4030,18,d10
4031,User4031,25,d40
4032,User4032,28,d10
4033,User4033,47,d40
4034,User4034,60,d40
4035,User4035,37,d40
4036,User4036,62,d30
4037,User4037,37,d40
4038,User4038,26,d10
4039,User4039,18,d20
4040,User4040,25,d20
4041,User4041,62,d10
4042,User4042,19,d20
4043,User4043,48,d20
4044,User4044,59,d20
4045,User4045,45,d20
4046,User4046,23,d20
4047,User4047,47,d30
4048,User4048,48,d20
4049,User4049,19,d40
4050,User4050,28,d10
4051,User4051,65,d20
4052,User4052,49,d40
4053,User4053,19,d40
4054,User4054,55,d40
4055,User4055,30,d20
4056,User4056,54,d30
4057,User4057,21,d40
4058,User4058,18,d30
4059,User4059,58,d10
4060,User4060,44,d40
4061,User4061,65,d40
4062,User4062,20,d30
4063,User4063,43,d40
4064,User4064,50,d40
4065,User4065,32,d40
4066,User4066,51,d10
4067,User4067,45,d10
4068,User4068,53,d30
4069,User4069,35,d10
4070,User4070,48,d40
4071,User4071,49,d10
4072,User4072,46,d30
4073,User4073,19,d40
4074,User4074,36,d20
4075,User4075,48,d20
4076,User4076,46,d30
4077,User4077,50,d20
4078,User4078,55,d20
4079,User4079,56,d30
4080,User4080,26,d40
4081,User4081,64,d30
4082,User4082,44,d40
4083,User4083,48,d30
4084,User4084,57,d20
4085,User4085,36,d20
4086,User4086,60,d10
4087,User4087,26,d40
4088,User4088,30,d20
4089,User4089,56,d20
4090,User4090,24,d40
4091,User4091,49,d40
4092,User4092,33,d30
4093,User4093,53,d20
4094,User4094,19,d10
4095,User4095,34,d30
4096,User4096,61,d30
4097,User4097,29,d20
4098,User4098,22,d10
4099,User4099,45,d30
4100,User4100,57,d10
4101,User4101,25,d20
4102,User4102,49,d20
4103,User4103,39,d30
4104,User4104,20,d30
4105,User4105,27,d30
4106,User4106,63,d10
4107,User4107,46,d10
4108,User4108,25,d40
4109,User4109,57,d10
4110,User4110,53,d10
4111,User4111,50,d10
4112,User4112,28,d10
4113,User4113,31,d10
4114,User4114,28,d30
4115,User4115,63,d30
4116,User4116,50,d40
4117,User4117,64,d40
4118,User4118,27,d10
4119,User4119,39,d30
4120,User4120,25,d20
4121,User4121,46,d20
4122,User4122,18,d40
4123,User4123,48,d20
4124,User4124,36,d30
4125,User4125,23,d20
4126,User4126,41,d30
4127,User4127,41,d40
4128,User4128,27,d20
4129,User4129,32,d40
4130,User4130,45,d20
4131,User4131,44,d40
4132,User4132,51,d40
4133,User4133,19,d30
4134,User4134,27,d40
4135,User4135,63,d10
4136,User4136,23,d10
4137,User4137,38,d30
4138,User4138,28,d40
4139,User4139,21,d40
4140,User4140,20,d40
4141,User4141,54,d20
4142,User4142,58,d10
4143,User4143,44,d30
4144,User4144,61,d40
4145,User4145,64,d30
4146,User4146,40,d30
4147,User4147,35,d10
4148,User4148,62,d20
4149,User4149,46,d40
4150,User4150,52,d20
4151,User4151,62,d40
4152,User4152,59,d30
4153,User4153,30,d40
4154,User4154,23,d30
4155,User4155,52,d10
4156,User4156,42,d30
4157,User4157,51,d20
4158,User4158,31,d30
4159,User4159,50,d10
4160,User4160,51,d30
4161,User4161,58,d30
4162,User4162,19,d20
4163,User4163,52,d10
4164,User4164,33,d30
4165,User4165,64,d30
4166,User4166,50,d40
4167,User4167,64,d10
4168,User4168,41,d10
4169,User4169,58,d30
4170,User4170,25,d30
4171,User4171,59,d10
4172,User4172,46,d10
4173,User4173,54,d30
4174,User4174,47,d10
4175,User4175,33,d30
4176,User4176,40,d20
4177,User4177,36,d30
4178,User4178,63,d20
4179,User4179,51,d40
4180,User4180,24,d20
4181,User4181,51,d30
4182,User4182,41,d20
4183,User4183,24,d40
4184,User4184,63,d20
4185,User4185,44,d40
4186,User4186,23,d10
4187,User4187,45,d10
4188,User4188,48,d20
4189,User4189,46,d20
4190,User4190,41,d10
4191,User4191,55,d40
4192,User4192,34,d40
4193,User4193,58,d40
4194,User4194,46,d40
4195,User4195,64,d40
4196,User4196,28,d40
4197,User4197,50,d20
4198,User4198,49,d20
4199,User4199,26,d40
4200,User4200,62,d10
4201,User4201,47,d20
4202,User4202,20,d40
4203,User4203,53,d20
4204,User4204,25,d30
4205,User4205,25,d40
4206,User4206,41,d10
4207,User4207,20,d30
4208,User4208,25,d20
4209,User4209,37,d30
4210,User4210,37,d30
4211,User4211,49,d30
4212,User4212,27,d10
4213,User4213,55,d20
4214,User4214,21,d40
4215,User4215,36,d30
4216,User4216,29,d20
4217,User4217,18,d40
4218,User4218,53,d10
4219,User4219,22,d30
4220,User4220,44,d10
4221,User4221,54,d40
4222,User4222,54,d30
4223,User4223,39,d40
4224,User4224,48,d40
4225,User4225,26,d20
4226,User4226,46,d40
4227,User4227,27,d40
4228,User4228,23,d30
4229,User4229,42,d40
4230,User4230,43,d20
4231,User4231,52,d30
4232,User4232,60,d10
4233,User4233,65,d40
4234,User4234,59,d30
4235,User4235,28,d10
4236,User4236,54,d10
4237,User4237,53,d30
4238,User4238,59,d10
4239,User4239,30,d10
4240,User4240,54,d10
4241,User4241,48,d20
4242,User4242,25,d10
4243,User4243,19,d20
4244,User4244,31,d30
4245,User4245,63,d20
4246,User4246,23,d40
4247,User4247,43,d30
4248,User4248,49,d10
4249,User4249,39,d10
4250,User4250,29,d40
4251,User4251,19,d40
4252,User4252,42,d30
4253,User4253,23,d30
4254,User4254,24,d10
4255,User4255,36,d20
4256,User4256,29,d20
4257,User4257,23,d30
4258,User4258,37,d20
4259,User4259,61,d40
4260,User4260,21,d20
4261,User4261,29,d30
4262,User4262,63,d10
4263,User4263,37,d10
4264,User4264,24,d40
4265,User4265,27,d30
4266,User4266,38,d40
4267,User4267,42,d30
4268,User4268,21,d10
4269,User4269,33,d20
4270,User4270,49,d20
4271,User4271,25,d40
4272,User4272,21,d30
4273,User4273,47,d30
4274,User4274,22,d40
4275,User4275,19,d40
4276,User4276,58,d40
4277,User4277,19,d20
4278,User4278,53,d30
4279,User4279,33,d10
4280,User4280,37,d20
4281,User4281,46,d40
4282,User4282,58,d10
4283,User4283,27,d20
4284,User4284,52,d30
4285,User4285,33,d20
4286,User4286,53,d40
4287,User4287,20,d40
4288,User4288,47,d10
4289,User4289,59,d30
4290,User4290,18,d20
4291,User4291,48,d10
4292,User4292,56,d30
4293,User4293,61,d30
4294,User4294,40,d40
4295,User4295,55,d20
4296,User4296,20,d30
4297,User4297,65,d20
4298,User4298,37,d10
4299,User4299,43,d10
4300,User4300,26,d10
4301,User4301,45,d30
4302,User4302,57,d20
4303,User4303,61,d30
4304,User4304,58,d30
4305,User4305,63,d30
4306,User4306,35,d40
4307,User4307,60,d20
4308,User4308,39,d30
4309,User4309,47,d20
4310,User4310,19,d30
4311,User4311,59,d20
4312,User4312,56,d10
4313,User4313,18,d40
4314,User4314,61,d10
4315,User4315,44,d20
4316,User4316,43,d40
4317,User4317,59,d10
4318,User4318,52,d10
4319,User4319,60,d10
4320,User4320,61,d40
4321,User4321,40,d10
4322,User4322,56,d40
4323,User4323,42,d30
4324,User4324,62,d20
4325,User4325,25,d10
4326,User4326,41,d40
4327,User4327,46,d20
4328,User4328,32,d10
4329,User4329,35,d10
4330,User4330,30,d30
4331,User4331,57,d10
4332,User4332,63,d30
4333,User4333,32,d20
4334,User4334,41,d40
4335,User4335,35,d10
4336,User4336,63,d40
4337,User4337,18,d20
4338,User4338,58,d20
4339,User4339,25,d40
4340,User4340,54,d30
4341,User4341,28,d40
4342,User4342,60,d20
4343,User4343,22,d20
4344,User4344,65,d20
4345,User4345,26,d10
4346,User4346,54,d30
4347,User4347,51,d20
4348,User4348,30,d30
4349,User4349,62,d10
4350,User4350,61,d30
4351,User4351,18,d40
4352,User4352,59,d40
4353,User4353,38,d10
4354,User4354,44,d40
4355,User4355,25,d30
4356,User4356,49,d40
4357,User4357,51,d30
4358,User4358,64,d10
4359,User4359,21,d20
4360,User4360,44,d30
4361,User4361,38,d40
4362,User4362,43,d10
4363,User4363,39,d20
4364,User4364,54,d10
4365,User4365,65,d10
4366,User4366,62,d20
4367,User4367,22,d40
4368,User4368,30,d20
4369,User4369,39,d20
4370,User4370,22,d30
4371,User4371,19,d10
4372,User4372,45,d40
4373,User4373,55,d10
4374,User4374,34,d30
4375,User4375,24,d20
4376,User4376,33,d40
4377,User4377,21,d30
4378,User4378,51,d30
4379,User4379,22,d20
4380,User4380,24,d40
4381,User4381,55,d40
4382,User4382,23,d10
4383,User4383,20,d10
4384,User4384,38,d40
4385,User4385,26,d10
4386,User4386,46,d10
4387,User4387,37,d10
4388,User4388,22,d40
4389,User4389,61,d10
4390,User4390,53,d10
4391,User4391,36,d10
4392,User4392,43,d40
4393,User4393,57,d10
4394,User4394,32,d40
4395,User4395,47,d10
4396,User4396,47,d40
4397,User4397,57,d40
4398,User4398,39,d10
4399,User4399,47,d10
4400,User4400,55,d30
4401,User4401,24,d20
4402,User4402,18,d10
4403,User4403,55,d10
4404,User4404,54,d20
4405,User4405,58,d20
4406,User4406,40,d30
4407,User4407,48,d40
4408,User4408,29,d40
4409,User4409,26,d20
4410,User4410,21,d10
4411,User4411,37,d20
4412,User4412,50,d40
4413,User4413,37,d30
4414,User4414,27,d20
4415,User4415,37,d40
4416,User4416,36,d30
4417,User4417,18,d30
4418,User4418,21,d20
4419,User4419,50,d20
4420,User4420,45,d10
4421,User4421,30,d30
4422,User4422,58,d20
4423,User4423,22,d20
4424,User4424,30,d30
4425,User4425,62,d40
4426,User4426,56,d40
4427,User4427,55,d30
4428,User4428,57,d30
4429,User4429,44,d30
4430,User4430,28,d30
4431,User4431,47,d10
4432,User4432,49,d10
4433,User4433,18,d20
4434,User4434,62,d20
4435,User4435,47,d20
4436,User4436,33,d20
4437,User4437,65,d40
4438,User4438,65,d30
4439,User4439,31,d40
4440,User4440,29,d40
4441,User4441,41,d10
4442,User4442,22,d10
4443,User4443,19,d30
4444,User4444,27,d10
4445,User4445,46,d30
4446,User4446,58,d20
4447,User4447,20,d30
4448,User4448,30,d10
4449,User4449,36,d20
4450,User4450,32,d20
4451,User4451,64,d30
4452,User4452,39,d20
4453,User4453,29,d20
4454,User4454,19,d20
4455,User4455,34,d20
4456,User4456,19,d10
4457,User4457,42,d20
4458,User4458,39,d10
4459,User4459,37,d20
4460,User4460,33,d40
4461,User4461,41,d30
4462,User4462,51,d20
4463,User4463,63,d40
4464,User4464,25,d10
4465,User4465,26,d20
4466,User4466,30,d20
4467,User4467,62,d40
4468,User4468,38,d30
4469,User4469,58,d40
4470,User4470,20,d20
4471,User4471,52,d20
4472,User4472,27,d30
4473,User4473,33,d30
4474,User4474,58,d10
4475,User4475,26,d30
4476,User4476,31,d40
4477,User4477,48,d10
4478,User4478,28,d10
4479,User4479,59,d40
4480,User4480,49,d30
4481,User4481,29,d40
4482,User4482,63,d30
4483,User4483,51,d30
4484,User4484,63,d40
4485,User4485,48,d40
4486,User4486,55,d30
4487,User4487,58,d40
4488,User4488,31,d10
4489,User4489,30,d20
4490,User4490,33,d40
4491,User4491,31,d40
4492,User4492,45,d30
4493,User4493,54,d40
4494,User4494,41,d20
4495,User4495,53,d30
4496,User4496,26,d10
4497,User4497,36,d10
4498,User4498,51,d40
4499,User4499,32,d30
4500,User4500,47,d10
4501,User4501,45,d30
4502,User4502,47,d40
4503,User4503,44,d40
4504,User4504,49,d30
4505,User4505,35,d30
4506,User4506,19,d40
4507,User4507,46,d20
4508,User4508,34,d20
4509,User4509,40,d10
4510,User4510,36,d10
4511,User4511,35,d10
4512,User4512,24,d20
4513,User4513,22,d10
4514,User4514,20,d30
4515,User4515,39,d20
4516,User4516,61,d20
4517,User4517,34,d30
4518,User4518,65,d30
4519,User4519,30,d30
4520,User4520,63,d20
4521,User4521,18,d30
4522,User4522,36,d30
4523,User4523,43,d30
4524,User4524,55,d40
4525,User4525,48,d10
4526,User4526,43,d20
4527,User4527,32,d20
4528,User4528,48,d20
4529,User4529,51,d20
4530,User4530,64,d40
4531,User4531,39,d40
4532,User4532,38,d10
4533,User4533,45,d20
4534,User4534,31,d40
4535,User4535,46,d40
4536,User4536,41,d10
4537,User4537,54,d20
4538,User4538,37,d20
4539,User4539,49,d10
4540,User4540,39,d30
4541,User4541,44,d20
4542,User4542,61,d40
4543,User4543,62,d40
4544,User4544,38,d30
4545,User4545,54,d10
4546,User4546,26,d10
4547,User4547,39,d20
4548,User4548,42,d40
4549,User4549,43,d20
4550,User4550,52,d10
4551,User4551,30,d40
4552,User4552,24,d40
4553,User4553,54,d30
4554,User4554,58,d40
4555,User4555,23,d30
4556,User4556,24,d20
4557,User4557,20,d20
4558,User4558,19,d40
4559,User4559,30,d20
4560,User4560,42,d10
4561,User4561,31,d30
4562,User4562,36,d20
4563,User4563,47,d10
4564,User4564,41,d10
4565,User4565,28,d10
4566,User4566,44,d30
4567,User4567,28,d40
4568,User4568,26,d10
4569,User4569,48,d40
4570,User4570,42,d10
4571,User4571,26,d20
4572,User4572,37,d20
4573,User4573,63,d40
4574,User4574,28,d40
4575,User4575,55,d30
4576,User4576,50,d20
4577,User4577,35,d40
4578,User4578,18,d20
4579,User4579,46,d20
4580,User4580,43,d10
4581,User4581,51,d20
4582,User4582,54,d30
4583,User4583,47,d40
4584,User4584,54,d40
4585,User4585,65,d10
4586,User4586,36,d10
4587,User4587,40,d40
4588,User4588,43,d30
4589,User4589,44,d20
4590,User4590,29,d20
4591,User4591,47,d40
4592,User4592,60,d40
4593,User4593,62,d20
4594,User4594,43,d10
4595,User4595,33,d10
4596,User4596,35,d20
4597,User4597,60,d30
4598,User4598,62,d10
4599,User4599,49,d20
4600,User4600,53,d40
4601,User4601,41,d10
4602,User4602,24,d10
4603,User4603,44,d30
4604,User4604,28,d40
4605,User4605,31,d30
4606,User4606,47,d10
4607,User4607,22,d10
4608,User4608,42,d40
4609,User4609,65,d30
4610,User4610,30,d40
4611,User4611,20,d40
4612,User4612,34,d10
4613,User4613,63,d10
4614,User4614,38,d20
4615,User4615,49,d40
4616,User4616,22,d40
4617,User4617,53,d10
4618,User4618,63,d20
4619,User4619,26,d40
4620,User4620,35,d40
4621,User4621,28,d20
4622,User4622,56,d10
4623,User4623,29,d10
4624,User4624,25,d30
4625,User4625,28,d40
4626,User4626,60,d10
4627,User4627,61,d10
4628,User4628,27,d30
4629,User4629,40,d40
4630,User4630,31,d20
4631,User4631,61,d10
4632,User4632,46,d20
4633,User4633,58,d10
4634,User4634,42,d10
4635,User4635,46,d30
4636,User4636,56,d10
4637,User4637,21,d10
4638,User4638,30,d40
4639,User4639,41,d20
4640,User4640,30,d20
4641,User4641,19,d10
4642,User4642,19,d40
4643,User4643,39,d10
4644,User4644,61,d20
4645,User4645,32,d10
4646,User4646,60,d10
4647,User4647,64,d20
4648,User4648,20,d20
4649,User4649,50,d40
4650,User4650,38,d10
4651,User4651,53,d30
4652,User4652,57,d20
4653,User4653,52,d20
4654,User4654,45,d40
4655,User4655,32,d10
4656,User4656,24,d20
4657,User4657,38,d30
4658,User4658,18,d20
4659,User4659,59,d40
4660,User4660,18,d30
4661,User4661,31,d40
4662,User4662,32,d40
4663,User4663,60,d10
4664,User4664,59,d30
4665,User4665,20,d30
4666,User4666,31,d10
4667,User4667,37,d40
4668,User4668,24,d40
4669,User4669,34,d20
4670,User4670,56,d10
4671,User4671,58,d30
4672,User4672,61,d40
4673,User4673,39,d20
4674,User4674,58,d20
4675,User4675,60,d30
4676,User4676,22,d40
4677,User4677,19,d30
4678,User4678,42,d40
4679,User4679,50,d20
4680,User4680,32,d10
4681,User4681,57,d10
4682,User4682,37,d10
4683,User4683,65,d20
4684,User4684,33,d40
4685,User4685,21,d10
4686,User4686,41,d20
4687,User4687,36,d40
4688,User4688,27,d20
4689,User4689,31,d40
4690,User4690,33,d10
4691,User4691,65,d40
4692,User4692,26,d30
4693,User4693,38,d30
4694,User4694,51,d10
4695,User4695,59,d40
4696,User4696,19,d30
4697,User4697,64,d20
4698,User4698,39,d30
4699,User4699,31,d20
4700,User4700,60,d10
4701,User4701,61,d20
4702,User4702,56,d20
4703,User4703,51,d40
4704,User4704,29,d30
4705,User4705,58,d40
4706,User4706,22,d10
4707,User4707,22,d40
4708,User4708,21,d20
4709,User4709,31,d20
4710,User4710,23,d20
4711,User4711,55,d20
4712,User4712,33,d20
4713,User4713,45,d10
4714,User4714,37,d40
4715,User4715,64,d20
4716,User4716,33,d20
4717,User4717,29,d40
4718,User4718,37,d20
4719,User4719,54,d30
4720,User4720,58,d40
4721,User4721,35,d20
4722,User4722,23,d40
4723,User4723,43,d30
4724,User4724,28,d40
4725,User4725,46,d40
4726,User4726,50,d40
4727,User4727,27,d40
4728,User4728,19,d40
4729,User4729,45,d40
4730,User4730,37,d10
4731,User4731,53,d20
4732,User4732,34,d20
4733,User4733,47,d40
4734,User4734,47,d30
4735,User4735,42,d30
4736,User4736,22,d40
4737,User4737,26,d30
4738,User4738,30,d40
4739,User4739,30,d20
4740,User4740,18,d10
4741,User4741,49,d30
4742,User4742,44,d40
4743,User4743,65,d40
4744,User4744,42,d30
4745,User4745,37,d40
4746,User4746,44,d10
4747,User4747,25,d10
4748,User4748,54,d40
4749,User4749,30,d20
4750,User4750,34,d40
4751,User4751,50,d30
4752,User4752,58,d40
4753,User4753,62,d30
4754,User4754,59,d10
4755,User4755,45,d40
4756,User4756,33,d20
4757,User4757,20,d40
4758,User4758,58,d30
4759,User4759,62,d10
4760,User4760,34,d20
4761,User4761,61,d40
4762,User4762,34,d20
4763,User4763,56,d20
4764,User4764,18,d20
4765,User4765,23,d10
4766,User4766,43,d40
4767,User4767,51,d10
4768,User4768,45,d20
4769,User4769,45,d20
4770,User4770,62,d30
4771,User4771,50,d30
4772,User4772,55,d40
4773,User4773,64,d30
4774,User4774,64,d40
4775,User4775,24,d10
4776,User4776,27,d30
4777,User4777,65,d30
4778,User4778,65,d20
4779,User4779,62,d40
4780,User4780,18,d30
4781,User4781,49,d20
4782,User4782,24,d10
4783,User4783,62,d10
4784,User4784,51,d40
4785,User4785,59,d40
4786,User4786,64,d30
4787,User4787,28,d40
4788,User4788,41,d20
4789,User4789,63,d20
4790,User4790,30,d20
4791,User4791,29,d40
4792,User4792,46,d10
4793,User4793,29,d20
4794,User4794,21,d20
4795,User4795,30,d20
4796,User4796,44,d30
4797,User4797,58,d40
4798,User4798,58,d10
4799,User4799,23,d20
4800,User4800,23,d30
4801,User4801,25,d40
4802,User4802,22,d30
4803,User4803,19,d30
4804,User4804,48,d20
4805,User4805,61,d40
4806,User4806,18,d10
4807,User4807,35,d10
4808,User4808,60,d10
4809,User4809,24,d10
4810,User4810,51,d20
4811,User4811,42,d10
4812,User4812,49,d30
4813,User4813,39,d40
4814,User4814,39,d40
4815,User4815,61,d30
4816,User4816,38,d30
4817,User4817,41,d20
4818,User4818,42,d40
4819,User4819,40,d10
4820,User4820,24,d30
4821,User4821,47,d10
4822,User4822,64,d40
4823,User4823,19,d20
4824,User4824,51,d10
4825,User4825,62,d30
4826,User4826,41,d20
4827,User4827,57,d40
4828,User4828,50,d40
4829,User4829,60,d40
4830,User4830,18,d20
4831,User4831,19,d30
4832,User4832,20,d30
4833,User4833,61,d30
4834,User4834,32,d40
4835,User4835,43,d40
4836,User4836,40,d10
4837,User4837,48,d40
4838,User4838,64,d10
4839,User4839,36,d40
4840,User4840,63,d20
4841,User4841,51,d20
4842,User4842,26,d10
4843,User4843,23,d40
4844,User4844,61,d30
4845,User4845,28,d40
4846,User4846,25,d40
4847,User4847,60,d40
4848,User4848,33,d20
4849,User4849,28,d20
4850,User4850,24,d10
4851,User4851,63,d40
4852,User4852,28,d10
4853,User4853,42,d30
4854,User4854,32,d30
4855,User4855,60,d30
4856,User4856,60,d40
4857,User4857,60,d10
4858,User4858,52,d20
4859,User4859,23,d40
4860,User4860,32,d30
4861,User4861,59,d10
4862,User4862,42,d30
4863,User4863,59,d40
4864,User4864,32,d40
4865,User4865,34,d20
4866,User4866,36,d10
4867,User4867,25,d10
4868,User4868,39,d10
4869,User4869,65,d20
4870,User4870,54,d10
4871,User4871,26,d30
4872,User4872,42,d30
4873,User4873,37,d10
4874,User4874,55,d10
4875,User4875,42,d20
4876,User4876,38,d40
4877,User4877,61,d30
4878,User4878,51,d20
4879,User4879,24,d20
4880,User4880,18,d40
4881,User4881,38,d40
4882,User4882,36,d20
4883,User4883,49,d20
4884,User4884,27,d40
4885,User4885,27,d30
4886,User4886,56,d10
4887,User4887,37,d30
4888,User4888,35,d10
4889,User4889,58,d40
4890,User4890,49,d20
4891,User4891,63,d30
4892,User4892,21,d40
4893,User4893,27,d30
4894,User4894,64,d20
4895,User4895,62,d20
4896,User4896,29,d10
4897,User4897,64,d40
4898,User4898,37,d40
4899,User4899,19,d20
4900,User4900,39,d40
4901,User4901,61,d40
4902,User4902,40,d40
4903,User4903,43,d40
4904,User4904,51,d10
4905,User4905,36,d30
4906,User4906,62,d20
4907,User4907,24,d40
4908,User4908,38,d20
4909,User4909,63,d10
4910,User4910,47,d30
4911,User4911,54,d20
4912,User4912,46,d20
4913,User4913,36,d40
4914,User4914,31,d20
4915,User4915,65,d20
4916,User4916,65,d20
4917,User4917,41,d10
4918,User4918,61,d10
4919,User4919,42,d20
4920,User4920,61,d40
4921,User4921,21,d20
4922,User4922,40,d10
4923,User4923,29,d40
4924,User4924,25,d10
4925,User4925,55,d30
4926,User4926,27,d40
4927,User4927,33,d40
4928,User4928,25,d10
4929,User4929,43,d20
4930,User4930,37,d40
4931,User4931,59,d20
4932,User4932,62,d40
4933,User4933,47,d10
4934,User4934,35,d40
4935,User4935,41,d40
4936,User4936,25,d10
4937,User4937,23,d10
4938,User4938,49,d10
4939,User4939,19,d20
4940,User4940,35,d40
4941,User4941,55,d10
4942,User4942,42,d20
4943,User4943,59,d40
4944,User4944,37,d40
4945,User4945,24,d20
4946,User4946,22,d30
4947,User4947,43,d20
4948,User4948,43,d10
4949,User4949,22,d40
4950,User4950,31,d10
4951,User4951,29,d10
4952,User4952,18,d20
4953,User4953,38,d40
4954,User4954,20,d10
4955,User4955,54,d20
4956,User4956,59,d20
4957,User4957,23,d20
4958,User4958,20,d30
4959,User4959,25,d10
4960,User4960,41,d30
4961,User4961,45,d20
4962,User4962,33,d10
4963,User4963,20,d30
4964,User4964,60,d30
4965,User4965,26,d40
4966,User4966,62,d40
4967,User4967,51,d30
4968,User4968,56,d30
4969,User4969,62,d20
4970,User4970,60,d10
4971,User4971,33,d10
4972,User4972,30,d10
4973,User4973,37,d20
4974,User4974,26,d20
4975,User4975,55,d20
4976,User4976,35,d30
4977,User4977,64,d20
4978,User4978,22,d40
4979,User4979,34,d30
4980,User4980,59,d40
4981,User4981,43,d20
4982,User4982,23,d40
4983,User4983,61,d30
4984,User4984,62,d40
4985,User4985,52,d20
4986,User4986,22,d20
4987,User4987,58,d30
4988,User4988,63,d20
4989,User4989,54,d30
4990,User4990,44,d20
4991,User4991,38,d20
4992,User4992,42,d40
4993,User4993,56,d10
4994,User4994,22,d20
4995,User4995,25,d30
4996,User4996,61,d10
4997,User4997,22,d40
4998,User4998,58,d30
4999,User4999,41,d10
5000,User5000,35,d30
5001,User5001,32,d20
5002,User5002,18,d30
5003,User5003,42,d10
5004,User5004,42,d20
5005,User5005,25,d10
5006,User5006,51,d20
5007,User5007,55,d30
5008,User5008,24,d40
5009,User5009,62,d30
5010,User5010,53,d30
5011,User5011,56,d30
5012,User5012,21,d10
5013,User5013,38,d20
5014,User5014,29,d40
5015,User5015,65,d30
5016,User5016,48,d40
5017,User5017,34,d20
5018,User5018,61,d10
5019,User5019,60,d20
5020,User5020,27,d20
5021,User5021,54,d40
5022,User5022,21,d30
5023,User5023,63,d30
5024,User5024,61,d20
5025,User5025,63,d40
5026,User5026,29,d40
5027,User5027,40,d40
5028,User5028,50,d40
5029,User5029,35,d30
5030,User5030,51,d40
5031,User5031,37,d20
5032,User5032,37,d10
5033,User5033,38,d40
5034,User5034,58,d10
5035,User5035,22,d10
5036,User5036,23,d20
5037,User5037,54,d20
5038,User5038,23,d10
5039,User5039,53,d30
5040,User5040,18,d40
5041,User5041,61,d40
5042,User5042,48,d20
5043,User5043,50,d40
5044,User5044,43,d10
5045,User5045,57,d10
5046,User5046,65,d20
5047,User5047,63,d10
5048,User5048,62,d40
5049,User5049,33,d30
5050,User5050,56,d10
5051,User5051,28,d40
5052,User5052,29,d20
5053,User5053,41,d10
5054,User5054,50,d20
5055,User5055,21,d30
5056,User5056,49,d40
5057,User5057,28,d40
5058,User5058,25,d30
5059,User5059,61,d30
5060,User5060,52,d20
5061,User5061,36,d10
5062,User5062,48,d30
5063,User5063,34,d30
5064,User5064,18,d20
5065,User5065,31,d40
5066,User5066,59,d30
5067,User5067,47,d10
5068,User5068,21,d40
5069,User5069,18,d30
5070,User5070,39,d40
5071,User5071,40,d30
5072,User5072,18,d10
5073,User5073,64,d30
5074,User5074,43,d20
5075,User5075,18,d30
5076,User5076,45,d10
5077,User5077,30,d40
5078,User5078,51,d10
5079,User5079,44,d20
5080,User5080,49,d10
5081,User5081,27,d10
5082,User5082,32,d30
5083,User5083,43,d40
5084,User5084,37,d30
5085,User5085,45,d30
5086,User5086,52,d20
5087,User5087,24,d30
5088,User5088,60,d40
5089,User5089,28,d40
5090,User5090,40,d20
5091,User5091,18,d40
5092,User5092,63,d30
5093,User5093,25,d20
5094,User5094,36,d20
5095,User5095,26,d10
5096,User5096,44,d40
5097,User5097,20,d30
5098,User5098,60,d20
5099,User5099,48,d20
5100,User5100,25,d30
5101,User5101,49,d40
5102,User5102,61,d40
5103,User5103,38,d20
5104,User5104,50,d40
5105,User5105,26,d40
5106,User5106,24,d10
5107,User5107,26,d10
5108,User5108,40,d20
5109,User5109,61,d10
5110,User5110,21,d20
5111,User5111,45,d30
5112,User5112,45,d10
5113,User5113,36,d40
5114,User5114,49,d30
5115,User5115,45,d10
5116,User5116,57,d20
5117,User5117,64,d20
5118,User5118,33,d20
5119,User5119,25,d30
5120,User5120,62,d30
5121,User5121,60,d20
5122,User5122,30,d40
5123,User5123,63,d40
5124,User5124,62,d10
5125,User5125,30,d20
5126,User5126,32,d20
5127,User5127,26,d10
5128,User5128,20,d40
5129,User5129,30,d30
5130,User5130,45,d20
5131,User5131,57,d10
5132,User5132,23,d20
5133,User5133,42,d10
5134,User5134,51,d40
5135,User5135,62,d30
5136,User5136,32,d20
5137,User5137,45,d30
5138,User5138,21,d40
5139,User5139,59,d40
5140,User5140,37,d10
5141,User5141,35,d10
5142,User5142,35,d30
5143,User5143,63,d30
5144,User5144,33,d40
5145,User5145,21,d30
5146,User5146,20,d20
5147,User5147,21,d10
5148,User5148,31,d30
5149,User5149,48,d30
5150,User5150,56,d30
5151,User5151,45,d10
5152,User5152,34,d20
5153,User5153,41,d40
5154,User5154,37,d30
5155,User5155,24,d10
5156,User5156,61,d10
5157,User5157,39,d20
5158,User5158,65,d30
5159,User5159,65,d30
5160,User5160,33,d30
5161,User5161,31,d30
5162,User5162,23,d40
5163,User5163,26,d10
5164,User5164,20,d10
5165,User5165,30,d20
5166,User5166,24,d40
5167,User5167,52,d10
5168,User5168,37,d30
5169,User5169,30,d40
5170,User5170,20,d20
5171,User5171,30,d20
5172,User5172,53,d40
5173,User5173,53,d30
5174,User5174,41,d30
5175,User5175,58,d40
5176,User5176,45,d10
5177,User5177,48,d10
5178,User5178,51,d40
5179,User5179,28,d10
5180,User5180,62,d30
5181,User5181,36,d20
5182,User5182,54,d10
5183,User5183,62,d10
5184,User5184,65,d20
5185,User5185,49,d40
5186,User5186,28,d10
5187,User5187,50,d40
5188,User5188,53,d40
5189,User5189,43,d40
5190,User5190,31,d30
5191,User5191,18,d20
5192,User5192,54,d20
5193,User5193,55,d20
5194,User5194,50,d10
5195,User5195,50,d40
5196,User5196,37,d30
5197,User5197,36,d20
5198,User5198,53,d30
5199,User5199,28,d10
5200,User5200,20,d20
5201,User5201,36,d20
5202,User5202,58,d10
5203,User5203,35,d20
5204,User5204,35,d20
5205,User5205,59,d10
5206,User5206,31,d20
5207,User5207,18,d10
5208,User5208,58,d30
5209,User5209,38,d30
5210,User5210,63,d10
5211,User5211,64,d30
5212,User5212,44,d20
5213,User5213,38,d30
5214,User5214,58,d10
5215,User5215,40,d10
5216,User5216,64,d20
5217,User5217,29,d30
5218,User5218,19,d30
5219,User5219,64,d10
5220,User5220,59,d40
5221,User5221,58,d30
5222,User5222,46,d20
5223,User5223,38,d20
5224,User5224,31,d30
5225,User5225,27,d40
5226,User5226,32,d40
5227,User5227,41,d40
5228,User5228,48,d20
5229,User5229,49,d10
5230,User5230,47,d20
5231,User5231,29,d20
5232,User5232,54,d20
5233,User5233,64,d40
5234,User5234,59,d20
5235,User5235,19,d30
5236,User5236,28,d30
5237,User5237,43,d20
5238,User5238,22,d20
5239,User5239,22,d20
5240,User5240,33,d40
5241,User5241,59,d40
5242,User5242,24,d40
5243,User5243,64,d20
5244,User5244,56,d10
5245,User5245,42,d10
5246,User5246,19,d40
5247,User5247,18,d10
5248,User5248,26,d10
5249,User5249,23,d20
5250,User5250,27,d30
5251,User5251,18,d10
5252,User5252,52,d10
5253,User5253,63,d30
5254,User5254,30,d10
5255,User5255,48,d20
5256,User5256,28,d40
5257,User5257,39,d30
5258,User5258,27,d40
5259,User5259,21,d20
5260,User5260,58,d30
5261,User5261,19,d10
5262,User5262,24,d10
5263,User5263,24,d30
5264,User5264,27,d40
5265,User5265,32,d10
5266,User5266,32,d10
5267,User5267,42,d40
5268,User5268,40,d20
5269,User5269,32,d30
5270,User5270,61,d40
5271,User5271,49,d10
5272,User5272,25,d20
5273,User5273,24,d20
5274,User5274,40,d30
5275,User5275,57,d10
5276,User5276,25,d30
5277,User5277,23,d30
5278,User5278,56,d10
5279,User5279,29,d20
5280,User5280,51,d40
5281,User5281,56,d30
5282,User5282,61,d20
5283,User5283,27,d40
5284,User5284,57,d30
5285,User5285,40,d30
5286,User5286,35,d10
5287,User5287,60,d40
5288,User5288,34,d30
5289,User5289,18,d10
5290,User5290,59,d20
5291,User5291,38,d20
5292,User5292,42,d20
5293,User5293,64,d40
5294,User5294,22,d40
5295,User5295,54,d10
5296,User5296,64,d40
5297,User5297,27,d30
5298,User5298,38,d10
5299,User5299,29,d20
5300,User5300,40,d40
5301,User5301,49,d30
5302,User5302,48,d40
5303,User5303,56,d40
5304,User5304,26,d30
5305,User5305,42,d20
5306,User5306,53,d40
5307,User5307,52,d40
5308,User5308,52,d40
5309,User5309,42,d20
5310,User5310,55,d10
5311,User5311,51,d40
5312,User5312,62,d20
5313,User5313,33,d10
5314,User5314,18,d30
5315,User5315,19,d20
5316,User5316,53,d30
5317,User5317,26,d40
5318,User5318,21,d10
5319,User5319,41,d30
5320,User5320,36,d20
5321,User5321,27,d40
5322,User5322,33,d40
5323,User5323,32,d20
5324,User5324,65,d10
5325,User5325,25,d20
5326,User5326,42,d20
5327,User5327,62,d10
5328,User5328,41,d40
5329,User5329,62,d10
5330,User5330,60,d10
5331,User5331,48,d10
5332,User5332,19,d20
5333,User5333,41,d20
5334,User5334,23,d20
5335,User5335,22,d20
5336,User5336,54,d10
5337,User5337,27,d40
5338,User5338,48,d20
5339,User5339,65,d20
5340,User5340,48,d30
5341,User5341,64,d40
5342,User5342,46,d30
5343,User5343,36,d10
5344,User5344,27,d10
5345,User5345,59,d10
5346,User5346,56,d10
5347,User5347,50,d20
5348,User5348,18,d20
5349,User5349,45,d40
5350,User5350,53,d40
5351,User5351,54,d30
5352,User5352,63,d30
5353,User5353,45,d20
5354,User5354,35,d20
5355,User5355,51,d10
5356,User5356,26,d40
5357,User5357,43,d20
5358,User5358,32,d10
5359,User5359,29,d40
5360,User5360,62,d10
5361,User5361,48,d40
5362,User5362,59,d30
5363,User5363,42,d40
5364,User5364,21,d20
5365,User5365,59,d30
5366,User5366,30,d40
5367,User5367,24,d30
5368,User5368,22,d10
5369,User5369,56,d30
5370,User5370,19,d30
5371,User5371,36,d20
5372,User5372,52,d20
5373,User5373,22,d10
5374,User5374,56,d20
5375,User5375,37,d10
5376,User5376,53,d20
5377,User5377,58,d20
5378,User5378,33,d10
5379,User5379,23,d30
5380,User5380,54,d10
5381,User5381,20,d40
5382,User5382,38,d10
5383,User5383,37,d10
5384,User5384,40,d10
5385,User5385,43,d30
5386,User5386,38,d20
5387,User5387,64,d40
5388,User5388,26,d30
5389,User5389,39,d10
5390,User5390,65,d40
5391,User5391,50,d10
5392,User5392,19,d20
5393,User5393,48,d40
5394,User5394,36,d10
5395,User5395,27,d20
5396,User5396,23,d40
5397,User5397,63,d10
5398,User5398,31,d20
5399,User5399,63,d20
5400,User5400,50,d20
5401,User5401,46,d30
5402,User5402,39,d20
5403,User5403,41,d30
5404,User5404,20,d40
5405,User5405,33,d40
5406,User5406,57,d20
5407,User5407,27,d10
5408,User5408,24,d40
5409,User5409,27,d10
5410,User5410,53,d30
5411,User5411,49,d10
5412,User5412,47,d10
5413,User5413,28,d30
5414,User5414,28,d30
5415,User5415,35,d10
5416,User5416,40,d30
5417,User5417,22,d10
5418,User5418,63,d20
5419,User5419,34,d40
5420,User5420,34,d40
5421,User5421,59,d40
5422,User5422,25,d20
5423,User5423,20,d40
5424,User5424,36,d30
5425,User5425,44,d40
5426,User5426,46,d20
5427,User5427,50,d30
5428,User5428,41,d30
5429,User5429,61,d10
5430,User5430,50,d40
5431,User5431,34,d40
5432,User5432,57,d10
5433,User5433,65,d10
5434,User5434,62,d20
5435,User5435,27,d10
5436,User5436,36,d10
5437,User5437,28,d40
5438,User5438,22,d40
5439,User5439,42,d20
5440,User5440,60,d40
5441,User5441,40,d10
5442,User5442,47,d40
5443,User5443,24,d40
5444,User5444,29,d10
5445,User5445,43,d10
5446,User5446,30,d40
5447,User5447,39,d40
5448,User5448,38,d10
5449,User5449,56,d30
5450,User5450,31,d40
5451,User5451,25,d40
5452,User5452,47,d30
5453,User5453,52,d10
5454,User5454,48,d20
5455,User5455,58,d20
5456,User5456,38,d20
5457,User5457,56,d10
5458,User5458,21,d40
5459,User5459,45,d30
5460,User5460,31,d40
5461,User5461,31,d10
5462,User5462,61,d10
5463,User5463,35,d40
5464,User5464,58,d30
5465,User5465,23,d20
5466,User5466,22,d20
5467,User5467,43,d30
5468,User5468,37,d10
5469,User5469,44,d40
5470,User5470,60,d20
5471,User5471,29,d30
5472,User5472,23,d10
5473,User5473,39,d40
5474,User5474,28,d30
5475,User5475,40,d20
5476,User5476,48,d40
5477,User5477,52,d40
5478,User5478,62,d20
5479,User5479,40,d40
5480,User5480,18,d40
5481,User5481,22,d20
5482,User5482,38,d20
5483,User5483,18,d30
5484,User5484,47,d20
5485,User5485,49,d20
5486,User5486,25,d30
5487,User5487,34,d40
5488,User5488,46,d10
5489,User5489,58,d20
5490,User5490,58,d40
5491,User5491,20,d10
5492,User5492,65,d20
5493,User5493,44,d20
5494,User5494,56,d20
5495,User5495,31,d40
5496,User5496,31,d30
5497,User5497,61,d20
5498,User5498,41,d10
5499,User5499,19,d30
5500,User5500,37,d30
5501,User5501,62,d10
5502,User5502,59,d40
5503,User5503,44,d40
5504,User5504,40,d40
5505,User5505,52,d30
5506,User5506,51,d40
5507,User5507,25,d30
5508,User5508,47,d20
5509,User5509,41,d40
5510,User5510,53,d20
5511,User5511,52,d20
5512,User5512,42,d40
5513,User5513,60,d30
5514,User5514,58,d40
5515,User5515,62,d30
5516,User5516,23,d10
5517,User5517,23,d10
5518,User5518,57,d10
5519,User5519,24,d40
5520,User5520,65,d40
5521,User5521,58,d10
5522,User5522,50,d40
5523,User5523,60,d10
5524,User5524,44,d30
5525,User5525,32,d20
5526,User5526,53,d40
5527,User5527,25,d40
5528,User5528,48,d20
5529,User5529,40,d10
5530,User5530,44,d40
5531,User5531,18,d40
5532,User5532,32,d30
5533,User5533,35,d30
5534,User5534,37,d30
5535,User5535,61,d40
5536,User5536,18,d20
5537,User5537,20,d40
5538,User5538,19,d10
5539,User5539,41,d20
5540,User5540,39,d30
5541,User5541,54,d20
5542,User5542,33,d40
5543,User5543,30,d40
5544,User5544,21,d40
5545,User5545,26,d40
5546,User5546,64,d40
5547,User5547,43,d20
5548,User5548,51,d30
5549,User5549,45,d20
5550,User5550,24,d20
5551,User5551,50,d20
5552,User5552,58,d10
5553,User5553,58,d40
5554,User5554,53,d30
5555,User5555,38,d20
5556,User5556,23,d20
5557,User5557,19,d10
5558,User5558,18,d40
5559,User5559,19,d20
5560,User5560,54,d10
5561,User5561,19,d40
5562,User5562,47,d20
5563,User5563,29,d30
5564,User5564,59,d20
5565,User5565,37,d20
5566,User5566,52,d20
5567,User5567,64,d20
5568,User5568,34,d40
5569,User5569,35,d10
5570,User5570,27,d10
5571,User5571,58,d10
5572,User5572,25,d10
5573,User5573,56,d40
5574,User5574,24,d10
5575,User5575,36,d20
5576,User5576,29,d30
5577,User5577,22,d10
5578,User5578,41,d40
5579,User5579,43,d20
5580,User5580,49,d10
5581,User5581,44,d10
5582,User5582,49,d10
5583,User5583,31,d10
5584,User5584,42,d40
5585,User5585,58,d30
5586,User5586,28,d40
5587,User5587,37,d20
5588,User5588,29,d10
5589,User5589,25,d10
5590,User5590,40,d30
5591,User5591,57,d40
5592,User5592,28,d10
5593,User5593,25,d30
5594,User5594,56,d20
5595,User5595,52,d10
5596,User5596,51,d10
5597,User5597,31,d20
5598,User5598,25,d30
5599,User5599,19,d20
5600,User5600,26,d30
5601,User5601,23,d20
5602,User5602,35,d20
5603,User5603,48,d30
5604,User5604,23,d20
5605,User5605,63,d30
5606,User5606,47,d30
5607,User5607,45,d40
5608,User5608,30,d40
5609,User5609,29,d30
5610,User5610,61,d20
5611,User5611,43,d30
5612,User5612,55,d10
5613,User5613,28,d30
5614,User5614,64,d20
5615,User5615,45,d40
5616,User5616,45,d40
5617,User5617,38,d30
5618,User5618,56,d10
5619,User5619,45,d40
5620,User5620,54,d20
5621,User5621,41,d30
5622,User5622,46,d10
5623,User5623,20,d20
5624,User5624,55,d30
5625,User5625,36,d40
5626,User5626,43,d30
5627,User5627,25,d10
5628,User5628,38,d20
5629,User5629,29,d40
5630,User5630,33,d30
5631,User5631,31,d10
5632,User5632,41,d30
5633,User5633,38,d20
5634,User5634,18,d10
5635,User5635,62,d30
5636,User5636,63,d10
5637,User5637,31,d30
5638,User5638,54,d40
5639,User5639,32,d30
5640,User5640,42,d10
5641,User5641,56,d30
5642,User5642,51,d20
5643,User5643,24,d20
5644,User5644,63,d30
5645,User5645,54,d10
5646,User5646,61,d40
5647,User5647,38,d40
5648,User5648,30,d30
5649,User5649,21,d20
5650,User5650,49,d40
5651,User5651,35,d10
5652,User5652,25,d40
5653,User5653,46,d10
5654,User5654,56,d20
5655,User5655,55,d30
5656,User5656,33,d40
5657,User5657,36,d10
5658,User5658,59,d10
5659,User5659,47,d10
5660,User5660,26,d30
5661,User5661,20,d40
5662,User5662,39,d10
5663,User5663,22,d10
5664,User5664,24,d40
5665,User5665,64,d40
5666,User5666,35,d30
5667,User5667,40,d30
5668,User5668,23,d40
5669,User5669,49,d30
5670,User5670,43,d10
5671,User5671,62,d30
5672,User5672,49,d40
5673,User5673,41,d10
5674,User5674,19,d10
5675,User5675,21,d20
5676,User5676,26,d10
5677,User5677,38,d10
5678,User5678,32,d40
5679,User5679,23,d20
5680,User5680,64,d20
5681,User5681,52,d30
5682,User5682,62,d10
5683,User5683,34,d10
5684,User5684,25,d10
5685,User5685,37,d10
5686,User5686,34,d10
5687,User5687,62,d30
5688,User5688,35,d40
5689,User5689,26,d20
5690,User5690,25,d40
5691,User5691,38,d20
5692,User5692,55,d20
5693,User5693,58,d40
5694,User5694,60,d40
5695,User5695,51,d10
5696,User5696,54,d20
5697,User5697,60,d40
5698,User5698,35,d40
5699,User5699,64,d30
5700,User5700,32,d40
5701,User5701,34,d10
5702,User5702,63,d30
5703,User5703,40,d10
5704,User5704,60,d20
5705,User5705,62,d20
5706,User5706,22,d10
5707,User5707,21,d40
5708,User5708,18,d20
5709,User5709,47,d20
5710,User5710,30,d40
5711,User5711,24,d40
5712,User5712,31,d30
5713,User5713,37,d30
5714,User5714,59,d40
5715,User5715,50,d20
5716,User5716,26,d10
5717,User5717,41,d20
5718,User5718,46,d40
5719,User5719,43,d20
5720,User5720,22,d20
5721,User5721,45,d30
5722,User5722,61,d20
5723,User5723,54,d30
5724,User5724,27,d10
5725,User5725,24,d40
5726,User5726,33,d10
5727,User5727,47,d10
5728,User5728,35,d20
5729,User5729,48,d10
5730,User5730,40,d40
5731,User5731,25,d30
5732,User5732,40,d10
5733,User5733,31,d40
5734,User5734,43,d20
5735,User5735,50,d40
5736,User5736,21,d30
5737,User5737,35,d40
5738,User5738,24,d30
5739,User5739,59,d10
5740,User5740,64,d40
5741,User5741,30,d40
5742,User5742,30,d30
5743,User5743,29,d40
5744,User5744,51,d30
5745,User5745,51,d40
5746,User5746,24,d40
5747,User5747,59,d10
5748,User5748,25,d20
5749,User5749,25,d20
5750,User5750,20,d10
5751,User5751,33,d30
5752,User5752,52,d10
5753,User5753,35,d10
5754,User5754,57,d20
5755,User5755,43,d40
5756,User5756,24,d40
5757,User5757,64,d20
5758,User5758,49,d30
5759,User5759,28,d20
5760,User5760,40,d20
5761,User5761,63,d30
5762,User5762,64,d30
5763,User5763,24,d10
5764,User5764,50,d20
5765,User5765,65,d40
5766,User5766,62,d30
5767,User5767,28,d20
5768,User5768,61,d30
5769,User5769,28,d10
5770,User5770,39,d20
5771,User5771,27,d40
5772,User5772,60,d10
5773,User5773,45,d40
5774,User5774,19,d30
5775,User5775,34,d20
5776,User5776,28,d10
5777,User5777,56,d10
5778,User5778,48,d30
5779,User5779,49,d10
5780,User5780,48,d20
5781,User5781,20,d10
5782,User5782,54,d10
5783,User5783,32,d30
5784,User5784,27,d20
5785,User5785,24,d10
5786,User5786,65,d30
5787,User5787,46,d30
5788,User5788,65,d40
5789,User5789,52,d30
5790,User5790,60,d30
5791,User5791,34,d40
5792,User5792,47,d30
5793,User5793,40,d10
5794,User5794,63,d30
5795,User5795,51,d30
5796,User5796,25,d40
5797,User5797,61,d30
5798,User5798,27,d10
5799,User5799,32,d40
5800,User5800,40,d20
5801,User5801,19,d40
5802,User5802,54,d20
5803,User5803,41,d40
5804,User5804,65,d20
5805,User5805,30,d10
5806,User5806,58,d40
5807,User5807,35,d10
5808,User5808,51,d40
5809,User5809,34,d20
5810,User5810,39,d30
5811,User5811,55,d40
5812,User5812,35,d40
5813,User5813,30,d30
5814,User5814,55,d10
5815,User5815,57,d30
5816,User5816,45,d10
5817,User5817,54,d40
5818,User5818,36,d30
5819,User5819,18,d10
5820,User5820,61,d40
5821,User5821,47,d20
5822,User5822,51,d20
5823,User5823,57,d30
5824,User5824,37,d20
5825,User5825,36,d40
5826,User5826,36,d10
5827,User5827,47,d10
5828,User5828,31,d10
5829,User5829,55,d30
5830,User5830,21,d10
5831,User5831,37,d40
5832,User5832,45,d10
5833,User5833,60,d30
5834,User5834,21,d10
5835,User5835,26,d30
5836,User5836,36,d30
5837,User5837,23,d20
5838,User5838,27,d30
5839,User5839,45,d20
5840,User5840,36,d10
5841,User5841,20,d20
5842,User5842,40,d40
5843,User5843,61,d20
5844,User5844,45,d40
5845,User5845,24,d40
5846,User5846,37,d30
5847,User5847,29,d30
5848,User5848,61,d40
5849,User5849,55,d30
5850,User5850,61,d20
5851,User5851,34,d20
5852,User5852,44,d20
5853,User5853,37,d20
5854,User5854,23,d30
5855,User5855,54,d30
5856,User5856,52,d40
5857,User5857,42,d20
5858,User5858,24,d40
5859,User5859,51,d20
5860,User5860,62,d40
5861,User5861,50,d30
5862,User5862,47,d30
5863,User5863,45,d30
5864,User5864,44,d40
5865,User5865,47,d40
5866,User5866,53,d10
5867,User5867,44,d10
5868,User5868,26,d10
5869,User5869,33,d30
5870,User5870,26,d30
5871,User5871,21,d30
5872,User5872,26,d40
5873,User5873,60,d40
5874,User5874,47,d10
5875,User5875,21,d40
5876,User5876,21,d10
5877,User5877,59,d30
5878,User5878,39,d10
5879,User5879,36,d10
5880,User5880,62,d40
5881,User5881,21,d30
5882,User5882,65,d10
5883,User5883,62,d10
5884,User5884,51,d20
5885,User5885,53,d20
5886,User5886,26,d40
5887,User5887,61,d20
5888,User5888,37,d20
5889,User5889,64,d30
5890,User5890,49,d10
5891,User5891,25,d20
5892,User5892,18,d10
5893,User5893,56,d20
5894,User5894,51,d10
5895,User5895,33,d10
5896,User5896,24,d20
5897,User5897,19,d40
5898,User5898,43,d40
5899,User5899,25,d10
5900,User5900,43,d30
5901,User5901,29,d40
5902,User5902,52,d20
5903,User5903,57,d30
5904,User5904,60,d40
5905,User5905,45,d10
5906,User5906,58,d20
5907,User5907,29,d10
5908,User5908,65,d20
5909,User5909,28,d20
5910,User5910,48,d20
5911,User5911,36,d40
5912,User5912,60,d30
5913,User5913,55,d10
5914,User5914,41,d40
5915,User5915,43,d30
5916,User5916,62,d40
5917,User5917,47,d10
5918,User5918,45,d40
5919,User5919,19,d20
5920,User5920,47,d30
5921,User5921,54,d10
5922,User5922,18,d40
5923,User5923,20,d30
5924,User5924,20,d40
5925,User5925,26,d30
5926,User5926,64,d40
5927,User5927,35,d40
5928,User5928,28,d10
5929,User5929,50,d30
5930,User5930,40,d20
5931,User5931,50,d40
5932,User5932,29,d10
5933,User5933,40,d20
5934,User5934,47,d30
5935,User5935,35,d20
5936,User5936,43,d30
5937,User5937,59,d10
5938,User5938,42,d40
5939,User5939,56,d40
5940,User5940,54,d20
5941,User5941,26,d30
5942,User5942,55,d30
5943,User5943,55,d30
5944,User5944,22,d40
5945,User5945,19,d10
5946,User5946,32,d20
5947,User5947,60,d10
5948,User5948,49,d10
5949,User5949,38,d40
5950,User5950,64,d20
5951,User5951,24,d20
5952,User5952,64,d20
5953,User5953,44,d40
5954,User5954,21,d10
5955,User5955,25,d30
5956,User5956,65,d10
5957,User5957,46,d10
5958,User5958,56,d30
5959,User5959,29,d10
5960,User5960,24,d30
5961,User5961,42,d40
5962,User5962,58,d20
5963,User5963,30,d20
5964,User5964,49,d30
5965,User5965,61,d40
5966,User5966,32,d30
5967,User5967,65,d20
5968,User5968,45,d20
5969,User5969,23,d20
5970,User5970,58,d10
5971,User5971,31,d10
5972,User5972,26,d10
5973,User5973,41,d10
5974,User5974,54,d40
5975,User5975,39,d10
5976,User5976,61,d20
5977,User5977,30,d40
5978,User5978,54,d20
5979,User5979,50,d40
5980,User5980,40,d30
5981,User5981,22,d20
5982,User5982,45,d40
5983,User5983,22,d40
5984,User5984,26,d10
5985,User5985,24,d30
5986,User5986,49,d10
5987,User5987,21,d20
5988,User5988,19,d30
5989,User5989,36,d20
5990,User5990,42,d30
5991,User5991,22,d30
5992,User5992,36,d20
5993,User5993,52,d10
5994,User5994,51,d20
5995,User5995,43,d30
5996,User5996,52,d10
5997,User5997,55,d10
5998,User5998,34,d40
5999,User5999,20,d10
6000,User6000,44,d30
6001,User6001,30,d30
6002,User6002,21,d30
6003,User6003,31,d20
6004,User6004,60,d30
6005,User6005,33,d10
6006,User6006,22,d40
6007,User6007,40,d10
6008,User6008,44,d10
6009,User6009,53,d10
6010,User6010,26,d40
6011,User6011,64,d30
6012,User6012,24,d10
6013,User6013,49,d10
6014,User6014,59,d20
6015,User6015,45,d30
6016,User6016,37,d40
6017,User6017,19,d20
6018,User6018,19,d10
6019,User6019,52,d20
6020,User6020,61,d40
6021,User6021,53,d10
6022,User6022,21,d40
6023,User6023,42,d40
6024,User6024,45,d20
6025,User6025,53,d40
6026,User6026,25,d20
6027,User6027,25,d40
6028,User6028,40,d30
6029,User6029,39,d20
6030,User6030,21,d40
6031,User6031,32,d20
6032,User6032,55,d10
6033,User6033,32,d10
6034,User6034,65,d40
6035,User6035,18,d10
6036,User6036,21,d20
6037,User6037,21,d10
6038,User6038,46,d20
6039,User6039,36,d20
6040,User6040,38,d10
6041,User6041,56,d30
6042,User6042,36,d20
6043,User6043,56,d20
6044,User6044,48,d40
6045,User6045,60,d10
6046,User6046,22,d10
6047,User6047,52,d30
6048,User6048,49,d20
6049,User6049,32,d30
6050,User6050,63,d40
6051,User6051,41,d30
6052,User6052,59,d30
6053,User6053,51,d20
6054,User6054,38,d30
6055,User6055,21,d10
6056,User6056,44,d30
6057,User6057,35,d40
6058,User6058,31,d10
6059,User6059,51,d20
6060,User6060,37,d20
6061,User6061,25,d20
6062,User6062,64,d30
6063,User6063,20,d20
6064,User6064,62,d20
6065,User6065,59,d40
6066,User6066,25,d40
6067,User6067,49,d10
6068,User6068,35,d10
6069,User6069,55,d30
6070,User6070,37,d40
6071,User6071,21,d10
6072,User6072,57,d30
6073,User6073,49,d40
6074,User6074,42,d10
6075,User6075,46,d40
6076,User6076,32,d10
6077,User6077,42,d20
6078,User6078,60,d20
6079,User6079,52,d40
6080,User6080,60,d10
6081,User6081,20,d30
6082,User6082,19,d30
6083,User6083,34,d30
6084,User6084,19,d20
6085,User6085,64,d30
6086,User6086,45,d40
6087,User6087,24,d10
6088,User6088,64,d40
6089,User6089,52,d30
6090,User6090,45,d40
6091,User6091,28,d30
6092,User6092,47,d40
6093,User6093,26,d20
6094,User6094,35,d10
6095,User6095,23,d30
6096,User6096,52,d20
6097,User6097,39,d30
6098,User6098,20,d40
6099,User6099,41,d30
6100,User6100,60,d30
6101,User6101,59,d30
6102,User6102,25,d10
6103,User6103,54,d30
6104,User6104,34,d30
6105,User6105,46,d20
6106,User6106,19,d40
6107,User6107,18,d40
6108,User6108,20,d40
6109,User6109,48,d30
6110,User6110,44,d20
6111,User6111,55,d10
6112,User6112,35,d10
6113,User6113,22,d30
6114,User6114,29,d40
6115,User6115,35,d30
6116,User6116,49,d30
6117,User6117,32,d20
6118,User6118,27,d20
6119,User6119,32,d10
6120,User6120,59,d10
6121,User6121,29,d10
6122,User6122,55,d40
6123,User6123,20,d30
6124,User6124,21,d20
6125,User6125,34,d30
6126,User6126,61,d10
6127,User6127,52,d30
6128,User6128,56,d10
6129,User6129,40,d20
6130,User6130,22,d10
6131,User6131,25,d40
6132,User6132,33,d10
6133,User6133,38,d20
6134,User6134,61,d30
6135,User6135,22,d40
6136,User6136,36,d40
6137,User6137,19,d20
6138,User6138,56,d30
6139,User6139,39,d30
6140,User6140,59,d40
6141,User6141,48,d30
6142,User6142,57,d30
6143,User6143,28,d10
6144,User6144,20,d30
6145,User6145,27,d30
6146,User6146,24,d10
6147,User6147,38,d20
6148,User6148,31,d30
6149,User6149,55,d40
6150,User6150,60,d10
6151,User6151,42,d20
6152,User6152,22,d10
6153,User6153,54,d20
6154,User6154,52,d40
6155,User6155,51,d10
6156,User6156,56,d10
6157,User6157,60,d40
6158,User6158,38,d40
6159,User6159,30,d30
6160,User6160,33,d30
6161,User6161,33,d30
6162,User6162,32,d30
6163,User6163,38,d40
6164,User6164,62,d10
6165,User6165,46,d20
6166,User6166,41,d40
6167,User6167,40,d10
6168,User6168,41,d10
6169,User6169,56,d40
6170,User6170,46,d20
6171,User6171,32,d40
6172,User6172,52,d20
6173,User6173,44,d20
6174,User6174,56,d20
6175,User6175,36,d30
6176,User6176,38,d30
6177,User6177,23,d10
6178,User6178,44,d40
6179,User6179,54,d20
6180,User6180,58,d40
6181,User6181,29,d20
6182,User6182,18,d40
6183,User6183,25,d20
6184,User6184,34,d40
6185,User6185,65,d40
6186,User6186,26,d10
6187,User6187,45,d10
6188,User6188,62,d10
6189,User6189,22,d20
6190,User6190,50,d20
6191,User6191,45,d40
6192,User6192,26,d30
6193,User6193,62,d40
6194,User6194,63,d20
6195,User6195,25,d30
6196,User6196,39,d30
6197,User6197,64,d10
6198,User6198,22,d10
6199,User6199,46,d30
6200,User6200,58,d40
6201,User6201,65,d40
6202,User6202,36,d40
6203,User6203,62,d40
6204,User6204,64,d20
6205,User6205,64,d20
6206,User6206,27,d10
6207,User6207,55,d10
6208,User6208,61,d30
6209,User6209,42,d40
6210,User6210,46,d30
6211,User6211,50,d20
6212,User6212,24,d30
6213,User6213,37,d20
6214,User6214,39,d40
6215,User6215,54,d10
6216,User6216,36,d40
6217,User6217,42,d30
6218,User6218,29,d30
6219,User6219,20,d20
6220,User6220,45,d20
6221,User6221,54,d30
6222,User6222,24,d30
6223,User6223,36,d30
6224,User6224,25,d20
6225,User6225,35,d30
6226,User6226,46,d40
6227,User6227,28,d20
6228,User6228,34,d30
6229,User6229,32,d10
6230,User6230,27,d30
6231,User6231,31,d10
6232,User6232,19,d20
6233,User6233,52,d10
6234,User6234,18,d20
6235,User6235,19,d40
6236,User6236,31,d30
6237,User6237,54,d30
6238,User6238,64,d40
6239,User6239,51,d40
6240,User6240,47,d20
6241,User6241,25,d30
6242,User6242,46,d10
6243,User6243,49,d40
6244,User6244,23,d30
6245,User6245,35,d20
6246,User6246,40,d10
6247,User6247,65,d10
6248,User6248,64,d20
6249,User6249,38,d10
6250,User6250,50,d20
6251,User6251,35,d30
6252,User6252,58,d40
6253,User6253,63,d10
6254,User6254,20,d30
6255,User6255,24,d40
6256,User6256,30,d30
6257,User6257,58,d10
6258,User6258,33,d10
6259,User6259,55,d20
6260,User6260,32,d40
6261,User6261,34,d20
6262,User6262,27,d40
6263,User6263,29,d40
6264,User6264,36,d40
6265,User6265,30,d20
6266,User6266,51,d10
6267,User6267,18,d20
6268,User6268,22,d40
6269,User6269,53,d40
6270,User6270,63,d20
6271,User6271,20,d20
6272,User6272,62,d40
6273,User6273,57,d30
6274,User6274,58,d40
6275,User6275,58,d20
6276,User6276,48,d30
6277,User6277,37,d20
6278,User6278,36,d20
6279,User6279,49,d40
6280,User6280,56,d40
6281,User6281,52,d30
6282,User6282,36,d40
6283,User6283,32,d10
6284,User6284,36,d10
6285,User6285,46,d40
6286,User6286,33,d30
6287,User6287,25,d40
6288,User6288,47,d20
6289,User6289,60,d30
6290,User6290,40,d10
6291,User6291,63,d40
6292,User6292,48,d20
6293,User6293,56,d40
6294,User6294,61,d40
6295,User6295,19,d20
6296,User6296,35,d30
6297,User6297,44,d20
6298,User6298,53,d10
6299,User6299,34,d30
6300,User6300,44,d30
6301,User6301,46,d40
6302,User6302,43,d40
6303,User6303,21,d30
6304,User6304,49,d30
6305,User6305,39,d20
6306,User6306,37,d10
6307,User6307,44,d40
6308,User6308,54,d20
6309,User6309,52,d20
6310,User6310,58,d20
6311,User6311,57,d10
6312,User6312,26,d30
6313,User6313,64,d10
6314,User6314,42,d10
6315,User6315,63,d10
6316,User6316,40,d30
6317,User6317,59,d10
6318,User6318,51,d10
6319,User6319,41,d20
6320,User6320,28,d20
6321,User6321,63,d40
6322,User6322,36,d20
6323,User6323,41,d20
6324,User6324,44,d30
6325,User6325,53,d20
6326,User6326,18,d20
6327,User6327,19,d10
6328,User6328,50,d10
6329,User6329,49,d40
6330,User6330,28,d10
6331,User6331,37,d30
6332,User6332,32,d10
6333,User6333,20,d20
6334,User6334,65,d30
6335,User6335,42,d10
6336,User6336,26,d40
6337,User6337,23,d30
6338,User6338,22,d10
6339,User6339,19,d40
6340,User6340,65,d10
6341,User6341,24,d20
6342,User6342,30,d40
6343,User6343,38,d30
6344,User6344,50,d40
6345,User6345,37,d10
6346,User6346,47,d30
6347,User6347,24,d20
6348,User6348,59,d30
6349,User6349,42,d40
6350,User6350,45,d30
6351,User6351,32,d10
6352,User6352,53,d40
6353,User6353,48,d30
6354,User6354,62,d30
6355,User6355,42,d20
6356,User6356,49,d10
6357,User6357,41,d40
6358,User6358,46,d10
6359,User6359,54,d20
6360,User6360,43,d10
6361,User6361,46,d20
6362,User6362,48,d30
6363,User6363,59,d10
6364,User6364,39,d30
6365,User6365,58,d20
6366,User6366,24,d10
6367,User6367,31,d20
6368,User6368,55,d40
6369,User6369,23,d20
6370,User6370,43,d20
6371,User6371,51,d40
6372,User6372,21,d20
6373,User6373,34,d40
6374,User6374,37,d40
6375,User6375,27,d30
6376,User6376,38,d10
6377,User6377,18,d40
6378,User6378,62,d30
6379,User6379,53,d20
6380,User6380,52,d40
6381,User6381,38,d40
6382,User6382,38,d20
6383,User6383,63,d40
6384,User6384,50,d40
6385,User6385,24,d10
6386,User6386,62,d40
6387,User6387,42,d10
6388,User6388,18,d20
6389,User6389,51,d20
6390,User6390,28,d10
6391,User6391,46,d20
6392,User6392,20,d10
6393,User6393,49,d40
6394,User6394,58,d20
6395,User6395,26,d40
6396,User6396,43,d40
6397,User6397,36,d10
6398,User6398,45,d10
6399,User6399,64,d30
6400,User6400,51,d30
6401,User6401,57,d30
6402,User6402,54,d30
6403,User6403,27,d20
6404,User6404,51,d30
6405,User6405,57,d20
6406,User6406,51,d30
6407,User6407,48,d30
6408,User6408,31,d40
6409,User6409,65,d30
6410,User6410,28,d20
6411,User6411,18,d40
6412,User6412,44,d30
6413,User6413,27,d20
6414,User6414,22,d40
6415,User6415,37,d10
6416,User6416,30,d20
6417,User6417,52,d10
6418,User6418,39,d40
6419,User6419,21,d10
6420,User6420,56,d40
6421,User6421,22,d20
6422,User6422,58,d30
6423,User6423,40,d20
6424,User6424,30,d10
6425,User6425,36,d30
6426,User6426,55,d40
6427,User6427,41,d30
6428,User6428,34,d40
6429,User6429,22,d20
6430,User6430,24,d20
6431,User6431,35,d20
6432,User6432,34,d20
6433,User6433,26,d10
6434,User6434,39,d40
6435,User6435,65,d30
6436,User6436,31,d40
6437,User6437,18,d20
6438,User6438,31,d20
6439,User6439,57,d10
6440,User6440,27,d20
6441,User6441,48,d20
6442,User6442,38,d10
6443,User6443,21,d10
6444,User6444,50,d20
6445,User6445,45,d40
6446,User6446,38,d40
6447,User6447,50,d30
6448,User6448,33,d10
6449,User6449,42,d40
6450,User6450,63,d40
6451,User6451,40,d40
6452,User6452,51,d30
6453,User6453,51,d30
6454,User6454,56,d10
6455,User6455,28,d20
6456,User6456,63,d30
6457,User6457,45,d20
6458,User6458,49,d40
6459,User6459,61,d30
6460,User6460,53,d10
6461,User6461,59,d40
6462,User6462,29,d30
6463,User6463,41,d10
6464,User6464,60,d40
6465,User6465,64,d30
6466,User6466,31,d40
6467,User6467,42,d20
6468,User6468,29,d30
6469,User6469,30,d10
6470,User6470,41,d40
6471,User6471,18,d20
6472,User6472,39,d30
6473,User6473,41,d10
6474,User6474,50,d30
6475,User6475,56,d10
6476,User6476,20,d30
6477,User6477,59,d30
6478,User6478,43,d40
6479,User6479,62,d10
6480,User6480,35,d30
6481,User6481,54,d10
6482,User6482,63,d10
6483,User6483,56,d40
6484,User6484,49,d40
6485,User6485,48,d20
6486,User6486,20,d10
6487,User6487,19,d30
6488,User6488,63,d20
6489,User6489,26,d20
6490,User6490,44,d10
6491,User6491,21,d10
6492,User6492,58,d40
6493,User6493,38,d10
6494,User6494,52,d10
6495,User6495,30,d30
6496,User6496,39,d10
6497,User6497,63,d30
6498,User6498,55,d20
6499,User6499,51,d30
6500,User6500,60,d10
6501,User6501,44,d40
6502,User6502,22,d10
6503,User6503,50,d20
6504,User6504,64,d20
6505,User6505,23,d30
6506,User6506,46,d20
6507,User6507,35,d10
6508,User6508,62,d20
6509,User6509,29,d40
6510,User6510,37,d10
6511,User6511,53,d30
6512,User6512,25,d30
6513,User6513,47,d30
6514,User6514,54,d10
6515,User6515,23,d40
6516,User6516,23,d10
6517,User6517,64,d20
6518,User6518,29,d10
6519,User6519,55,d30
6520,User6520,28,d10
6521,User6521,31,d10
6522,User6522,47,d30
6523,User6523,64,d10
6524,User6524,37,d20
6525,User6525,65,d20
6526,User6526,37,d20
6527,User6527,42,d10
6528,User6528,29,d30
6529,User6529,26,d30
6530,User6530,44,d30
6531,User6531,30,d20
6532,User6532,30,d30
6533,User6533,36,d20
6534,User6534,62,d30
6535,User6535,34,d40
6536,User6536,49,d10
6537,User6537,55,d30
6538,User6538,40,d30
6539,User6539,58,d40
6540,User6540,20,d20
6541,User6541,27,d40
6542,User6542,62,d20
6543,User6543,40,d40
6544,User6544,31,d30
6545,User6545,62,d30
6546,User6546,23,d30
6547,User6547,34,d20
6548,User6548,47,d20
6549,User6549,20,d30
6550,User6550,51,d10
6551,User6551,48,d20
6552,User6552,47,d20
6553,User6553,41,d30
6554,User6554,60,d40
6555,User6555,38,d10
6556,User6556,58,d10
6557,User6557,18,d30
6558,User6558,44,d20
6559,User6559,39,d40
6560,User6560,59,d30
6561,User6561,29,d10
6562,User6562,37,d30
6563,User6563,47,d20
6564,User6564,19,d20
6565,User6565,57,d40
6566,User6566,55,d40
6567,User6567,64,d40
6568,User6568,48,d40
6569,User6569,34,d20
6570,User6570,56,d30
6571,User6571,48,d30
6572,User6572,37,d40
6573,User6573,32,d10
6574,User6574,44,d10
6575,User6575,35,d40
6576,User6576,55,d40
6577,User6577,28,d10
6578,User6578,37,d20
6579,User6579,54,d20
6580,User6580,26,d20
6581,User6581,21,d30
6582,User6582,37,d10
6583,User6583,40,d20
6584,User6584,43,d40
6585,User6585,47,d20
6586,User6586,60,d10
6587,User6587,30,d20
6588,User6588,37,d20
6589,User6589,23,d30
6590,User6590,33,d20
6591,User6591,45,d20
6592,User6592,64,d10
6593,User6593,27,d20
6594,User6594,18,d30
6595,User6595,28,d40
6596,User6596,24,d30
6597,User6597,53,d40
6598,User6598,62,d40
6599,User6599,48,d20
6600,User6600,47,d40
6601,User6601,24,d20
6602,User6602,26,d40
6603,User6603,26,d30
6604,User6604,38,d40
6605,User6605,61,d30
6606,User6606,56,d40
6607,User6607,52,d40
6608,User6608,40,d10
6609,User6609,60,d40
6610,User6610,32,d10
6611,User6611,33,d20
6612,User6612,41,d30
6613,User6613,50,d30
6614,User6614,57,d10
6615,User6615,22,d40
6616,User6616,26,d20
6617,User6617,30,d40
6618,User6618,31,d10
6619,User6619,45,d30
6620,User6620,39,d10
6621,User6621,59,d40
6622,User6622,45,d20
6623,User6623,36,d20
6624,User6624,42,d30
6625,User6625,20,d40
6626,User6626,44,d30
6627,User6627,28,d20
6628,User6628,61,d40
6629,User6629,47,d10
6630,User6630,40,d10
6631,User6631,59,d10
6632,User6632,18,d40
6633,User6633,38,d20
6634,User6634,54,d20
6635,User6635,61,d40
6636,User6636,18,d40
6637,User6637,59,d40
6638,User6638,45,d40
6639,User6639,37,d10
6640,User6640,34,d40
6641,User6641,56,d10
6642,User6642,50,d40
6643,User6643,48,d30
6644,User6644,52,d30
6645,User6645,25,d30
6646,User6646,45,d20
6647,User6647,61,d40
6648,User6648,27,d10
6649,User6649,39,d10
6650,User6650,30,d30
6651,User6651,45,d40
6652,User6652,47,d10
6653,User6653,20,d30
6654,User6654,49,d10
6655,User6655,41,d40
6656,User6656,56,d10
6657,User6657,34,d30
6658,User6658,39,d40
6659,User6659,19,d30
6660,User6660,29,d30
6661,User6661,40,d30
6662,User6662,19,d40
6663,User6663,38,d40
6664,User6664,58,d30
6665,User6665,56,d10
6666,User6666,40,d10
6667,User6667,52,d10
6668,User6668,33,d40
6669,User6669,23,d20
6670,User6670,26,d10
6671,User6671,58,d20
6672,User6672,45,d40
6673,User6673,40,d30
6674,User6674,62,d40
6675,User6675,64,d20
6676,User6676,20,d40
6677,User6677,38,d10
6678,User6678,20,d30
6679,User6679,56,d20
6680,User6680,42,d10
6681,User6681,39,d10
6682,User6682,45,d30
6683,User6683,19,d40
6684,User6684,65,d20
6685,User6685,64,d30
6686,User6686,45,d10
6687,User6687,30,d10
6688,User6688,37,d30
6689,User6689,62,d20
6690,User6690,41,d10
6691,User6691,31,d40
6692,User6692,35,d40
6693,User6693,35,d20
6694,User6694,56,d10
6695,User6695,29,d40
6696,User6696,35,d30
6697,User6697,44,d10
6698,User6698,19,d20
6699,User6699,60,d40
6700,User6700,35,d20
6701,User6701,47,d30
6702,User6702,24,d30
6703,User6703,32,d20
6704,User6704,63,d10
6705,User6705,32,d30
6706,User6706,57,d10
6707,User6707,64,d30
6708,User6708,55,d40
6709,User6709,58,d40
6710,User6710,52,d30
6711,User6711,48,d40
6712,User6712,39,d10
6713,User6713,38,d30
6714,User6714,46,d30
6715,User6715,47,d20
6716,User6716,31,d40
6717,User6717,61,d20
6718,User6718,34,d40
6719,User6719,20,d40
6720,User6720,58,d10
6721,User6721,53,d40
6722,User6722,23,d30
6723,User6723,65,d20
6724,User6724,37,d30
6725,User6725,38,d30
6726,User6726,61,d40
6727,User6727,19,d40
6728,User6728,57,d20
6729,User6729,57,d20
6730,User6730,54,d30
6731,User6731,44,d40
6732,User6732,36,d10
6733,User6733,33,d40
6734,User6734,52,d40
6735,User6735,42,d20
6736,User6736,24,d10
6737,User6737,31,d40
6738,User6738,25,d20
6739,User6739,29,d30
6740,User6740,65,d20
6741,User6741,53,d40
6742,User6742,40,d40
6743,User6743,44,d20
6744,User6744,38,d30
6745,User6745,58,d30
6746,User6746,60,d10
6747,User6747,50,d30
6748,User6748,32,d40
6749,User6749,49,d40
6750,User6750,36,d40
6751,User6751,28,d40
6752,User6752,43,d20
6753,User6753,18,d30
6754,User6754,47,d30
6755,User6755,61,d20
6756,User6756,42,d10
6757,User6757,44,d40
6758,User6758,30,d40
6759,User6759,57,d10
6760,User6760,26,d20
6761,User6761,56,d10
6762,User6762,19,d40
6763,User6763,57,d30
6764,User6764,28,d20
6765,User6765,61,d40
6766,User6766,41,d10
6767,User6767,65,d10
6768,User6768,53,d40
6769,User6769,28,d20
6770,User6770,41,d40
6771,User6771,29,d20
6772,User6772,63,d40
6773,User6773,38,d20
6774,User6774,36,d20
6775,User6775,19,d10
6776,User6776,54,d20
6777,User6777,47,d40
6778,User6778,61,d20
6779,User6779,33,d40
6780,User6780,47,d20
6781,User6781,56,d10
6782,User6782,28,d30
6783,User6783,47,d20
6784,User6784,18,d10
6785,User6785,61,d10
6786,User6786,51,d40
6787,User6787,42,d40
6788,User6788,44,d10
6789,User6789,63,d30
6790,User6790,63,d10
6791,User6791,46,d10
6792,User6792,64,d40
6793,User6793,36,d10
6794,User6794,64,d40
6795,User6795,41,d10
6796,User6796,63,d40
6797,User6797,45,d40
6798,User6798,24,d10
6799,User6799,34,d20
6800,User6800,64,d10
6801,User6801,41,d20
6802,User6802,60,d40
6803,User6803,27,d30
6804,User6804,48,d20
6805,User6805,34,d20
6806,User6806,39,d10
6807,User6807,47,d10
6808,User6808,33,d40
6809,User6809,39,d30
6810,User6810,62,d30
6811,User6811,39,d40
6812,User6812,62,d40
6813,User6813,54,d30
6814,User6814,56,d30
6815,User6815,26,d10
6816,User6816,51,d20
6817,User6817,19,d30
6818,User6818,41,d20
6819,User6819,63,d30
6820,User6820,37,d30
6821,User6821,54,d20
6822,User6822,48,d30
6823,User6823,61,d40
6824,User6824,27,d30
6825,User6825,27,d20
6826,User6826,42,d30
6827,User6827,58,d30
6828,User6828,19,d20
6829,User6829,55,d20
6830,User6830,27,d30
6831,User6831,34,d10
6832,User6832,64,d30
6833,User6833,48,d40
6834,User6834,40,d20
6835,User6835,55,d20
6836,User6836,51,d30
6837,User6837,42,d30
6838,User6838,59,d40
6839,User6839,51,d20
6840,User6840,29,d40
6841,User6841,42,d40
6842,User6842,60,d10
6843,User6843,39,d10
6844,User6844,37,d20
6845,User6845,32,d20
6846,User6846,35,d20
6847,User6847,59,d10
6848,User6848,40,d20
6849,User6849,47,d40
6850,User6850,65,d10
6851,User6851,65,d20
6852,User6852,41,d20
6853,User6853,43,d10
6854,User6854,39,d10
6855,User6855,35,d10
6856,User6856,21,d10
6857,User6857,54,d40
6858,User6858,33,d20
6859,User6859,65,d30
6860,User6860,62,d20
6861,User6861,32,d20
6862,User6862,29,d40
6863,User6863,56,d10
6864,User6864,53,d30
6865,User6865,23,d30
6866,User6866,64,d20
6867,User6867,26,d10
6868,User6868,21,d30
6869,User6869,32,d20
6870,User6870,55,d20
6871,User6871,47,d40
6872,User6872,52,d10
6873,User6873,38,d10
6874,User6874,30,d10
6875,User6875,25,d40
6876,User6876,23,d40
6877,User6877,30,d40
6878,User6878,52,d10
6879,User6879,56,d20
6880,User6880,37,d40
6881,User6881,55,d10
6882,User6882,25,d40
6883,User6883,59,d40
6884,User6884,55,d20
6885,User6885,18,d40
6886,User6886,44,d30
6887,User6887,49,d30
6888,User6888,39,d20
6889,User6889,50,d40
6890,User6890,59,d30
6891,User6891,34,d30
6892,User6892,39,d20
6893,User6893,61,d30
6894,User6894,58,d30
6895,User6895,25,d40
6896,User6896,49,d20
6897,User6897,38,d10
6898,User6898,49,d40
6899,User6899,29,d20
6900,User6900,45,d10
6901,User6901,24,d30
6902,User6902,39,d40
6903,User6903,30,d20
6904,User6904,32,d10
6905,User6905,37,d20
6906,User6906,38,d30
6907,User6907,24,d40
6908,User6908,57,d30
6909,User6909,54,d20
6910,User6910,38,d20
6911,User6911,30,d20
6912,User6912,28,d40
6913,User6913,57,d20
6914,User6914,38,d20
6915,User6915,59,d40
6916,User6916,64,d40
6917,User6917,32,d30
6918,User6918,48,d30
6919,User6919,41,d30
6920,User6920,37,d20
6921,User6921,64,d30
6922,User6922,65,d30
6923,User6923,46,d30
6924,User6924,45,d30
6925,User6925,44,d40
6926,User6926,43,d10
6927,User6927,44,d10
6928,User6928,59,d30
6929,User6929,47,d20
6930,User6930,19,d30
6931,User6931,31,d20
6932,User6932,36,d30
6933,User6933,19,d30
6934,User6934,45,d30
6935,User6935,38,d40
6936,User6936,31,d20
6937,User6937,35,d40
6938,User6938,22,d10
6939,User6939,28,d20
6940,User6940,64,d30
6941,User6941,64,d40
6942,User6942,20,d40
6943,User6943,62,d40
6944,User6944,33,d40
6945,User6945,56,d30
6946,User6946,21,d40
6947,User6947,21,d10
6948,User6948,35,d30
6949,User6949,46,d30
6950,User6950,25,d30
6951,User6951,26,d40
6952,User6952,38,d10
6953,User6953,27,d40
6954,User6954,55,d20
6955,User6955,54,d30
6956,User6956,53,d20
6957,User6957,46,d10
6958,User6958,38,d20
6959,User6959,53,d30
6960,User6960,62,d30
6961,User6961,26,d10
6962,User6962,62,d10
6963,User6963,41,d30
6964,User6964,65,d40
6965,User6965,29,d20
6966,User6966,47,d30
6967,User6967,47,d20
6968,User6968,39,d30
6969,User6969,61,d20
6970,User6970,34,d30
6971,User6971,26,d10
6972,User6972,59,d10
6973,User6973,45,d40
6974,User6974,49,d40
6975,User6975,51,d10
6976,User6976,50,d10
6977,User6977,19,d30
6978,User6978,20,d40
6979,User6979,52,d30
6980,User6980,36,d40
6981,User6981,58,d30
6982,User6982,65,d10
6983,User6983,54,d10
6984,User6984,53,d10
6985,User6985,52,d10
6986,User6986,50,d20
6987,User6987,54,d10
6988,User6988,57,d40
6989,User6989,22,d20
6990,User6990,35,d40
6991,User6991,46,d40
6992,User6992,59,d20
6993,User6993,22,d30
6994,User6994,59,d20
6995,User6995,47,d30
6996,User6996,19,d40
6997,User6997,54,d40
6998,User6998,18,d30
6999,User6999,19,d40
7000,User7000,32,d10
7001,User7001,45,d30
7002,User7002,34,d20
7003,User7003,55,d20
7004,User7004,52,d30
7005,User7005,59,d40
7006,User7006,54,d20
7007,User7007,63,d30
7008,User7008,30,d20
7009,User7009,31,d20
7010,User7010,29,d30
7011,User7011,19,d10
7012,User7012,26,d10
7013,User7013,22,d30
7014,User7014,38,d30
7015,User7015,60,d20
7016,User7016,30,d20
7017,User7017,28,d30
7018,User7018,35,d40
7019,User7019,31,d20
7020,User7020,19,d30
7021,User7021,46,d20
7022,User7022,42,d10
7023,User7023,46,d10
7024,User7024,42,d20
7025,User7025,46,d10
7026,User7026,43,d40
7027,User7027,31,d20
7028,User7028,55,d40
7029,User7029,23,d10
7030,User7030,50,d20
7031,User7031,28,d10
7032,User7032,25,d20
7033,User7033,65,d40
7034,User7034,65,d30
7035,User7035,44,d30
7036,User7036,31,d20
7037,User7037,50,d10
7038,User7038,48,d30
7039,User7039,50,d30
7040,User7040,47,d10
7041,User7041,18,d10
7042,User7042,44,d40
7043,User7043,24,d40
7044,User7044,41,d30
7045,User7045,22,d30
7046,User7046,59,d40
7047,User7047,32,d30
7048,User7048,59,d10
7049,User7049,48,d40
7050,User7050,35,d10
7051,User7051,20,d30
7052,User7052,33,d20
7053,User7053,54,d20
7054,User7054,26,d10
7055,User7055,26,d20
7056,User7056,20,d40
7057,User7057,56,d10
7058,User7058,65,d20
7059,User7059,41,d30
7060,User7060,28,d40
7061,User7061,29,d40
7062,User7062,51,d20
7063,User7063,65,d20
7064,User7064,41,d20
7065,User7065,28,d10
7066,User7066,49,d10
7067,User7067,37,d20
7068,User7068,58,d40
7069,User7069,34,d30
7070,User7070,19,d30
7071,User7071,39,d10
7072,User7072,48,d10
7073,User7073,65,d10
7074,User7074,44,d20
7075,User7075,52,d10
7076,User7076,56,d40
7077,User7077,28,d20
7078,User7078,18,d10
7079,User7079,32,d30
7080,User7080,44,d10
7081,User7081,25,d10
7082,User7082,47,d40
7083,User7083,52,d40
7084,User7084,26,d40
7085,User7085,37,d10
7086,User7086,48,d40
7087,User7087,26,d30
7088,User7088,60,d30
7089,User7089,57,d30
7090,User7090,48,d10
7091,User7091,65,d40
7092,User7092,26,d20
7093,User7093,50,d20
7094,User7094,27,d20
7095,User7095,60,d20
7096,User7096,65,d10
7097,User7097,63,d10
7098,User7098,36,d40
7099,User7099,33,d10
7100,User7100,34,d20
7101,User7101,64,d20
7102,User7102,39,d30
7103,User7103,60,d40
7104,User7104,26,d30
7105,User7105,45,d30
7106,User7106,60,d30
7107,User7107,55,d20
7108,User7108,65,d10
7109,User7109,58,d40
7110,User7110,30,d10
7111,User7111,18,d20
7112,User7112,58,d20
7113,User7113,33,d10
7114,User7114,43,d20
7115,User7115,18,d30
7116,User7116,48,d40
7117,User7117,30,d30
7118,User7118,46,d40
7119,User7119,47,d20
7120,User7120,52,d30
7121,User7121,25,d40
7122,User7122,59,d30
7123,User7123,39,d30
7124,User7124,34,d20
7125,User7125,49,d30
7126,User7126,60,d40
7127,User7127,60,d10
7128,User7128,51,d30
7129,User7129,22,d30
7130,User7130,45,d30
7131,User7131,52,d10
7132,User7132,24,d20
7133,User7133,47,d20
7134,User7134,25,d10
7135,User7135,26,d30
7136,User7136,37,d30
7137,User7137,45,d40
7138,User7138,50,d10
7139,User7139,43,d20
7140,User7140,27,d20
7141,User7141,19,d20
7142,User7142,64,d20
7143,User7143,51,d30
7144,User7144,54,d20
7145,User7145,52,d10
7146,User7146,52,d30
7147,User7147,62,d20
7148,User7148,41,d20
7149,User7149,24,d20
7150,User7150,58,d20
7151,User7151,63,d20
7152,User7152,52,d20
7153,User7153,30,d40
7154,User7154,21,d30
7155,User7155,36,d40
7156,User7156,51,d40
7157,User7157,48,d40
7158,User7158,38,d40
7159,User7159,64,d20
7160,User7160,18,d30
7161,User7161,34,d10
7162,User7162,31,d30
7163,User7163,21,d10
7164,User7164,26,d40
7165,User7165,48,d20
7166,User7166,33,d20
7167,User7167,28,d40
7168,User7168,43,d40
7169,User7169,33,d20
7170,User7170,22,d30
7171,User7171,35,d20
7172,User7172,43,d20
7173,User7173,64,d10
7174,User7174,31,d20
7175,User7175,27,d40
7176,User7176,38,d30
7177,User7177,58,d10
7178,User7178,51,d10
7179,User7179,51,d30
7180,User7180,58,d10
7181,User7181,32,d40
7182,User7182,37,d40
7183,User7183,52,d10
7184,User7184,27,d40
7185,User7185,64,d10
7186,User7186,35,d30
7187,User7187,42,d10
7188,User7188,25,d30
7189,User7189,45,d40
7190,User7190,63,d20
7191,User7191,36,d40
7192,User7192,51,d20
7193,User7193,23,d10
7194,User7194,33,d30
7195,User7195,62,d40
7196,User7196,44,d40
7197,User7197,58,d10
7198,User7198,35,d10
7199,User7199,34,d30
7200,User7200,44,d30
7201,User7201,40,d30
7202,User7202,18,d10
7203,User7203,63,d10
7204,User7204,33,d40
7205,User7205,32,d40
7206,User7206,60,d40
7207,User7207,24,d30
7208,User7208,53,d40
7209,User7209,56,d40
7210,User7210,20,d40
7211,User7211,55,d10
7212,User7212,54,d10
7213,User7213,25,d10
7214,User7214,41,d20
7215,User7215,43,d40
7216,User7216,40,d10
7217,User7217,47,d40
7218,User7218,43,d10
7219,User7219,60,d40
7220,User7220,31,d10
7221,User7221,19,d20
7222,User7222,24,d30
7223,User7223,44,d30
7224,User7224,64,d10
7225,User7225,34,d40
7226,User7226,61,d30
7227,User7227,40,d30
7228,User7228,35,d20
7229,User7229,21,d40
7230,User7230,47,d30
7231,User7231,28,d30
7232,User7232,53,d20
7233,User7233,65,d30
7234,User7234,40,d40
7235,User7235,49,d20
7236,User7236,39,d10
7237,User7237,57,d30
7238,User7238,38,d20
7239,User7239,24,d30
7240,User7240,58,d10
7241,User7241,38,d40
7242,User7242,58,d40
7243,User7243,42,d20
7244,User7244,34,d20
7245,User7245,40,d40
7246,User7246,46,d30
7247,User7247,28,d30
7248,User7248,38,d20
7249,User7249,25,d10
7250,User7250,55,d20
7251,User7251,50,d30
7252,User7252,53,d30
7253,User7253,43,d20
7254,User7254,30,d10
7255,User7255,23,d10
7256,User7256,34,d40
7257,User7257,63,d20
7258,User7258,52,d30
7259,User7259,43,d30
7260,User7260,42,d20
7261,User7261,65,d10
7262,User7262,57,d30
7263,User7263,38,d10
7264,User7264,46,d20
7265,User7265,33,d10
7266,User7266,60,d20
7267,User7267,19,d30
7268,User7268,32,d40
7269,User7269,33,d20
7270,User7270,46,d20
7271,User7271,27,d20
7272,User7272,36,d10
7273,User7273,19,d20
7274,User7274,46,d40
7275,User7275,53,d40
7276,User7276,44,d20
7277,User7277,51,d20
7278,User7278,58,d40
7279,User7279,65,d40
7280,User7280,63,d30
7281,User7281,34,d30
7282,User7282,41,d40
7283,User7283,33,d30
7284,User7284,52,d30
7285,User7285,22,d30
7286,User7286,38,d20
7287,User7287,52,d20
7288,User7288,24,d20
7289,User7289,52,d40
7290,User7290,24,d30
7291,User7291,64,d20
7292,User7292,63,d30
7293,User7293,47,d20
7294,User7294,54,d30
7295,User7295,47,d10
7296,User7296,49,d40
7297,User7297,22,d40
7298,User7298,19,d20
7299,User7299,53,d40
7300,User7300,40,d10
7301,User7301,63,d40
7302,User7302,22,d20
7303,User7303,22,d30
7304,User7304,54,d30
7305,User7305,64,d30
7306,User7306,63,d10
7307,User7307,45,d40
7308,User7308,43,d20
7309,User7309,60,d20
7310,User7310,37,d40
7311,User7311,39,d30
7312,User7312,54,d20
7313,User7313,27,d40
7314,User7314,18,d30
7315,User7315,63,d10
7316,User7316,55,d30
7317,User7317,22,d10
7318,User7318,51,d10
7319,User7319,64,d40
7320,User7320,64,d20
7321,User7321,33,d20
7322,User7322,29,d20
7323,User7323,59,d10
7324,User7324,64,d40
7325,User7325,39,d10
7326,User7326,24,d10
7327,User7327,54,d40
7328,User7328,44,d40
7329,User7329,62,d40
7330,User7330,26,d40
7331,User7331,29,d30
7332,User7332,37,d10
7333,User7333,29,d30
7334,User7334,34,d40
7335,User7335,23,d40
7336,User7336,34,d20
7337,User7337,30,d40
7338,User7338,40,d20
7339,User7339,39,d10
7340,User7340,24,d40
7341,User7341,19,d30
7342,User7342,53,d10
7343,User7343,61,d10
7344,User7344,24,d30
7345,User7345,18,d20
7346,User7346,18,d10
7347,User7347,42,d30
7348,User7348,19,d30
7349,User7349,22,d30
7350,User7350,30,d20
7351,User7351,29,d40
7352,User7352,40,d20
7353,User7353,61,d10
7354,User7354,56,d20
7355,User7355,54,d30
7356,User7356,46,d20
7357,User7357,50,d20
7358,User7358,46,d20
7359,User7359,57,d10
7360,User7360,52,d10
7361,User7361,37,d10
7362,User7362,24,d30
7363,User7363,61,d30
7364,User7364,55,d20
7365,User7365,24,d20
7366,User7366,30,d40
7367,User7367,57,d20
7368,User7368,47,d30
7369,User7369,46,d40
7370,User7370,60,d10
7371,User7371,39,d10
7372,User7372,41,d20
7373,User7373,33,d20
7374,User7374,30,d40
7375,User7375,20,d40
7376,User7376,21,d30
7377,User7377,60,d40
7378,User7378,51,d10
7379,User7379,60,d10
7380,User7380,51,d30
7381,User7381,52,d40
7382,User7382,36,d20
7383,User7383,26,d30
7384,User7384,30,d40
7385,User7385,58,d30
7386,User7386,43,d40
7387,User7387,42,d40
7388,User7388,49,d10
7389,User7389,49,d10
7390,User7390,38,d10
7391,User7391,57,d40
7392,User7392,37,d40
7393,User7393,36,d40
7394,User7394,51,d10
7395,User7395,30,d10
7396,User7396,37,d10
7397,User7397,59,d20
7398,User7398,65,d30
7399,User7399,52,d10
7400,User7400,21,d10
7401,User7401,42,d30
7402,User7402,40,d20
7403,User7403,61,d10
7404,User7404,65,d40
7405,User7405,50,d20
7406,User7406,61,d30
7407,User7407,31,d10
7408,User7408,47,d10
7409,User7409,32,d20
7410,User7410,22,d30
7411,User7411,49,d20
7412,User7412,54,d20
7413,User7413,20,d10
7414,User7414,31,d40
7415,User7415,36,d10
7416,User7416,33,d10
7417,User7417,29,d30
7418,User7418,32,d40
7419,User7419,43,d30
7420,User7420,27,d10
7421,User7421,56,d20
7422,User7422,57,d20
7423,User7423,45,d30
7424,User7424,31,d30
7425,User7425,44,d30
7426,User7426,44,d10
7427,User7427,42,d40
7428,User7428,30,d30
7429,User7429,34,d40
7430,User7430,58,d10
7431,User7431,20,d40
7432,User7432,26,d40
7433,User7433,22,d20
7434,User7434,25,d10
7435,User7435,49,d20
7436,User7436,29,d10
7437,User7437,28,d30
7438,User7438,61,d30
7439,User7439,36,d40
7440,User7440,36,d30
7441,User7441,24,d30
7442,User7442,43,d10
7443,User7443,23,d20
7444,User7444,30,d40
7445,User7445,51,d20
7446,User7446,48,d10
7447,User7447,24,d40
7448,User7448,32,d10
7449,User7449,42,d10
7450,User7450,23,d20
7451,User7451,33,d10
7452,User7452,57,d40
7453,User7453,46,d30
7454,User7454,46,d20
7455,User7455,60,d10
7456,User7456,31,d20
7457,User7457,20,d30
7458,User7458,27,d10
7459,User7459,34,d30
7460,User7460,40,d20
7461,User7461,30,d40
7462,User7462,43,d10
7463,User7463,27,d40
7464,User7464,50,d30
7465,User7465,32,d10
7466,User7466,58,d20
7467,User7467,39,d20
7468,User7468,19,d40
7469,User7469,22,d40
7470,User7470,56,d20
7471,User7471,53,d30
7472,User7472,27,d20
7473,User7473,21,d30
7474,User7474,61,d10
7475,User7475,44,d10
7476,User7476,57,d10
7477,User7477,64,d20
7478,User7478,41,d30
7479,User7479,27,d10
7480,User7480,61,d10
7481,User7481,18,d20
7482,User7482,18,d40
7483,User7483,42,d10
7484,User7484,32,d10
7485,User7485,54,d10
7486,User7486,19,d10
7487,User7487,54,d40
7488,User7488,36,d40
7489,User7489,46,d40
7490,User7490,61,d20
7491,User7491,57,d40
7492,User7492,40,d30
7493,User7493,48,d40
7494,User7494,47,d20
7495,User7495,32,d30
7496,User7496,36,d20
7497,User7497,42,d20
7498,User7498,28,d30
7499,User7499,65,d30
7500,User7500,45,d10
7501,User7501,27,d30
7502,User7502,47,d10
7503,User7503,63,d40
7504,User7504,43,d20
7505,User7505,58,d20
7506,User7506,31,d30
7507,User7507,44,d40
7508,User7508,47,d40
7509,User7509,46,d40
7510,User7510,47,d40
7511,User7511,39,d30
7512,User7512,60,d30
7513,User7513,26,d40
7514,User7514,33,d20
7515,User7515,63,d20
7516,User7516,54,d20
7517,User7517,64,d20
7518,User7518,47,d30
7519,User7519,41,d40
7520,User7520,31,d30
7521,User7521,27,d40
7522,User7522,24,d40
7523,User7523,37,d40
7524,User7524,21,d40
7525,User7525,31,d20
7526,User7526,53,d30
7527,User7527,60,d20
7528,User7528,51,d40
7529,User7529,29,d40
7530,User7530,19,d40
7531,User7531,42,d20
7532,User7532,35,d20
7533,User7533,59,d20
7534,User7534,54,d40
7535,User7535,27,d20
7536,User7536,38,d40
7537,User7537,33,d40
7538,User7538,49,d20
7539,User7539,57,d30
7540,User7540,61,d10
7541,User7541,22,d10
7542,User7542,19,d10
7543,User7543,21,d10
7544,User7544,23,d30
7545,User7545,40,d30
7546,User7546,65,d20
7547,User7547,31,d20
7548,User7548,22,d30
7549,User7549,57,d30
7550,User7550,55,d30
7551,User7551,48,d40
7552,User7552,63,d30
7553,User7553,36,d20
7554,User7554,24,d30
7555,User7555,27,d20
7556,User7556,44,d20
7557,User7557,52,d10
7558,User7558,28,d40
7559,User7559,62,d40
7560,User7560,62,d30
7561,User7561,25,d20
7562,User7562,46,d20
7563,User7563,20,d10
7564,User7564,42,d20
7565,User7565,42,d40
7566,User7566,28,d40
7567,User7567,55,d10
7568,User7568,46,d30
7569,User7569,46,d20
7570,User7570,49,d10
7571,User7571,39,d30
7572,User7572,41,d10
7573,User7573,29,d10
7574,User7574,57,d20
7575,User7575,61,d30
7576,User7576,27,d40
7577,User7577,60,d10
7578,User7578,58,d20
7579,User7579,36,d30
7580,User7580,40,d10
7581,User7581,19,d40
7582,User7582,28,d40
7583,User7583,34,d30
7584,User7584,50,d20
7585,User7585,51,d30
7586,User7586,49,d10
7587,User7587,28,d30
7588,User7588,59,d10
7589,User7589,62,d20
7590,User7590,34,d30
7591,User7591,45,d40
7592,User7592,20,d30
7593,User7593,65,d30
7594,User7594,60,d40
7595,User7595,39,d10
7596,User7596,26,d10
7597,User7597,65,d10
7598,User7598,37,d10
7599,User7599,30,d40
7600,User7600,42,d40
7601,User7601,20,d40
7602,User7602,62,d30
7603,User7603,39,d40
7604,User7604,50,d30
7605,User7605,44,d40
7606,User7606,26,d30
7607,User7607,64,d30
7608,User7608,53,d30
7609,User7609,49,d20
7610,User7610,35,d30
7611,User7611,46,d10
7612,User7612,60,d10
7613,User7613,50,d30
7614,User7614,19,d10
7615,User7615,24,d20
7616,User7616,22,d20
7617,User7617,41,d20
7618,User7618,27,d10
7619,User7619,23,d20
7620,User7620,18,d10
7621,User7621,65,d10
7622,User7622,57,d30
7623,User7623,27,d10
7624,User7624,58,d40
7625,User7625,60,d30
7626,User7626,57,d10
7627,User7627,21,d10
7628,User7628,30,d20
7629,User7629,29,d10
7630,User7630,63,d10
7631,User7631,18,d10
7632,User7632,61,d40
7633,User7633,31,d20
7634,User7634,63,d10
7635,User7635,42,d10
7636,User7636,58,d30
7637,User7637,48,d20
7638,User7638,63,d20
7639,User7639,56,d40
7640,User7640,48,d20
7641,User7641,64,d30
7642,User7642,46,d10
7643,User7643,50,d20
7644,User7644,23,d10
7645,User7645,30,d20
7646,User7646,27,d30
7647,User7647,62,d20
7648,User7648,62,d10
7649,User7649,30,d10
7650,User7650,38,d20
7651,User7651,28,d20
7652,User7652,58,d40
7653,User7653,56,d30
7654,User7654,50,d40
7655,User7655,31,d30
7656,User7656,34,d40
7657,User7657,65,d30
7658,User7658,51,d20
7659,User7659,59,d10
7660,User7660,36,d30
7661,User7661,22,d20
7662,User7662,22,d10
7663,User7663,40,d40
7664,User7664,57,d10
7665,User7665,23,d40
7666,User7666,18,d40
7667,User7667,38,d10
7668,User7668,62,d30
7669,User7669,54,d10
7670,User7670,64,d30
7671,User7671,46,d30
7672,User7672,65,d30
7673,User7673,41,d40
7674,User7674,37,d40
7675,User7675,38,d40
7676,User7676,32,d20
7677,User7677,20,d20
7678,User7678,44,d30
7679,User7679,47,d40
7680,User7680,43,d30
7681,User7681,47,d40
7682,User7682,27,d40
7683,User7683,65,d20
7684,User7684,44,d40
7685,User7685,26,d10
7686,User7686,42,d30
7687,User7687,43,d20
7688,User7688,18,d30
7689,User7689,60,d40
7690,User7690,27,d20
7691,User7691,31,d20
7692,User7692,19,d10
7693,User7693,48,d40
7694,User7694,35,d20
7695,User7695,30,d30
7696,User7696,49,d10
7697,User7697,28,d40
7698,User7698,53,d30
7699,User7699,32,d30
7700,User7700,49,d20
7701,User7701,45,d40
7702,User7702,28,d40
7703,User7703,60,d40
7704,User7704,40,d10
7705,User7705,22,d10
7706,User7706,63,d30
7707,User7707,56,d40
7708,User7708,27,d30
7709,User7709,51,d20
7710,User7710,31,d40
7711,User7711,49,d40
7712,User7712,37,d10
7713,User7713,39,d20
7714,User7714,61,d30
7715,User7715,57,d40
7716,User7716,56,d10
7717,User7717,51,d20
7718,User7718,39,d30
7719,User7719,62,d30
7720,User7720,41,d20
7721,User7721,22,d40
7722,User7722,46,d10
7723,User7723,44,d30
7724,User7724,31,d20
7725,User7725,62,d30
7726,User7726,38,d20
7727,User7727,35,d40
7728,User7728,54,d30
7729,User7729,62,d30
7730,User7730,26,d20
7731,User7731,58,d30
7732,User7732,63,d20
7733,User7733,33,d20
7734,User7734,54,d40
7735,User7735,19,d40
7736,User7736,50,d30
7737,User7737,42,d10
7738,User7738,57,d20
7739,User7739,23,d30
7740,User7740,47,d40
7741,User7741,22,d30
7742,User7742,42,d40
7743,User7743,35,d20
7744,User7744,41,d20
7745,User7745,48,d10
7746,User7746,32,d20
7747,User7747,38,d10
7748,User7748,57,d30
7749,User7749,53,d40
7750,User7750,35,d20
7751,User7751,49,d30
7752,User7752,56,d30
7753,User7753,59,d20
7754,User7754,56,d20
7755,User7755,36,d10
7756,User7756,65,d10
7757,User7757,51,d20
7758,User7758,33,d30
7759,User7759,45,d40
7760,User7760,37,d10
7761,User7761,31,d30
7762,User7762,36,d20
7763,User7763,19,d10
7764,User7764,23,d40
7765,User7765,47,d30
7766,User7766,46,d20
7767,User7767,53,d40
7768,User7768,56,d20
7769,User7769,38,d40
7770,User7770,35,d10
7771,User7771,35,d40
7772,User7772,63,d20
7773,User7773,36,d40
7774,User7774,55,d20
7775,User7775,38,d20
7776,User7776,25,d10
7777,User7777,38,d10
7778,User7778,41,d40
7779,User7779,38,d20
7780,User7780,53,d40
7781,User7781,58,d10
7782,User7782,59,d40
7783,User7783,43,d30
7784,User7784,38,d20
7785,User7785,59,d10
7786,User7786,38,d30
7787,User7787,50,d10
7788,User7788,64,d10
7789,User7789,49,d20
7790,User7790,22,d10
7791,User7791,27,d20
7792,User7792,51,d10
7793,User7793,63,d20
7794,User7794,23,d20
7795,User7795,40,d30
7796,User7796,23,d30
7797,User7797,39,d40
7798,User7798,49,d10
7799,User7799,52,d40
7800,User7800,51,d10
7801,User7801,59,d40
7802,User7802,62,d40
7803,User7803,53,d20
7804,User7804,31,d10
7805,User7805,28,d40
7806,User7806,34,d10
7807,User7807,33,d20
7808,User7808,59,d10
7809,User7809,21,d10
7810,User7810,48,d20
7811,User7811,20,d10
7812,User7812,32,d20
7813,User7813,26,d20
7814,User7814,38,d30
7815,User7815,58,d40
7816,User7816,19,d40
7817,User7817,49,d30
7818,User7818,60,d10
7819,User7819,53,d40
7820,User7820,20,d10
7821,User7821,55,d20
7822,User7822,31,d10
7823,User7823,55,d20
7824,User7824,18,d40
7825,User7825,62,d30
7826,User7826,55,d10
7827,User7827,50,d30
7828,User7828,43,d20
7829,User7829,27,d20
7830,User7830,58,d10
7831,User7831,35,d30
7832,User7832,50,d30
7833,User7833,28,d40
7834,User7834,56,d20
7835,User7835,39,d30
7836,User7836,38,d20
7837,User7837,43,d30
7838,User7838,59,d10
7839,User7839,46,d30
7840,User7840,46,d10
7841,User7841,31,d40
7842,User7842,25,d20
7843,User7843,42,d10
7844,User7844,65,d10
7845,User7845,30,d20
7846,User7846,62,d30
7847,User7847,55,d20
7848,User7848,41,d30
7849,User7849,21,d40
7850,User7850,54,d20
7851,User7851,31,d30
7852,User7852,37,d10
7853,User7853,31,d10
7854,User7854,39,d20
7855,User7855,49,d20
7856,User7856,64,d40
7857,User7857,47,d30
7858,User7858,56,d40
7859,User7859,49,d20
7860,User7860,53,d40
7861,User7861,60,d30
7862,User7862,22,d20
7863,User7863,18,d10
7864,User7864,57,d10
7865,User7865,18,d10
7866,User7866,18,d30
7867,User7867,46,d30
7868,User7868,64,d40
7869,User7869,24,d20
7870,User7870,41,d10
7871,User7871,59,d20
7872,User7872,45,d20
7873,User7873,22,d30
7874,User7874,44,d30
7875,User7875,37,d10
7876,User7876,25,d10
7877,User7877,27,d30
7878,User7878,47,d30
7879,User7879,25,d20
7880,User7880,48,d10
7881,User7881,18,d20
7882,User7882,23,d10
7883,User7883,47,d20
7884,User7884,35,d30
7885,User7885,62,d10
7886,User7886,22,d40
7887,User7887,31,d20
7888,User7888,43,d10
7889,User7889,19,d40
7890,User7890,49,d10
7891,User7891,47,d40
7892,User7892,29,d40
7893,User7893,54,d10
7894,User7894,60,d10
7895,User7895,35,d10
7896,User7896,64,d30
7897,User7897,30,d40
7898,User7898,19,d30
7899,User7899,30,d30
7900,User7900,62,d20
7901,User7901,18,d40
7902,User7902,54,d10
7903,User7903,53,d40
7904,User7904,32,d40
7905,User7905,36,d10
7906,User7906,23,d30
7907,User7907,47,d30
7908,User7908,52,d40
7909,User7909,41,d20
7910,User7910,64,d30
7911,User7911,38,d20
7912,User7912,44,d30
7913,User7913,55,d20
7914,User7914,41,d40
7915,User7915,40,d40
7916,User7916,27,d30
7917,User7917,61,d40
7918,User7918,41,d40
7919,User7919,23,d40
7920,User7920,26,d30
7921,User7921,40,d30
7922,User7922,46,d40
7923,User7923,20,d20
7924,User7924,50,d30
7925,User7925,56,d20
7926,User7926,52,d30
7927,User7927,54,d20
7928,User7928,31,d20
7929,User7929,23,d40
7930,User7930,25,d40
7931,User7931,51,d10
7932,User7932,54,d10
7933,User7933,34,d10
7934,User7934,65,d20
7935,User7935,61,d20
7936,User7936,49,d30
7937,User7937,38,d10
7938,User7938,53,d30
7939,User7939,51,d40
7940,User7940,32,d40
7941,User7941,65,d30
7942,User7942,62,d40
7943,User7943,32,d10
7944,User7944,27,d40
7945,User7945,63,d20
7946,User7946,50,d10
7947,User7947,49,d10
7948,User7948,22,d20
7949,User7949,33,d30
7950,User7950,37,d40
7951,User7951,52,d20
7952,User7952,30,d10
7953,User7953,19,d10
7954,User7954,36,d10
7955,User7955,31,d10
7956,User7956,61,d20
7957,User7957,22,d10
7958,User7958,46,d30
7959,User7959,45,d10
7960,User7960,60,d30
7961,User7961,18,d40
7962,User7962,39,d30
7963,User7963,41,d40
7964,User7964,37,d20
7965,User7965,57,d40
7966,User7966,58,d40
7967,User7967,61,d10
7968,User7968,20,d40
7969,User7969,38,d40
7970,User7970,19,d30
7971,User7971,62,d30
7972,User7972,42,d40
7973,User7973,45,d10
7974,User7974,61,d30
7975,User7975,19,d40
7976,User7976,20,d40
7977,User7977,23,d40
7978,User7978,34,d40
7979,User7979,23,d10
7980,User7980,64,d20
7981,User7981,47,d10
7982,User7982,65,d40
7983,User7983,33,d30
7984,User7984,20,d40
7985,User7985,37,d30
7986,User7986,31,d40
7987,User7987,24,d40
7988,User7988,61,d10
7989,User7989,55,d20
7990,User7990,50,d10
7991,User7991,22,d40
7992,User7992,47,d20
7993,User7993,62,d30
7994,User7994,52,d40
7995,User7995,34,d10
7996,User7996,62,d10
7997,User7997,29,d40
7998,User7998,36,d40
7999,User7999,20,d20
8000,User8000,56,d30
8001,User8001,45,d30
8002,User8002,61,d10
8003,User8003,22,d20
8004,User8004,48,d20
8005,User8005,33,d40
8006,User8006,42,d10
8007,User8007,42,d20
8008,User8008,37,d10
8009,User8009,32,d20
8010,User8010,61,d30
8011,User8011,32,d40
8012,User8012,62,d40
8013,User8013,24,d10
8014,User8014,26,d20
8015,User8015,65,d20
8016,User8016,46,d10
8017,User8017,41,d40
8018,User8018,19,d40
8019,User8019,58,d30
8020,User8020,44,d10
8021,User8021,20,d40
8022,User8022,45,d30
8023,User8023,22,d40
8024,User8024,23,d10
8025,User8025,60,d30
8026,User8026,48,d30
8027,User8027,50,d40
8028,User8028,26,d20
8029,User8029,19,d10
8030,User8030,23,d20
8031,User8031,60,d20
8032,User8032,46,d20
8033,User8033,53,d30
8034,User8034,48,d30
8035,User8035,60,d10
8036,User8036,55,d20
8037,User8037,25,d40
8038,User8038,32,d10
8039,User8039,27,d20
8040,User8040,26,d30
8041,User8041,18,d40
8042,User8042,21,d30
8043,User8043,25,d10
8044,User8044,55,d30
8045,User8045,37,d10
8046,User8046,38,d20
8047,User8047,48,d20
8048,User8048,30,d20
8049,User8049,48,d40
8050,User8050,31,d40
8051,User8051,29,d10
8052,User8052,53,d40
8053,User8053,27,d10
8054,User8054,50,d20
8055,User8055,22,d20
8056,User8056,50,d40
8057,User8057,54,d10
8058,User8058,33,d20
8059,User8059,58,d40
8060,User8060,32,d30
8061,User8061,44,d30
8062,User8062,45,d10
8063,User8063,38,d10
8064,User8064,19,d40
8065,User8065,60,d20
8066,User8066,43,d30
8067,User8067,56,d40
8068,User8068,65,d20
8069,User8069,48,d20
8070,User8070,59,d40
8071,User8071,33,d20
8072,User8072,49,d30
8073,User8073,45,d10
8074,User8074,44,d10
8075,User8075,53,d10
8076,User8076,63,d10
8077,User8077,59,d20
8078,User8078,41,d10
8079,User8079,43,d30
8080,User8080,47,d30
8081,User8081,37,d30
8082,User8082,37,d30
8083,User8083,50,d40
8084,User8084,42,d40
8085,User8085,48,d20
8086,User8086,23,d30
8087,User8087,39,d40
8088,User8088,34,d10
8089,User8089,35,d30
8090,User8090,56,d30
8091,User8091,38,d20
8092,User8092,33,d30
8093,User8093,40,d20
8094,User8094,30,d30
8095,User8095,51,d30
8096,User8096,35,d40
8097,User8097,56,d30
8098,User8098,60,d40
8099,User8099,57,d20
8100,User8100,62,d20
8101,User8101,30,d30
8102,User8102,63,d30
8103,User8103,31,d30
8104,User8104,55,d40
8105,User8105,25,d20
8106,User8106,58,d30
8107,User8107,31,d20
8108,User8108,29,d30
8109,User8109,41,d40
8110,User8110,43,d20
8111,User8111,63,d40
8112,User8112,54,d30
8113,User8113,52,d40
8114,User8114,27,d30
8115,User8115,56,d30
8116,User8116,34,d10
8117,User8117,42,d10
8118,User8118,18,d40
8119,User8119,30,d10
8120,User8120,49,d30
8121,User8121,53,d40
8122,User8122,50,d30
8123,User8123,30,d40
8124,User8124,21,d30
8125,User8125,58,d40
8126,User8126,56,d40
8127,User8127,48,d10
8128,User8128,42,d40
8129,User8129,25,d30
8130,User8130,29,d20
8131,User8131,41,d10
8132,User8132,20,d10
8133,User8133,35,d10
8134,User8134,53,d10
8135,User8135,26,d30
8136,User8136,65,d10
8137,User8137,31,d40
8138,User8138,60,d10
8139,User8139,18,d10
8140,User8140,39,d10
8141,User8141,36,d30
8142,User8142,33,d40
8143,User8143,32,d20
8144,User8144,53,d30
8145,User8145,33,d30
8146,User8146,19,d20
8147,User8147,32,d30
8148,User8148,42,d20
8149,User8149,52,d20
8150,User8150,28,d10
8151,User8151,54,d10
8152,User8152,49,d30
8153,User8153,24,d10
8154,User8154,44,d20
8155,User8155,33,d20
8156,User8156,57,d40
8157,User8157,29,d20
8158,User8158,35,d20
8159,User8159,18,d10
8160,User8160,60,d20
8161,User8161,45,d30
8162,User8162,46,d40
8163,User8163,32,d20
8164,User8164,23,d10
8165,User8165,63,d40
8166,User8166,46,d40
8167,User8167,65,d20
8168,User8168,57,d40
8169,User8169,19,d40
8170,User8170,31,d30
8171,User8171,45,d40
8172,User8172,38,d30
8173,User8173,49,d10
8174,User8174,46,d40
8175,User8175,41,d20
8176,User8176,63,d20
8177,User8177,56,d10
8178,User8178,28,d40
8179,User8179,31,d40
8180,User8180,38,d20
8181,User8181,43,d30
8182,User8182,33,d30
8183,User8183,32,d30
8184,User8184,56,d40
8185,User8185,19,d40
8186,User8186,59,d20
8187,User8187,46,d10
8188,User8188,42,d10
8189,User8189,41,d30
8190,User8190,19,d40
8191,User8191,45,d40
8192,User8192,45,d40
8193,User8193,45,d10
8194,User8194,40,d30
8195,User8195,35,d20
8196,User8196,34,d30
8197,User8197,28,d40
8198,User8198,32,d20
8199,User8199,20,d20
8200,User8200,41,d40
8201,User8201,32,d10
8202,User8202,63,d10
8203,User8203,23,d20
8204,User8204,34,d10
8205,User8205,51,d10
8206,User8206,46,d30
8207,User8207,36,d20
8208,User8208,45,d20
8209,User8209,29,d30
8210,User8210,44,d20
8211,User8211,28,d30
8212,User8212,32,d10
8213,User8213,57,d10
8214,User8214,54,d10
8215,User8215,36,d20
8216,User8216,45,d40
8217,User8217,33,d20
8218,User8218,30,d10
8219,User8219,22,d10
8220,User8220,35,d10
8221,User8221,52,d20
8222,User8222,47,d10
8223,User8223,64,d30
8224,User8224,27,d20
8225,User8225,33,d20
8226,User8226,38,d10
8227,User8227,35,d20
8228,User8228,50,d10
8229,User8229,43,d10
8230,User8230,28,d20
8231,User8231,48,d10
8232,User8232,26,d20
8233,User8233,56,d20
8234,User8234,54,d30
8235,User8235,47,d30
8236,User8236,47,d20
8237,User8237,63,d20
8238,User8238,63,d10
8239,User8239,28,d20
8240,User8240,22,d10
8241,User8241,26,d40
8242,User8242,36,d10
8243,User8243,51,d40
8244,User8244,61,d40
8245,User8245,53,d40
8246,User8246,51,d40
8247,User8247,59,d40
8248,User8248,56,d30
8249,User8249,34,d40
8250,User8250,28,d40
8251,User8251,26,d40
8252,User8252,31,d10
8253,User8253,56,d10
8254,User8254,37,d30
8255,User8255,56,d10
8256,User8256,42,d40
8257,User8257,37,d40
8258,User8258,19,d30
8259,User8259,49,d30
8260,User8260,19,d20
8261,User8261,45,d20
8262,User8262,46,d20
8263,User8263,59,d20
8264,User8264,43,d30
8265,User8265,27,d20
8266,User8266,32,d10
8267,User8267,34,d40
8268,User8268,43,d40
8269,User8269,63,d40
8270,User8270,41,d40
8271,User8271,47,d20
8272,User8272,44,d20
8273,User8273,33,d10
8274,User8274,58,d20
8275,User8275,36,d10
8276,User8276,21,d30
8277,User8277,47,d30
8278,User8278,59,d40
8279,User8279,22,d40
8280,User8280,40,d30
8281,User8281,20,d40
8282,User8282,22,d40
8283,User8283,39,d30
8284,User8284,37,d20
8285,User8285,18,d20
8286,User8286,27,d10
8287,User8287,21,d30
8288,User8288,50,d10
8289,User8289,58,d20
8290,User8290,19,d30
8291,User8291,43,d40
8292,User8292,57,d30
8293,User8293,40,d40
8294,User8294,36,d30
8295,User8295,21,d30
8296,User8296,46,d10
8297,User8297,45,d40
8298,User8298,60,d10
8299,User8299,27,d10
8300,User8300,39,d40
8301,User8301,64,d40
8302,User8302,27,d30
8303,User8303,30,d20
8304,User8304,57,d10
8305,User8305,35,d40
8306,User8306,32,d40
8307,User8307,20,d10
8308,User8308,18,d30
8309,User8309,30,d20
8310,User8310,54,d40
8311,User8311,44,d20
8312,User8312,45,d20
8313,User8313,31,d30
8314,User8314,22,d10
8315,User8315,20,d20
8316,User8316,64,d30
8317,User8317,22,d40
8318,User8318,47,d20
8319,User8319,61,d20
8320,User8320,25,d40
8321,User8321,60,d10
8322,User8322,39,d40
8323,User8323,48,d30
8324,User8324,54,d30
8325,User8325,58,d30
8326,User8326,51,d30
8327,User8327,60,d20
8328,User8328,56,d30
8329,User8329,32,d20
8330,User8330,45,d10
8331,User8331,35,d40
8332,User8332,50,d30
8333,User8333,49,d30
8334,User8334,21,d40
8335,User8335,34,d30
8336,User8336,27,d10
8337,User8337,32,d20
8338,User8338,47,d20
8339,User8339,24,d20
8340,User8340,44,d30
8341,User8341,44,d40
8342,User8342,37,d30
8343,User8343,33,d10
8344,User8344,57,d20
8345,User8345,60,d40
8346,User8346,38,d10
8347,User8347,45,d10
8348,User8348,45,d40
8349,User8349,44,d20
8350,User8350,19,d40
8351,User8351,41,d30
8352,User8352,37,d10
8353,User8353,49,d20
8354,User8354,43,d40
8355,User8355,43,d20
8356,User8356,33,d40
8357,User8357,33,d30
8358,User8358,39,d20
8359,User8359,56,d20
8360,User8360,55,d30
8361,User8361,23,d40
8362,User8362,23,d10
8363,User8363,65,d10
8364,User8364,27,d10
8365,User8365,49,d40
8366,User8366,62,d10
8367,User8367,21,d20
8368,User8368,48,d10
8369,User8369,20,d20
8370,User8370,36,d20
8371,User8371,61,d30
8372,User8372,60,d30
8373,User8373,20,d10
8374,User8374,37,d20
8375,User8375,24,d30
8376,User8376,55,d10
8377,User8377,20,d10
8378,User8378,30,d10
8379,User8379,43,d20
8380,User8380,24,d40
8381,User8381,55,d30
8382,User8382,57,d30
8383,User8383,57,d10
8384,User8384,26,d30
8385,User8385,47,d10
8386,User8386,28,d30
8387,User8387,49,d10
8388,User8388,62,d20
8389,User8389,20,d30
8390,User8390,39,d40
8391,User8391,62,d20
8392,User8392,46,d40
8393,User8393,50,d30
8394,User8394,36,d30
8395,User8395,44,d40
8396,User8396,37,d20
8397,User8397,31,d30
8398,User8398,47,d20
8399,User8399,63,d20
8400,User8400,20,d20
8401,User8401,21,d10
8402,User8402,27,d10
8403,User8403,46,d10
8404,User8404,27,d20
8405,User8405,36,d10
8406,User8406,62,d30
8407,User8407,55,d30
8408,User8408,63,d20
8409,User8409,45,d40
8410,User8410,25,d40
8411,User8411,63,d30
8412,User8412,48,d20
8413,User8413,41,d10
8414,User8414,43,d20
8415,User8415,40,d20
8416,User8416,21,d10
8417,User8417,34,d10
8418,User8418,29,d40
8419,User8419,47,d40
8420,User8420,63,d40
8421,User8421,46,d30
8422,User8422,38,d20
8423,User8423,60,d40
8424,User8424,54,d30
8425,User8425,18,d20
8426,User8426,34,d20
8427,User8427,23,d40
8428,User8428,39,d40
8429,User8429,20,d20
8430,User8430,33,d20
8431,User8431,35,d40
8432,User8432,64,d20
8433,User8433,44,d20
8434,User8434,18,d10
8435,User8435,63,d30
8436,User8436,57,d30
8437,User8437,39,d30
8438,User8438,24,d10
8439,User8439,50,d40
8440,User8440,31,d20
8441,User8441,39,d20
8442,User8442,51,d30
8443,User8443,51,d40
8444,User8444,45,d20
8445,User8445,47,d10
8446,User8446,52,d30
8447,User8447,20,d40
8448,User8448,39,d30
8449,User8449,44,d10
8450,User8450,48,d10
8451,User8451,47,d40
8452,User8452,38,d20
8453,User8453,46,d20
8454,User8454,37,d30
8455,User8455,32,d10
8456,User8456,43,d30
8457,User8457,18,d30
8458,User8458,20,d20
8459,User8459,46,d20
8460,User8460,43,d20
8461,User8461,45,d10
8462,User8462,22,d10
8463,User8463,52,d30
8464,User8464,19,d40
8465,User8465,56,d30
8466,User8466,49,d10
8467,User8467,52,d20
8468,User8468,25,d30
8469,User8469,42,d20
8470,User8470,29,d30
8471,User8471,18,d20
8472,User8472,23,d40
8473,User8473,59,d30
8474,User8474,48,d20
8475,User8475,24,d10
8476,User8476,65,d20
8477,User8477,28,d30
8478,User8478,60,d30
8479,User8479,44,d30
8480,User8480,45,d20
8481,User8481,64,d20
8482,User8482,41,d20
8483,User8483,36,d10
8484,User8484,52,d30
8485,User8485,22,d10
8486,User8486,25,d20
8487,User8487,33,d10
8488,User8488,35,d10
8489,User8489,25,d20
8490,User8490,39,d40
8491,User8491,50,d10
8492,User8492,50,d40
8493,User8493,48,d10
8494,User8494,23,d30
8495,User8495,23,d30
8496,User8496,29,d30
8497,User8497,30,d40
8498,User8498,64,d30
8499,User8499,57,d10
8500,User8500,22,d10
8501,User8501,27,d20
8502,User8502,28,d30
8503,User8503,48,d20
8504,User8504,19,d30
8505,User8505,42,d30
8506,User8506,24,d40
8507,User8507,31,d40
8508,User8508,30,d20
8509,User8509,55,d40
8510,User8510,65,d10
8511,User8511,60,d20
8512,User8512,53,d40
8513,User8513,42,d40
8514,User8514,59,d30
8515,User8515,30,d30
8516,User8516,20,d10
8517,User8517,30,d40
8518,User8518,54,d10
8519,User8519,19,d30
8520,User8520,59,d30
8521,User8521,44,d30
8522,User8522,38,d10
8523,User8523,23,d40
8524,User8524,24,d20
8525,User8525,55,d10
8526,User8526,48,d20
8527,User8527,53,d40
8528,User8528,25,d30
8529,User8529,58,d10
8530,User8530,33,d30
8531,User8531,52,d30
8532,User8532,36,d40
8533,User8533,24,d10
8534,User8534,37,d10
8535,User8535,62,d20
8536,User8536,42,d30
8537,User8537,35,d20
8538,User8538,44,d30
8539,User8539,51,d10
8540,User8540,22,d30
8541,User8541,37,d40
8542,User8542,44,d30
8543,User8543,19,d10
8544,User8544,38,d30
8545,User8545,63,d20
8546,User8546,26,d10
8547,User8547,41,d10
8548,User8548,24,d10
8549,User8549,39,d30
8550,User8550,25,d30
8551,User8551,54,d20
8552,User8552,55,d20
8553,User8553,32,d10
8554,User8554,35,d10
8555,User8555,53,d30
8556,User8556,63,d10
8557,User8557,53,d30
8558,User8558,24,d30
8559,User8559,20,d40
8560,User8560,44,d30
8561,User8561,60,d10
8562,User8562,35,d30
8563,User8563,26,d10
8564,User8564,24,d10
8565,User8565,24,d10
8566,User8566,20,d40
8567,User8567,41,d40
8568,User8568,52,d40
8569,User8569,34,d10
8570,User8570,55,d20
8571,User8571,23,d20
8572,User8572,28,d30
8573,User8573,59,d20
8574,User8574,58,d10
8575,User8575,48,d10
8576,User8576,64,d20
8577,User8577,28,d20
8578,User8578,44,d20
8579,User8579,61,d10
8580,User8580,54,d30
8581,User8581,49,d20
8582,User8582,21,d20
8583,User8583,31,d40
8584,User8584,30,d40
8585,User8585,40,d30
8586,User8586,43,d20
8587,User8587,55,d40
8588,User8588,35,d30
8589,User8589,57,d20
8590,User8590,63,d10
8591,User8591,34,d40
8592,User8592,18,d40
8593,User8593,43,d10
8594,User8594,65,d20
8595,User8595,62,d30
8596,User8596,54,d20
8597,User8597,59,d20
8598,User8598,60,d10
8599,User8599,26,d20
8600,User8600,32,d10
8601,User8601,65,d20
8602,User8602,64,d10
8603,User8603,61,d10
8604,User8604,26,d40
8605,User8605,35,d20
8606,User8606,54,d10
8607,User8607,59,d10
8608,User8608,63,d20
8609,User8609,62,d10
8610,User8610,44,d10
8611,User8611,39,d10
8612,User8612,46,d20
8613,User8613,27,d20
8614,User8614,41,d10
8615,User8615,44,d30
8616,User8616,60,d40
8617,User8617,46,d30
8618,User8618,58,d20
8619,User8619,31,d20
8620,User8620,40,d40
8621,User8621,60,d20
8622,User8622,49,d20
8623,User8623,35,d40
8624,User8624,21,d40
8625,User8625,18,d30
8626,User8626,47,d40
8627,User8627,21,d20
8628,User8628,65,d10
8629,User8629,51,d40
8630,User8630,31,d30
8631,User8631,25,d40
8632,User8632,27,d30
8633,User8633,35,d30
8634,User8634,45,d20
8635,User8635,48,d10
8636,User8636,55,d10
8637,User8637,40,d40
8638,User8638,59,d30
8639,User8639,46,d20
8640,User8640,62,d20
8641,User8641,48,d30
8642,User8642,35,d40
8643,User8643,48,d20
8644,User8644,46,d20
8645,User8645,19,d20
8646,User8646,59,d20
8647,User8647,42,d40
8648,User8648,53,d20
8649,User8649,25,d20
8650,User8650,64,d30
8651,User8651,51,d30
8652,User8652,62,d30
8653,User8653,35,d10
8654,User8654,65,d30
8655,User8655,19,d40
8656,User8656,54,d10
8657,User8657,33,d10
8658,User8658,34,d30
8659,User8659,60,d20
8660,User8660,58,d20
8661,User8661,51,d40
8662,User8662,27,d10
8663,User8663,38,d10
8664,User8664,54,d40
8665,User8665,18,d30
8666,User8666,30,d40
8667,User8667,24,d20
8668,User8668,64,d30
8669,User8669,34,d40
8670,User8670,55,d30
8671,User8671,58,d20
8672,User8672,60,d40
8673,User8673,24,d30
8674,User8674,48,d40
8675,User8675,33,d20
8676,User8676,20,d30
8677,User8677,40,d30
8678,User8678,33,d40
8679,User8679,49,d30
8680,User8680,45,d20
8681,User8681,62,d10
8682,User8682,24,d10
8683,User8683,32,d20
8684,User8684,20,d40
8685,User8685,47,d20
8686,User8686,52,d40
8687,User8687,24,d10
8688,User8688,63,d40
8689,User8689,32,d20
8690,User8690,31,d20
8691,User8691,24,d30
8692,User8692,34,d10
8693,User8693,55,d10
8694,User8694,25,d40
8695,User8695,59,d30
8696,User8696,31,d40
8697,User8697,39,d10
8698,User8698,57,d20
8699,User8699,23,d10
8700,User8700,56,d30
8701,User8701,20,d20
8702,User8702,62,d40
8703,User8703,52,d30
8704,User8704,60,d20
8705,User8705,49,d10
8706,User8706,44,d20
8707,User8707,24,d30
8708,User8708,50,d10
8709,User8709,54,d20
8710,User8710,18,d30
8711,User8711,62,d40
8712,User8712,40,d30
8713,User8713,53,d40
8714,User8714,19,d20
8715,User8715,58,d10
8716,User8716,60,d10
8717,User8717,30,d30
8718,User8718,28,d20
8719,User8719,65,d20
8720,User8720,64,d10
8721,User8721,30,d20
8722,User8722,30,d20
8723,User8723,36,d20
8724,User8724,21,d40
8725,User8725,32,d40
8726,User8726,20,d20
8727,User8727,64,d10
8728,User8728,41,d20
8729,User8729,61,d30
8730,User8730,27,d40
8731,User8731,28,d10
8732,User8732,42,d40
8733,User8733,28,d10
8734,User8734,20,d30
8735,User8735,61,d20
8736,User8736,24,d40
8737,User8737,28,d10
8738,User8738,22,d20
8739,User8739,44,d20
8740,User8740,45,d10
8741,User8741,62,d20
8742,User8742,35,d20
8743,User8743,46,d30
8744,User8744,56,d20
8745,User8745,46,d20
8746,User8746,29,d40
8747,User8747,35,d40
8748,User8748,34,d30
8749,User8749,64,d20
8750,User8750,30,d10
8751,User8751,36,d40
8752,User8752,52,d40
8753,User8753,23,d40
8754,User8754,62,d10
8755,User8755,21,d20
8756,User8756,65,d20
8757,User8757,53,d10
8758,User8758,43,d40
8759,User8759,21,d20
8760,User8760,52,d20
8761,User8761,26,d20
8762,User8762,21,d20
8763,User8763,33,d10
8764,User8764,39,d10
8765,User8765,34,d10
8766,User8766,39,d30
8767,User8767,29,d20
8768,User8768,45,d10
8769,User8769,31,d40
8770,User8770,32,d20
8771,User8771,51,d10
8772,User8772,57,d20
8773,User8773,22,d40
8774,User8774,64,d40
8775,User8775,65,d10
8776,User8776,47,d30
8777,User8777,61,d20
8778,User8778,39,d30
8779,User8779,20,d10
8780,User8780,19,d10
8781,User8781,64,d10
8782,User8782,23,d10
8783,User8783,28,d30
8784,User8784,23,d10
8785,User8785,48,d20
8786,User8786,46,d10
8787,User8787,21,d30
8788,User8788,64,d10
8789,User8789,40,d20
8790,User8790,42,d30
8791,User8791,50,d10
8792,User8792,36,d30
8793,User8793,28,d30
8794,User8794,52,d10
8795,User8795,56,d20
8796,User8796,36,d40
8797,User8797,51,d40
8798,User8798,27,d10
8799,User8799,36,d20
8800,User8800,38,d10
8801,User8801,48,d40
8802,User8802,50,d10
8803,User8803,47,d40
8804,User8804,20,d10
8805,User8805,18,d10
8806,User8806,33,d30
8807,User8807,40,d40
8808,User8808,23,d30
8809,User8809,64,d30
8810,User8810,51,d30
8811,User8811,43,d20
8812,User8812,54,d40
8813,User8813,33,d10
8814,User8814,27,d40
8815,User8815,50,d30
8816,User8816,38,d20
8817,User8817,60,d30
8818,User8818,41,d10
8819,User8819,28,d30
8820,User8820,64,d40
8821,User8821,53,d10
8822,User8822,58,d10
8823,User8823,21,d40
8824,User8824,31,d40
8825,User8825,44,d20
8826,User8826,57,d40
8827,User8827,19,d30
8828,User8828,26,d20
8829,User8829,21,d10
8830,User8830,21,d30
8831,User8831,43,d10
8832,User8832,51,d30
8833,User8833,53,d10
8834,User8834,34,d10
8835,User8835,59,d30
8836,User8836,53,d20
8837,User8837,49,d40
8838,User8838,51,d20
8839,User8839,42,d20
8840,User8840,51,d20
8841,User8841,43,d10
8842,User8842,33,d30
8843,User8843,61,d20
8844,User8844,27,d10
8845,User8845,57,d40
8846,User8846,64,d30
8847,User8847,51,d20
8848,User8848,44,d30
8849,User8849,28,d30
8850,User8850,33,d10
8851,User8851,63,d40
8852,User8852,41,d20
8853,User8853,31,d40
8854,User8854,37,d10
8855,User8855,23,d30
8856,User8856,20,d40
8857,User8857,36,d40
8858,User8858,28,d40
8859,User8859,41,d30
8860,User8860,20,d30
8861,User8861,43,d20
8862,User8862,64,d20
8863,User8863,39,d30
8864,User8864,36,d20
8865,User8865,64,d20
8866,User8866,60,d10
8867,User8867,48,d10
8868,User8868,37,d40
8869,User8869,35,d40
8870,User8870,50,d30
8871,User8871,32,d10
8872,User8872,41,d10
8873,User8873,53,d20
8874,User8874,35,d20
8875,User8875,64,d30
8876,User8876,47,d20
8877,User8877,61,d10
8878,User8878,20,d30
8879,User8879,61,d30
8880,User8880,36,d10
8881,User8881,31,d20
8882,User8882,31,d20
8883,User8883,30,d30
8884,User8884,55,d30
8885,User8885,63,d30
8886,User8886,43,d10
8887,User8887,27,d20
8888,User8888,23,d10
8889,User8889,63,d10
8890,User8890,51,d40
8891,User8891,64,d40
8892,User8892,52,d10
8893,User8893,56,d10
8894,User8894,33,d20
8895,User8895,58,d10
8896,User8896,49,d20
8897,User8897,26,d20
8898,User8898,59,d40
8899,User8899,32,d30
8900,User8900,44,d10
8901,User8901,64,d10
8902,User8902,23,d10
8903,User8903,38,d40
8904,User8904,24,d40
8905,User8905,50,d40
8906,User8906,53,d40
8907,User8907,18,d10
8908,User8908,31,d20
8909,User8909,19,d10
8910,User8910,39,d10
8911,User8911,25,d40
8912,User8912,56,d20
8913,User8913,33,d10
8914,User8914,39,d40
8915,User8915,58,d40
8916,User8916,34,d40
8917,User8917,56,d30
8918,User8918,64,d10
8919,User8919,18,d40
8920,User8920,43,d20
8921,User8921,57,d30
8922,User8922,26,d30
8923,User8923,22,d10
8924,User8924,56,d30
8925,User8925,25,d10
8926,User8926,24,d30
8927,User8927,32,d30
8928,User8928,43,d20
8929,User8929,39,d40
8930,User8930,55,d10
8931,User8931,44,d20
8932,User8932,28,d20
8933,User8933,31,d20
8934,User8934,22,d20
8935,User8935,46,d20
8936,User8936,39,d30
8937,User8937,44,d30
8938,User8938,23,d10
8939,User8939,20,d30
8940,User8940,26,d30
8941,User8941,65,d40
8942,User8942,41,d10
8943,User8943,39,d10
8944,User8944,49,d20
8945,User8945,45,d40
8946,User8946,65,d40
8947,User8947,51,d10
8948,User8948,25,d10
8949,User8949,45,d20
8950,User8950,20,d10
8951,User8951,21,d20
8952,User8952,41,d20
8953,User8953,43,d40
8954,User8954,19,d10
8955,User8955,27,d40
8956,User8956,22,d40
8957,User8957,65,d30
8958,User8958,24,d20
8959,User8959,31,d20
8960,User8960,39,d30
8961,User8961,21,d30
8962,User8962,50,d40
8963,User8963,45,d20
8964,User8964,49,d10
8965,User8965,45,d40
8966,User8966,57,d20
8967,User8967,51,d20
8968,User8968,36,d30
8969,User8969,25,d10
8970,User8970,37,d20
8971,User8971,51,d10
8972,User8972,30,d40
8973,User8973,37,d30
8974,User8974,48,d20
8975,User8975,44,d20
8976,User8976,31,d10
8977,User8977,59,d20
8978,User8978,57,d30
8979,User8979,21,d10
8980,User8980,60,d10
8981,User8981,46,d30
8982,User8982,56,d10
8983,User8983,50,d10
8984,User8984,54,d30
8985,User8985,36,d10
8986,User8986,54,d30
8987,User8987,19,d20
8988,User8988,34,d40
8989,User8989,43,d20
8990,User8990,57,d40
8991,User8991,60,d40
8992,User8992,53,d30
8993,User8993,23,d40
8994,User8994,27,d30
8995,User8995,55,d30
8996,User8996,58,d40
8997,User8997,27,d20
8998,User8998,54,d30
8999,User8999,36,d10
9000,User9000,50,d10
9001,User9001,54,d30
9002,User9002,29,d20
9003,User9003,24,d20
9004,User9004,32,d20
9005,User9005,27,d30
9006,User9006,43,d40
9007,User9007,44,d10
9008,User9008,53,d10
9009,User9009,27,d40
9010,User9010,58,d40
9011,User9011,47,d10
9012,User9012,19,d40
9013,User9013,29,d40
9014,User9014,37,d20
9015,User9015,51,d20
9016,User9016,38,d20
9017,User9017,59,d30
9018,User9018,51,d20
9019,User9019,60,d20
9020,User9020,36,d10
9021,User9021,40,d10
9022,User9022,60,d40
9023,User9023,27,d10
9024,User9024,39,d40
9025,User9025,53,d10
9026,User9026,43,d20
9027,User9027,52,d30
9028,User9028,45,d20
9029,User9029,23,d30
9030,User9030,54,d40
9031,User9031,40,d40
9032,User9032,58,d40
9033,User9033,31,d10
9034,User9034,53,d10
9035,User9035,45,d40
9036,User9036,61,d10
9037,User9037,30,d20
9038,User9038,54,d30
9039,User9039,25,d30
9040,User9040,30,d30
9041,User9041,43,d30
9042,User9042,33,d20
9043,User9043,50,d30
9044,User9044,58,d30
9045,User9045,19,d10
9046,User9046,48,d20
9047,User9047,18,d20
9048,User9048,60,d10
9049,User9049,56,d40
9050,User9050,42,d40
9051,User9051,21,d10
9052,User9052,42,d10
9053,User9053,22,d20
9054,User9054,60,d10
9055,User9055,57,d20
9056,User9056,19,d30
9057,User9057,22,d10
9058,User9058,51,d40
9059,User9059,57,d10
9060,User9060,23,d30
9061,User9061,58,d30
9062,User9062,65,d10
9063,User9063,21,d30
9064,User9064,44,d40
9065,User9065,58,d20
9066,User9066,55,d20
9067,User9067,59,d40
9068,User9068,58,d40
9069,User9069,21,d20
9070,User9070,32,d30
9071,User9071,35,d30
9072,User9072,49,d10
9073,User9073,46,d40
9074,User9074,43,d30
9075,User9075,21,d20
9076,User9076,26,d40
9077,User9077,44,d40
9078,User9078,56,d20
9079,User9079,40,d20
9080,User9080,53,d10
9081,User9081,65,d10
9082,User9082,64,d40
9083,User9083,42,d40
9084,User9084,28,d10
9085,User9085,34,d10
9086,User9086,43,d10
9087,User9087,22,d30
9088,User9088,30,d20
9089,User9089,47,d20
9090,User9090,23,d20
9091,User9091,38,d20
9092,User9092,63,d30
9093,User9093,30,d20
9094,User9094,43,d30
9095,User9095,47,d10
9096,User9096,47,d10
9097,User9097,31,d10
9098,User9098,61,d20
9099,User9099,23,d10
9100,User9100,18,d20
9101,User9101,25,d40
9102,User9102,45,d20
9103,User9103,50,d20
9104,User9104,26,d30
9105,User9105,49,d40
9106,User9106,42,d30
9107,User9107,30,d10
9108,User9108,46,d20
9109,User9109,60,d10
9110,User9110,37,d30
9111,User9111,55,d30
9112,User9112,64,d10
9113,User9113,55,d20
9114,User9114,21,d30
9115,User9115,43,d20
9116,User9116,50,d30
9117,User9117,24,d10
9118,User9118,35,d40
9119,User9119,21,d30
9120,User9120,46,d20
9121,User9121,61,d20
9122,User9122,24,d30
9123,User9123,48,d40
9124,User9124,27,d10
9125,User9125,65,d40
9126,User9126,60,d40
9127,User9127,29,d20
9128,User9128,18,d10
9129,User9129,58,d20
9130,User9130,49,d10
9131,User9131,24,d20
9132,User9132,34,d20
9133,User9133,28,d40
9134,User9134,65,d30
9135,User9135,64,d40
9136,User9136,32,d40
9137,User9137,32,d40
9138,User9138,25,d20
9139,User9139,52,d20
9140,User9140,44,d30
9141,User9141,39,d10
9142,User9142,54,d20
9143,User9143,65,d40
9144,User9144,49,d10
9145,User9145,43,d40
9146,User9146,47,d10
9147,User9147,62,d40
9148,User9148,43,d10
9149,User9149,33,d40
9150,User9150,51,d40
9151,User9151,18,d20
9152,User9152,18,d30
9153,User9153,52,d40
9154,User9154,23,d20
9155,User9155,29,d20
9156,User9156,58,d20
9157,User9157,38,d30
9158,User9158,23,d20
9159,User9159,61,d40
9160,User9160,18,d30
9161,User9161,52,d30
9162,User9162,24,d40
9163,User9163,43,d30
9164,User9164,64,d20
9165,User9165,51,d10
9166,User9166,22,d20
9167,User9167,38,d20
9168,User9168,47,d40
9169,User9169,53,d10
9170,User9170,33,d30
9171,User9171,57,d40
9172,User9172,52,d30
9173,User9173,28,d10
9174,User9174,20,d20
9175,User9175,20,d30
9176,User9176,60,d20
9177,User9177,64,d40
9178,User9178,50,d30
9179,User9179,59,d30
9180,User9180,37,d20
9181,User9181,65,d30
9182,User9182,59,d10
9183,User9183,36,d10
9184,User9184,46,d30
9185,User9185,20,d40
9186,User9186,23,d40
9187,User9187,29,d30
9188,User9188,52,d20
9189,User9189,46,d40
9190,User9190,48,d40
9191,User9191,52,d20
9192,User9192,19,d20
9193,User9193,35,d40
9194,User9194,22,d40
9195,User9195,64,d10
9196,User9196,49,d40
9197,User9197,42,d40
9198,User9198,57,d20
9199,User9199,50,d40
9200,User9200,63,d40
9201,User9201,26,d20
9202,User9202,51,d30
9203,User9203,49,d20
9204,User9204,59,d10
9205,User9205,61,d30
9206,User9206,43,d10
9207,User9207,61,d20
9208,User9208,41,d20
9209,User9209,62,d10
9210,User9210,19,d30
9211,User9211,42,d30
9212,User9212,64,d40
9213,User9213,61,d30
9214,User9214,54,d40
9215,User9215,19,d10
9216,User9216,28,d10
9217,User9217,52,d30
9218,User9218,65,d20
9219,User9219,41,d30
9220,User9220,34,d30
9221,User9221,51,d20
9222,User9222,47,d40
9223,User9223,30,d40
9224,User9224,40,d20
9225,User9225,29,d30
9226,User9226,58,d20
9227,User9227,61,d20
9228,User9228,43,d30
9229,User9229,30,d20
9230,User9230,39,d10
9231,User9231,28,d40
9232,User9232,23,d30
9233,User9233,29,d30
9234,User9234,64,d30
9235,User9235,29,d40
9236,User9236,42,d30
9237,User9237,54,d20
9238,User9238,43,d20
9239,User9239,62,d20
9240,User9240,39,d20
9241,User9241,24,d30
9242,User9242,50,d20
9243,User9243,53,d10
9244,User9244,41,d40
9245,User9245,19,d30
9246,User9246,51,d40
9247,User9247,42,d30
9248,User9248,19,d30
9249,User9249,49,d30
9250,User9250,34,d30
9251,User9251,18,d20
9252,User9252,37,d20
9253,User9253,61,d10
9254,User9254,25,d10
9255,User9255,56,d40
9256,User9256,28,d40
9257,User9257,30,d10
9258,User9258,55,d30
9259,User9259,35,d20
9260,User9260,23,d10
9261,User9261,31,d30
9262,User9262,37,d40
9263,User9263,38,d10
9264,User9264,47,d30
9265,User9265,38,d10
9266,User9266,30,d30
9267,User9267,31,d10
9268,User9268,41,d20
9269,User9269,44,d20
9270,User9270,64,d40
9271,User9271,33,d10
9272,User9272,46,d40
9273,User9273,20,d30
9274,User9274,57,d10
9275,User9275,27,d30
9276,User9276,36,d10
9277,User9277,20,d10
9278,User9278,29,d30
9279,User9279,42,d40
9280,User9280,62,d10
9281,User9281,53,d40
9282,User9282,56,d10
9283,User9283,48,d20
9284,User9284,35,d10
9285,User9285,26,d30
9286,User9286,50,d20
9287,User9287,43,d30
9288,User9288,26,d20
9289,User9289,53,d30
9290,User9290,44,d40
9291,User9291,38,d10
9292,User9292,46,d40
9293,User9293,35,d40
9294,User9294,28,d30
9295,User9295,49,d20
9296,User9296,50,d30
9297,User9297,65,d30
9298,User9298,52,d30
9299,User9299,64,d30
9300,User9300,41,d40
9301,User9301,63,d30
9302,User9302,29,d30
9303,User9303,37,d20
9304,User9304,23,d10
9305,User9305,39,d40
9306,User9306,26,d10
9307,User9307,20,d10
9308,User9308,27,d10
9309,User9309,41,d30
9310,User9310,55,d20
9311,User9311,22,d20
9312,User9312,26,d20
9313,User9313,38,d10
9314,User9314,22,d30
9315,User9315,18,d20
9316,User9316,39,d30
9317,User9317,20,d40
9318,User9318,58,d20
9319,User9319,53,d40
9320,User9320,61,d20
9321,User9321,36,d10
9322,User9322,36,d30
9323,User9323,42,d40
9324,User9324,27,d40
9325,User9325,62,d40
9326,User9326,45,d20
9327,User9327,58,d40
9328,User9328,64,d40
9329,User9329,59,d30
9330,User9330,27,d40
9331,User9331,26,d10
9332,User9332,50,d30
9333,User9333,41,d20
9334,User9334,31,d30
9335,User9335,51,d10
9336,User9336,29,d20
9337,User9337,65,d10
9338,User9338,30,d20
9339,User9339,26,d10
9340,User9340,56,d20
9341,User9341,59,d20
9342,User9342,58,d10
9343,User9343,57,d30
9344,User9344,21,d10
9345,User9345,65,d40
9346,User9346,23,d10
9347,User9347,44,d20
9348,User9348,49,d30
9349,User9349,31,d20
9350,User9350,40,d40
9351,User9351,52,d10
9352,User9352,48,d20
9353,User9353,51,d40
9354,User9354,60,d10
9355,User9355,29,d40
9356,User9356,40,d20
9357,User9357,47,d40
9358,User9358,34,d30
9359,User9359,53,d30
9360,User9360,48,d30
9361,User9361,42,d20
9362,User9362,54,d20
9363,User9363,38,d10
9364,User9364,57,d20
9365,User9365,50,d10
9366,User9366,42,d40
9367,User9367,64,d20
9368,User9368,43,d10
9369,User9369,53,d10
9370,User9370,63,d20
9371,User9371,25,d40
9372,User9372,29,d40
9373,User9373,47,d10
9374,User9374,30,d20
9375,User9375,63,d40
9376,User9376,54,d20
9377,User9377,19,d20
9378,User9378,29,d30
9379,User9379,27,d20
9380,User9380,65,d20
9381,User9381,28,d40
9382,User9382,64,d10
9383,User9383,38,d40
9384,User9384,58,d10
9385,User9385,33,d30
9386,User9386,33,d20
9387,User9387,38,d20
9388,User9388,62,d30
9389,User9389,54,d20
9390,User9390,38,d20
9391,User9391,35,d30
9392,User9392,25,d40
9393,User9393,64,d40
9394,User9394,65,d40
9395,User9395,32,d40
9396,User9396,43,d20
9397,User9397,33,d30
9398,User9398,54,d10
9399,User9399,34,d30
9400,User9400,54,d30
9401,User9401,57,d40
9402,User9402,29,d10
9403,User9403,56,d40
9404,User9404,18,d40
9405,User9405,54,d20
9406,User9406,46,d20
9407,User9407,28,d10
9408,User9408,39,d10
9409,User9409,60,d20
9410,User9410,51,d40
9411,User9411,64,d40
9412,User9412,31,d10
9413,User9413,63,d40
9414,User9414,26,d30
9415,User9415,26,d20
9416,User9416,19,d20
9417,User9417,26,d10
9418,User9418,43,d30
9419,User9419,53,d10
9420,User9420,29,d20
9421,User9421,20,d10
9422,User9422,53,d30
9423,User9423,56,d40
9424,User9424,51,d40
9425,User9425,40,d40
9426,User9426,62,d20
9427,User9427,60,d30
9428,User9428,29,d30
9429,User9429,58,d20
9430,User9430,21,d40
9431,User9431,30,d10
9432,User9432,35,d10
9433,User9433,33,d30
9434,User9434,59,d40
9435,User9435,54,d10
9436,User9436,25,d30
9437,User9437,22,d40
9438,User9438,28,d30
9439,User9439,64,d20
9440,User9440,19,d10
9441,User9441,59,d20
9442,User9442,64,d20
9443,User9443,60,d30
9444,User9444,23,d10
9445,User9445,30,d30
9446,User9446,35,d40
9447,User9447,21,d20
9448,User9448,18,d20
9449,User9449,48,d40
9450,User9450,31,d10
9451,User9451,23,d40
9452,User9452,27,d10
9453,User9453,21,d40
9454,User9454,64,d20
9455,User9455,25,d20
9456,User9456,28,d20
9457,User9457,61,d10
9458,User9458,44,d40
9459,User9459,60,d40
9460,User9460,21,d20
9461,User9461,56,d10
9462,User9462,25,d10
9463,User9463,42,d10
9464,User9464,24,d40
9465,User9465,29,d20
9466,User9466,25,d10
9467,User9467,46,d10
9468,User9468,64,d20
9469,User9469,60,d30
9470,User9470,33,d40
9471,User9471,57,d20
9472,User9472,20,d20
9473,User9473,54,d30
9474,User9474,45,d20
9475,User9475,39,d40
9476,User9476,52,d20
9477,User9477,60,d10
9478,User9478,47,d20
9479,User9479,51,d30
9480,User9480,27,d10
9481,User9481,29,d30
9482,User9482,23,d10
9483,User9483,19,d30
9484,User9484,58,d40
9485,User9485,39,d20
9486,User9486,54,d10
9487,User9487,26,d30
9488,User9488,56,d20
9489,User9489,42,d30
9490,User9490,19,d20
9491,User9491,62,d20
9492,User9492,40,d30
9493,User9493,22,d40
9494,User9494,31,d10
9495,User9495,26,d30
9496,User9496,19,d40
9497,User9497,32,d10
9498,User9498,25,d40
9499,User9499,35,d20
9500,User9500,45,d20
9501,User9501,53,d30
9502,User9502,52,d30
9503,User9503,42,d30
9504,User9504,26,d30
9505,User9505,19,d20
9506,User9506,22,d30
9507,User9507,19,d20
9508,User9508,48,d20
9509,User9509,45,d10
9510,User9510,41,d10
9511,User9511,48,d20
9512,User9512,53,d20
9513,User9513,35,d40
9514,User9514,28,d10
9515,User9515,46,d10
9516,User9516,45,d10
9517,User9517,55,d40
9518,User9518,44,d10
9519,User9519,26,d20
9520,User9520,36,d20
9521,User9521,39,d10
9522,User9522,34,d30
9523,User9523,61,d20
9524,User9524,32,d10
9525,User9525,20,d30
9526,User9526,21,d20
9527,User9527,19,d10
9528,User9528,43,d30
9529,User9529,54,d40
9530,User9530,41,d40
9531,User9531,37,d40
9532,User9532,41,d10
9533,User9533,55,d40
9534,User9534,41,d30
9535,User9535,45,d30
9536,User9536,33,d20
9537,User9537,48,d30
9538,User9538,26,d10
9539,User9539,47,d30
9540,User9540,18,d40
9541,User9541,20,d10
9542,User9542,25,d10
9543,User9543,20,d10
9544,User9544,19,d20
9545,User9545,53,d40
9546,User9546,24,d20
9547,User9547,43,d40
9548,User9548,23,d30
9549,User9549,28,d40
9550,User9550,51,d40
9551,User9551,52,d10
9552,User9552,51,d10
9553,User9553,64,d10
9554,User9554,46,d30
9555,User9555,27,d10
9556,User9556,64,d10
9557,User9557,39,d10
9558,User9558,47,d10
9559,User9559,30,d10
9560,User9560,44,d10
9561,User9561,24,d40
9562,User9562,21,d20
9563,User9563,63,d40
9564,User9564,39,d20
9565,User9565,21,d10
9566,User9566,41,d30
9567,User9567,49,d30
9568,User9568,30,d30
9569,User9569,29,d40
9570,User9570,63,d10
9571,User9571,19,d20
9572,User9572,54,d10
9573,User9573,29,d40
9574,User9574,52,d30
9575,User9575,46,d30
9576,User9576,63,d40
9577,User9577,56,d40
9578,User9578,49,d30
9579,User9579,31,d10
9580,User9580,53,d10
9581,User9581,39,d10
9582,User9582,60,d20
9583,User9583,56,d20
9584,User9584,28,d40
9585,User9585,34,d40
9586,User9586,43,d40
9587,User9587,27,d40
9588,User9588,40,d10
9589,User9589,51,d10
9590,User9590,26,d20
9591,User9591,19,d40
9592,User9592,21,d10
9593,User9593,43,d30
9594,User9594,45,d40
9595,User9595,37,d10
9596,User9596,58,d30
9597,User9597,22,d10
9598,User9598,21,d10
9599,User9599,55,d40
9600,User9600,60,d40
9601,User9601,25,d40
9602,User9602,20,d30
9603,User9603,65,d10
9604,User9604,55,d30
9605,User9605,52,d20
9606,User9606,63,d10
9607,User9607,54,d30
9608,User9608,38,d10
9609,User9609,60,d20
9610,User9610,38,d10
9611,User9611,20,d20
9612,User9612,57,d30
9613,User9613,55,d10
9614,User9614,59,d30
9615,User9615,43,d40
9616,User9616,58,d40
9617,User9617,59,d20
9618,User9618,30,d10
9619,User9619,55,d40
9620,User9620,61,d40
9621,User9621,44,d10
9622,User9622,56,d40
9623,User9623,24,d30
9624,User9624,42,d40
9625,User9625,27,d10
9626,User9626,49,d20
9627,User9627,21,d30
9628,User9628,48,d40
9629,User9629,33,d30
9630,User9630,29,d20
9631,User9631,45,d30
9632,User9632,31,d20
9633,User9633,55,d30
9634,User9634,57,d10
9635,User9635,18,d40
9636,User9636,63,d10
9637,User9637,28,d30
9638,User9638,60,d40
9639,User9639,19,d20
9640,User9640,47,d20
9641,User9641,50,d10
9642,User9642,52,d40
9643,User9643,24,d20
9644,User9644,44,d10
9645,User9645,28,d10
9646,User9646,58,d10
9647,User9647,24,d30
9648,User9648,33,d10
9649,User9649,61,d30
9650,User9650,27,d40
9651,User9651,23,d10
9652,User9652,19,d40
9653,User9653,60,d30
9654,User9654,22,d10
9655,User9655,34,d40
9656,User9656,52,d30
9657,User9657,28,d20
9658,User9658,46,d10
9659,User9659,51,d30
9660,User9660,54,d20
9661,User9661,50,d40
9662,User9662,46,d30
9663,User9663,52,d10
9664,User9664,21,d20
9665,User9665,34,d10
9666,User9666,44,d10
9667,User9667,38,d40
9668,User9668,60,d40
9669,User9669,29,d10
9670,User9670,42,d20
9671,User9671,37,d10
9672,User9672,23,d40
9673,User9673,28,d10
9674,User9674,61,d40
9675,User9675,28,d30
9676,User9676,53,d40
9677,User9677,47,d20
9678,User9678,55,d40
9679,User9679,60,d40
9680,User9680,35,d10
9681,User9681,55,d10
9682,User9682,32,d30
9683,User9683,34,d10
9684,User9684,55,d10
9685,User9685,25,d40
9686,User9686,45,d30
9687,User9687,49,d10
9688,User9688,29,d20
9689,User9689,36,d40
9690,User9690,39,d20
9691,User9691,40,d40
9692,User9692,47,d10
9693,User9693,29,d40
9694,User9694,58,d30
9695,User9695,56,d10
9696,User9696,62,d40
9697,User9697,57,d30
9698,User9698,42,d40
9699,User9699,64,d20
9700,User9700,57,d30
9701,User9701,19,d40
9702,User9702,46,d30
9703,User9703,27,d30
9704,User9704,46,d10
9705,User9705,27,d10
9706,User9706,24,d30
9707,User9707,27,d40
9708,User9708,40,d20
9709,User9709,58,d20
9710,User9710,35,d40
9711,User9711,18,d20
9712,User9712,35,d20
9713,User9713,52,d40
9714,User9714,57,d20
9715,User9715,45,d10
9716,User9716,34,d20
9717,User9717,48,d40
9718,User9718,51,d20
9719,User9719,56,d40
9720,User9720,45,d10
9721,User9721,57,d10
9722,User9722,23,d10
9723,User9723,22,d30
9724,User9724,25,d20
9725,User9725,40,d20
9726,User9726,31,d20
9727,User9727,24,d40
9728,User9728,31,d20
9729,User9729,64,d40
9730,User9730,18,d40
9731,User9731,29,d30
9732,User9732,20,d20
9733,User9733,38,d30
9734,User9734,43,d10
9735,User9735,62,d30
9736,User9736,28,d10
9737,User9737,35,d30
9738,User9738,49,d30
9739,User9739,34,d20
9740,User9740,57,d10
9741,User9741,45,d10
9742,User9742,59,d30
9743,User9743,30,d10
9744,User9744,35,d30
9745,User9745,54,d10
9746,User9746,43,d40
9747,User9747,48,d10
9748,User9748,65,d40
9749,User9749,51,d10
9750,User9750,62,d20
9751,User9751,56,d30
9752,User9752,52,d10
9753,User9753,43,d10
9754,User9754,53,d40
9755,User9755,24,d20
9756,User9756,23,d30
9757,User9757,35,d40
9758,User9758,51,d40
9759,User9759,32,d10
9760,User9760,57,d30
9761,User9761,43,d20
9762,User9762,34,d40
9763,User9763,57,d40
9764,User9764,62,d20
9765,User9765,62,d40
9766,User9766,37,d40
9767,User9767,54,d40
9768,User9768,62,d30
9769,User9769,38,d10
9770,User9770,55,d30
9771,User9771,38,d30
9772,User9772,25,d10
9773,User9773,57,d10
9774,User9774,64,d20
9775,User9775,21,d20
9776,User9776,41,d40
9777,User9777,62,d20
9778,User9778,62,d40
9779,User9779,40,d10
9780,User9780,22,d10
9781,User9781,23,d40
9782,User9782,61,d40
9783,User9783,32,d10
9784,User9784,31,d40
9785,User9785,38,d40
9786,User9786,44,d20
9787,User9787,24,d20
9788,User9788,38,d30
9789,User9789,56,d30
9790,User9790,42,d10
9791,User9791,18,d40
9792,User9792,19,d10
9793,User9793,26,d30
9794,User9794,51,d30
9795,User9795,29,d30
9796,User9796,36,d10
9797,User9797,42,d40
9798,User9798,65,d30
9799,User9799,45,d40
9800,User9800,44,d40
9801,User9801,38,d10
9802,User9802,34,d40
9803,User9803,18,d20
9804,User9804,38,d30
9805,User9805,41,d40
9806,User9806,46,d40
9807,User9807,52,d30
9808,User9808,54,d10
9809,User9809,37,d40
9810,User9810,32,d30
9811,User9811,50,d20
9812,User9812,45,d10
9813,User9813,33,d20
9814,User9814,34,d30
9815,User9815,42,d40
9816,User9816,58,d20
9817,User9817,44,d20
9818,User9818,62,d30
9819,User9819,21,d30
9820,User9820,43,d10
9821,User9821,56,d30
9822,User9822,32,d30
9823,User9823,18,d10
9824,User9824,28,d40
9825,User9825,25,d20
9826,User9826,27,d20
9827,User9827,29,d30
9828,User9828,45,d40
9829,User9829,62,d40
9830,User9830,37,d40
9831,User9831,26,d40
9832,User9832,57,d30
9833,User9833,42,d10
9834,User9834,24,d10
9835,User9835,29,d10
9836,User9836,63,d30
9837,User9837,23,d10
9838,User9838,50,d30
9839,User9839,52,d30
9840,User9840,21,d40
9841,User9841,52,d10
9842,User9842,24,d10
9843,User9843,55,d40
9844,User9844,48,d40
9845,User9845,53,d40
9846,User9846,30,d20
9847,User9847,29,d10
9848,User9848,46,d30
9849,User9849,35,d10
9850,User9850,26,d40
9851,User9851,34,d40
9852,User9852,58,d20
9853,User9853,22,d40
9854,User9854,64,d20
9855,User9855,28,d10
9856,User9856,31,d10
9857,User9857,32,d30
9858,User9858,39,d40
9859,User9859,45,d20
9860,User9860,62,d30
9861,User9861,52,d40
9862,User9862,47,d10
9863,User9863,58,d30
9864,User9864,41,d20
9865,User9865,50,d30
9866,User9866,37,d20
9867,User9867,25,d20
9868,User9868,50,d20
9869,User9869,34,d30
9870,User9870,35,d30
9871,User9871,20,d10
9872,User9872,34,d40
9873,User9873,59,d30
9874,User9874,36,d30
9875,User9875,39,d40
9876,User9876,30,d20
9877,User9877,25,d10
9878,User9878,30,d20
9879,User9879,63,d20
9880,User9880,36,d40
9881,User9881,61,d40
9882,User9882,46,d10
9883,User9883,43,d40
9884,User9884,33,d20
9885,User9885,59,d30
9886,User9886,49,d20
9887,User9887,19,d20
9888,User9888,53,d20
9889,User9889,61,d40
9890,User9890,22,d20
9891,User9891,40,d40
9892,User9892,59,d10
9893,User9893,22,d10
9894,User9894,33,d40
9895,User9895,34,d10
9896,User9896,63,d30
9897,User9897,20,d20
9898,User9898,56,d40
9899,User9899,38,d20
9900,User9900,35,d20
9901,User9901,39,d20
9902,User9902,37,d20
9903,User9903,20,d10
9904,User9904,50,d10
9905,User9905,63,d10
9906,User9906,46,d40
9907,User9907,50,d40
9908,User9908,50,d30
9909,User9909,45,d10
9910,User9910,29,d30
9911,User9911,34,d30
9912,User9912,60,d30
9913,User9913,34,d30
9914,User9914,45,d30
9915,User9915,52,d10
9916,User9916,52,d20
9917,User9917,62,d30
9918,User9918,48,d10
9919,User9919,46,d20
9920,User9920,18,d10
9921,User9921,33,d30
9922,User9922,27,d10
9923,User9923,50,d40
9924,User9924,52,d30
9925,User9925,57,d40
9926,User9926,55,d40
9927,User9927,62,d20
9928,User9928,37,d10
9929,User9929,48,d30
9930,User9930,48,d20
9931,User9931,35,d10
9932,User9932,61,d40
9933,User9933,34,d20
9934,User9934,32,d40
9935,User9935,23,d10
9936,User9936,63,d40
9937,User9937,29,d30
9938,User9938,26,d30
9939,User9939,53,d20
9940,User9940,55,d20
9941,User9941,28,d40
9942,User9942,33,d20
9943,User9943,27,d10
9944,User9944,59,d10
9945,User9945,19,d40
9946,User9946,28,d40
9947,User9947,29,d20
9948,User9948,63,d10
9949,User9949,28,d20
9950,User9950,25,d20
9951,User9951,25,d10
9952,User9952,29,d10
9953,User9953,29,d20
9954,User9954,19,d10
9955,User9955,62,d10
9956,User9956,47,d40
9957,User9957,42,d40
9958,User9958,20,d10
9959,User9959,50,d10
9960,User9960,63,d40
9961,User9961,25,d40
9962,User9962,53,d10
9963,User9963,36,d10
9964,User9964,41,d20
9965,User9965,23,d40
9966,User9966,21,d30
9967,User9967,53,d20
9968,User9968,38,d30
9969,User9969,59,d20
9970,User9970,55,d10
9971,User9971,48,d10
9972,User9972,44,d30
9973,User9973,30,d20
9974,User9974,37,d30
9975,User9975,55,d40
9976,User9976,61,d30
9977,User9977,20,d10
9978,User9978,30,d10
9979,User9979,47,d10
9980,User9980,29,d40
9981,User9981,41,d10
9982,User9982,39,d30
9983,User9983,46,d40
9984,User9984,39,d10
9985,User9985,62,d10
9986,User9986,45,d10
9987,User9987,60,d40
9988,User9988,45,d40
9989,User9989,23,d30
9990,User9990,18,d10
9991,User9991,41,d40
9992,User9992,23,d30
9993,User9993,63,d10
9994,User9994,36,d20
9995,User9995,46,d10
9996,User9996,24,d30
9997,User9997,57,d40
9998,User9998,57,d30
9999,User9999,20,d40
10000,User10000,41,d10
10001,User10001,45,d20
10002,User10002,53,d40
10003,User10003,36,d20
10004,User10004,42,d20
10005,User10005,28,d40
10006,User10006,56,d40
10007,User10007,18,d40
10008,User10008,52,d20
10009,User10009,53,d40
10010,User10010,48,d10
10011,User10011,57,d40
10012,User10012,41,d10
10013,User10013,41,d10
10014,User10014,29,d40
10015,User10015,47,d30
10016,User10016,54,d10
10017,User10017,42,d40
10018,User10018,62,d10
10019,User10019,26,d20
10020,User10020,23,d10
10021,User10021,45,d20
10022,User10022,47,d30
10023,User10023,42,d20
10024,User10024,37,d10
10025,User10025,53,d10
10026,User10026,54,d10
10027,User10027,26,d30
10028,User10028,47,d10
10029,User10029,39,d30
10030,User10030,25,d30
10031,User10031,49,d40
10032,User10032,36,d40
10033,User10033,60,d10
10034,User10034,49,d20
10035,User10035,42,d30
10036,User10036,22,d20
10037,User10037,52,d10
10038,User10038,35,d20
10039,User10039,56,d10
10040,User10040,26,d40
10041,User10041,35,d40
10042,User10042,28,d20
10043,User10043,56,d20
10044,User10044,39,d40
10045,User10045,46,d10
10046,User10046,63,d10
10047,User10047,64,d30
10048,User10048,35,d30
10049,User10049,24,d20
10050,User10050,61,d30
10051,User10051,41,d30
10052,User10052,20,d40
10053,User10053,45,d30
10054,User10054,18,d20
10055,User10055,26,d20
10056,User10056,49,d30
10057,User10057,63,d10
10058,User10058,64,d10
10059,User10059,22,d10
10060,User10060,32,d40
10061,User10061,44,d30
10062,User10062,21,d30
10063,User10063,28,d40
10064,User10064,26,d20
10065,User10065,48,d30
10066,User10066,50,d20
10067,User10067,53,d20
10068,User10068,64,d30
10069,User10069,18,d30
10070,User10070,23,d10
10071,User10071,51,d40
10072,User10072,28,d20
10073,User10073,63,d30
10074,User10074,33,d40
10075,User10075,26,d10
10076,User10076,22,d40
10077,User10077,52,d40
10078,User10078,18,d30
10079,User10079,22,d40
10080,User10080,40,d10
10081,User10081,23,d10
10082,User10082,54,d10
10083,User10083,18,d30
10084,User10084,47,d20
10085,User10085,60,d10
10086,User10086,38,d10
10087,User10087,45,d20
10088,User10088,65,d10
10089,User10089,65,d10
10090,User10090,32,d30
10091,User10091,21,d40
10092,User10092,30,d20
10093,User10093,20,d10
10094,User10094,22,d40
10095,User10095,55,d40
10096,User10096,61,d30
10097,User10097,18,d10
10098,User10098,34,d40
10099,User10099,50,d10
10100,User10100,53,d30
10101,User10101,62,d30
10102,User10102,32,d30
10103,User10103,54,d20
10104,User10104,44,d40
10105,User10105,44,d20
10106,User10106,26,d30
10107,User10107,35,d30
10108,User10108,25,d40
10109,User10109,64,d40
10110,User10110,57,d10
10111,User10111,48,d20
10112,User10112,37,d20
10113,User10113,31,d10
10114,User10114,20,d10
10115,User10115,39,d30
10116,User10116,27,d10
10117,User10117,53,d30
10118,User10118,32,d40
10119,User10119,22,d20
10120,User10120,36,d40
10121,User10121,64,d20
10122,User10122,46,d30
10123,User10123,51,d30
10124,User10124,39,d20
10125,User10125,44,d20
10126,User10126,43,d10
10127,User10127,52,d30
10128,User10128,20,d40
10129,User10129,46,d40
10130,User10130,55,d20
10131,User10131,63,d20
10132,User10132,37,d30
10133,User10133,53,d20
10134,User10134,29,d30
10135,User10135,32,d30
10136,User10136,58,d40
10137,User10137,43,d30
10138,User10138,52,d20
10139,User10139,39,d10
10140,User10140,21,d30
10141,User10141,46,d40
10142,User10142,63,d30
10143,User10143,43,d10
10144,User10144,46,d30
10145,User10145,40,d30
10146,User10146,41,d10
10147,User10147,28,d40
10148,User10148,54,d20
10149,User10149,64,d20
10150,User10150,56,d10
10151,User10151,52,d10
10152,User10152,38,d30
10153,User10153,20,d10
10154,User10154,58,d40
10155,User10155,64,d30
10156,User10156,60,d10
10157,User10157,32,d10
10158,User10158,23,d10
10159,User10159,47,d10
10160,User10160,24,d40
10161,User10161,27,d10
10162,User10162,36,d30
10163,User10163,61,d40
10164,User10164,21,d40
10165,User10165,28,d20
10166,User10166,43,d10
10167,User10167,32,d30
10168,User10168,35,d30
10169,User10169,61,d10
10170,User10170,18,d20
10171,User10171,60,d10
10172,User10172,29,d20
10173,User10173,38,d40
10174,User10174,21,d30
10175,User10175,28,d10
10176,User10176,62,d40
10177,User10177,23,d10
10178,User10178,25,d30
10179,User10179,31,d30
10180,User10180,40,d20
10181,User10181,46,d30
10182,User10182,20,d30
10183,User10183,36,d40
10184,User10184,49,d10
10185,User10185,46,d10
10186,User10186,26,d20
10187,User10187,56,d40
10188,User10188,40,d10
10189,User10189,59,d30
10190,User10190,32,d10
10191,User10191,21,d10
10192,User10192,43,d10
10193,User10193,61,d30
10194,User10194,37,d20
10195,User10195,31,d10
10196,User10196,18,d10
10197,User10197,40,d30
10198,User10198,20,d20
10199,User10199,45,d20
10200,User10200,50,d10
10201,User10201,22,d30
10202,User10202,52,d10
10203,User10203,58,d30
10204,User10204,32,d10
10205,User10205,57,d30
10206,User10206,52,d20
10207,User10207,40,d30
10208,User10208,41,d20
10209,User10209,27,d30
10210,User10210,41,d10
10211,User10211,22,d40
10212,User10212,21,d10
10213,User10213,49,d40
10214,User10214,59,d10
10215,User10215,43,d10
10216,User10216,53,d40
10217,User10217,22,d10
10218,User10218,63,d40
10219,User10219,48,d40
10220,User10220,20,d30
10221,User10221,48,d20
10222,User10222,62,d30
10223,User10223,63,d20
10224,User10224,60,d20
10225,User10225,54,d20
10226,User10226,37,d30
10227,User10227,32,d30
10228,User10228,18,d10
10229,User10229,49,d40
10230,User10230,42,d40
10231,User10231,39,d20
10232,User10232,18,d30
10233,User10233,28,d20
10234,User10234,18,d30
10235,User10235,49,d10
10236,User10236,42,d20
10237,User10237,34,d30
10238,User10238,43,d20
10239,User10239,36,d20
10240,User10240,47,d10
10241,User10241,29,d30
10242,User10242,58,d10
10243,User10243,60,d20
10244,User10244,32,d20
10245,User10245,37,d20
10246,User10246,24,d30
10247,User10247,18,d10
10248,User10248,54,d10
10249,User10249,59,d10
10250,User10250,61,d40
10251,User10251,40,d10
10252,User10252,18,d20
10253,User10253,50,d40
10254,User10254,33,d30
10255,User10255,27,d10
10256,User10256,23,d10
10257,User10257,43,d40
10258,User10258,32,d40
10259,User10259,57,d20
10260,User10260,36,d10
10261,User10261,47,d30
10262,User10262,54,d30
10263,User10263,38,d40
10264,User10264,23,d20
10265,User10265,55,d20
10266,User10266,37,d40
10267,User10267,43,d20
10268,User10268,32,d10
10269,User10269,44,d20
10270,User10270,18,d20
10271,User10271,47,d20
10272,User10272,40,d30
10273,User10273,22,d20
10274,User10274,47,d30
10275,User10275,19,d40
10276,User10276,18,d20
10277,User10277,25,d40
10278,User10278,40,d10
10279,User10279,32,d20
10280,User10280,29,d10
10281,User10281,45,d20
10282,User10282,24,d20
10283,User10283,22,d20
10284,User10284,51,d30
10285,User10285,51,d10
10286,User10286,64,d40
10287,User10287,61,d10
10288,User10288,54,d30
10289,User10289,45,d10
10290,User10290,25,d10
10291,User10291,31,d40
10292,User10292,39,d30
10293,User10293,64,d10
10294,User10294,54,d30
10295,User10295,62,d40
10296,User10296,28,d40
10297,User10297,42,d10
10298,User10298,63,d10
10299,User10299,39,d10
10300,User10300,48,d20
10301,User10301,22,d20
10302,User10302,56,d40
10303,User10303,50,d20
10304,User10304,29,d40
10305,User10305,39,d30
10306,User10306,21,d30
10307,User10307,50,d10
10308,User10308,28,d20
10309,User10309,28,d40
10310,User10310,21,d10
10311,User10311,53,d20
10312,User10312,57,d20
10313,User10313,52,d30
10314,User10314,58,d20
10315,User10315,26,d20
10316,User10316,21,d20
10317,User10317,23,d30
10318,User10318,35,d30
10319,User10319,35,d40
10320,User10320,64,d20
10321,User10321,65,d20
10322,User10322,22,d10
10323,User10323,41,d40
10324,User10324,62,d20
10325,User10325,61,d10
10326,User10326,65,d20
10327,User10327,26,d10
10328,User10328,58,d10
10329,User10329,21,d20
10330,User10330,63,d30
10331,User10331,32,d20
10332,User10332,26,d20
10333,User10333,49,d40
10334,User10334,26,d30
10335,User10335,33,d10
10336,User10336,63,d30
10337,User10337,20,d20
10338,User10338,50,d20
10339,User10339,44,d10
10340,User10340,21,d30
10341,User10341,34,d40
10342,User10342,30,d40
10343,User10343,61,d10
10344,User10344,40,d10
10345,User10345,46,d20
10346,User10346,47,d40
10347,User10347,43,d30
10348,User10348,57,d10
10349,User10349,26,d20
10350,User10350,61,d10
10351,User10351,59,d10
10352,User10352,56,d20
10353,User10353,44,d10
10354,User10354,48,d10
10355,User10355,42,d30
10356,User10356,28,d10
10357,User10357,25,d20
10358,User10358,34,d10
10359,User10359,65,d20
10360,User10360,22,d30
10361,User10361,43,d40
10362,User10362,27,d20
10363,User10363,30,d10
10364,User10364,44,d10
10365,User10365,18,d40
10366,User10366,41,d10
10367,User10367,53,d40
10368,User10368,44,d30
10369,User10369,47,d40
10370,User10370,42,d10
10371,User10371,62,d20
10372,User10372,27,d40
10373,User10373,54,d10
10374,User10374,41,d40
10375,User10375,21,d30
10376,User10376,55,d30
10377,User10377,34,d30
10378,User10378,59,d30
10379,User10379,46,d10
10380,User10380,43,d40
10381,User10381,61,d20
10382,User10382,56,d30
10383,User10383,63,d20
10384,User10384,54,d20
10385,User10385,40,d40
10386,User10386,37,d10
10387,User10387,28,d40
10388,User10388,30,d40
10389,User10389,28,d20
10390,User10390,26,d40
10391,User10391,25,d40
10392,User10392,36,d10
10393,User10393,34,d20
10394,User10394,44,d20
10395,User10395,65,d20
10396,User10396,59,d30
10397,User10397,35,d30
10398,User10398,24,d20
10399,User10399,52,d10
10400,User10400,56,d40
10401,User10401,65,d10
10402,User10402,27,d40
10403,User10403,64,d20
10404,User10404,63,d30
10405,User10405,60,d10
10406,User10406,34,d40
10407,User10407,30,d20
10408,User10408,33,d30
10409,User10409,64,d20
10410,User10410,47,d30
10411,User10411,41,d20
10412,User10412,41,d10
10413,User10413,32,d20
10414,User10414,34,d20
10415,User10415,20,d20
10416,User10416,22,d20
10417,User10417,63,d10
10418,User10418,60,d30
10419,User10419,43,d40
10420,User10420,41,d10
10421,User10421,41,d30
10422,User10422,64,d40
10423,User10423,62,d40
10424,User10424,49,d30
10425,User10425,47,d30
10426,User10426,55,d40
10427,User10427,64,d30
10428,User10428,30,d30
10429,User10429,33,d30
10430,User10430,41,d40
10431,User10431,35,d40
10432,User10432,42,d40
10433,User10433,22,d40
10434,User10434,31,d40
10435,User10435,26,d30
10436,User10436,29,d10
10437,User10437,36,d30
10438,User10438,19,d30
10439,User10439,54,d10
10440,User10440,57,d30
10441,User10441,50,d30
10442,User10442,39,d10
10443,User10443,43,d20
10444,User10444,38,d20
10445,User10445,54,d30
10446,User10446,43,d40
10447,User10447,46,d30
10448,User10448,25,d20
10449,User10449,18,d20
10450,User10450,35,d40
10451,User10451,33,d20
10452,User10452,63,d30
10453,User10453,35,d10
10454,User10454,42,d20
10455,User10455,36,d10
10456,User10456,60,d10
10457,User10457,59,d30
10458,User10458,33,d20
10459,User10459,44,d20
10460,User10460,37,d10
10461,User10461,37,d30
10462,User10462,63,d20
10463,User10463,46,d10
10464,User10464,32,d40
10465,User10465,32,d40
10466,User10466,61,d10
10467,User10467,19,d10
10468,User10468,49,d10
10469,User10469,28,d30
10470,User10470,25,d20
10471,User10471,41,d10
10472,User10472,23,d40
10473,User10473,38,d30
10474,User10474,31,d20
10475,User10475,60,d30
10476,User10476,65,d30
10477,User10477,45,d20
10478,User10478,34,d40
10479,User10479,61,d30
10480,User10480,21,d40
10481,User10481,49,d10
10482,User10482,59,d20
10483,User10483,59,d20
10484,User10484,62,d10
10485,User10485,39,d40
10486,User10486,32,d20
10487,User10487,47,d40
10488,User10488,26,d40
10489,User10489,43,d40
10490,User10490,44,d30
10491,User10491,30,d20
10492,User10492,18,d40
10493,User10493,35,d10
10494,User10494,59,d10
10495,User10495,58,d10
10496,User10496,27,d30
10497,User10497,52,d40
10498,User10498,19,d10
10499,User10499,38,d30
10500,User10500,20,d10
10501,User10501,27,d10
10502,User10502,61,d40
10503,User10503,64,d20
10504,User10504,22,d20
10505,User10505,29,d30
10506,User10506,47,d30
10507,User10507,25,d20
10508,User10508,19,d40
10509,User10509,32,d30
10510,User10510,31,d10
10511,User10511,51,d40
10512,User10512,49,d10
10513,User10513,20,d20
10514,User10514,25,d20
10515,User10515,42,d20
10516,User10516,40,d30
10517,User10517,51,d20
10518,User10518,29,d40
10519,User10519,56,d10
10520,User10520,54,d20
10521,User10521,33,d40
10522,User10522,26,d30
10523,User10523,57,d30
10524,User10524,60,d30
10525,User10525,33,d20
10526,User10526,28,d20
10527,User10527,58,d20
10528,User10528,32,d40
10529,User10529,51,d20
10530,User10530,18,d20
10531,User10531,41,d30
10532,User10532,62,d40
10533,User10533,40,d20
10534,User10534,26,d20
10535,User10535,45,d20
10536,User10536,23,d40
10537,User10537,20,d30
10538,User10538,43,d40
10539,User10539,21,d10
10540,User10540,20,d40
10541,User10541,42,d20
10542,User10542,25,d40
10543,User10543,30,d20
10544,User10544,20,d40
10545,User10545,18,d10
10546,User10546,25,d40
10547,User10547,43,d20
10548,User10548,40,d10
10549,User10549,53,d20
10550,User10550,63,d20
10551,User10551,49,d10
10552,User10552,63,d40
10553,User10553,52,d30
10554,User10554,43,d30
10555,User10555,30,d40
10556,User10556,46,d30
10557,User10557,26,d30
10558,User10558,31,d20
10559,User10559,62,d20
10560,User10560,27,d20
10561,User10561,63,d20
10562,User10562,58,d10
10563,User10563,56,d10
10564,User10564,34,d30
10565,User10565,40,d20
10566,User10566,63,d20
10567,User10567,29,d20
10568,User10568,43,d30
10569,User10569,42,d10
10570,User10570,57,d20
10571,User10571,31,d30
10572,User10572,59,d30
10573,User10573,42,d10
10574,User10574,58,d20
10575,User10575,33,d40
10576,User10576,59,d10
10577,User10577,52,d10
10578,User10578,35,d10
10579,User10579,61,d40
10580,User10580,35,d40
10581,User10581,33,d10
10582,User10582,49,d10
10583,User10583,32,d30
10584,User10584,25,d30
10585,User10585,27,d30
10586,User10586,60,d10
10587,User10587,32,d10
10588,User10588,29,d40
10589,User10589,60,d40
10590,User10590,50,d10
10591,User10591,60,d30
10592,User10592,32,d40
10593,User10593,60,d40
10594,User10594,42,d30
10595,User10595,38,d10
10596,User10596,48,d30
10597,User10597,41,d10
10598,User10598,34,d30
10599,User10599,29,d10
10600,User10600,41,d10
10601,User10601,45,d10
10602,User10602,22,d30
10603,User10603,54,d10
10604,User10604,39,d30
10605,User10605,35,d40
10606,User10606,54,d10
10607,User10607,54,d10
10608,User10608,55,d40
10609,User10609,55,d20
10610,User10610,46,d30
10611,User10611,40,d40
10612,User10612,21,d20
10613,User10613,18,d40
10614,User10614,19,d20
10615,User10615,28,d30
10616,User10616,28,d40
10617,User10617,22,d10
10618,User10618,24,d40
10619,User10619,64,d20
10620,User10620,27,d10
10621,User10621,22,d30
10622,User10622,54,d20
10623,User10623,63,d20
10624,User10624,57,d40
10625,User10625,47,d40
10626,User10626,43,d40
10627,User10627,54,d10
10628,User10628,31,d40
10629,User10629,28,d10
10630,User10630,49,d40
10631,User10631,32,d40
10632,User10632,56,d10
10633,User10633,26,d20
10634,User10634,59,d40
10635,User10635,61,d40
10636,User10636,47,d10
10637,User10637,62,d30
10638,User10638,59,d40
10639,User10639,40,d40
10640,User10640,58,d20
10641,User10641,58,d20
10642,User10642,30,d30
10643,User10643,56,d10
10644,User10644,58,d10
10645,User10645,39,d40
10646,User10646,30,d30
10647,User10647,50,d10
10648,User10648,29,d30
10649,User10649,25,d20
10650,User10650,20,d20
10651,User10651,25,d20
10652,User10652,40,d10
10653,User10653,40,d10
10654,User10654,42,d40
10655,User10655,36,d30
10656,User10656,36,d40
10657,User10657,18,d40
10658,User10658,18,d10
10659,User10659,44,d20
10660,User10660,43,d40
10661,User10661,37,d30
10662,User10662,49,d40
10663,User10663,37,d40
10664,User10664,55,d40
10665,User10665,37,d40
10666,User10666,44,d10
10667,User10667,42,d20
10668,User10668,45,d30
10669,User10669,34,d10
10670,User10670,20,d30
10671,User10671,44,d10
10672,User10672,40,d20
10673,User10673,62,d30
10674,User10674,48,d20
10675,User10675,20,d20
10676,User10676,35,d40
10677,User10677,57,d40
10678,User10678,47,d20
10679,User10679,23,d40
10680,User10680,58,d10
10681,User10681,26,d30
10682,User10682,32,d40
10683,User10683,31,d30
10684,User10684,62,d10
10685,User10685,55,d30
10686,User10686,64,d40
10687,User10687,29,d10
10688,User10688,40,d30
10689,User10689,28,d10
10690,User10690,47,d20
10691,User10691,61,d40
10692,User10692,45,d20
10693,User10693,33,d30
10694,User10694,38,d10
10695,User10695,51,d30
10696,User10696,57,d30
10697,User10697,40,d40
10698,User10698,44,d30
10699,User10699,33,d40
10700,User10700,39,d30
10701,User10701,36,d30
10702,User10702,37,d20
10703,User10703,22,d30
10704,User10704,57,d30
10705,User10705,43,d10
10706,User10706,56,d20
10707,User10707,63,d20
10708,User10708,35,d30
10709,User10709,36,d40
10710,User10710,54,d20
10711,User10711,44,d30
10712,User10712,19,d30
10713,User10713,27,d20
10714,User10714,21,d20
10715,User10715,50,d30
10716,User10716,26,d40
10717,User10717,64,d40
10718,User10718,54,d20
10719,User10719,24,d30
10720,User10720,28,d20
10721,User10721,18,d10
10722,User10722,26,d40
10723,User10723,62,d10
10724,User10724,25,d20
10725,User10725,20,d40
10726,User10726,38,d40
10727,User10727,51,d30
10728,User10728,30,d30
10729,User10729,58,d30
10730,User10730,41,d40
10731,User10731,48,d30
10732,User10732,26,d20
10733,User10733,33,d10
10734,User10734,20,d10
10735,User10735,35,d30
10736,User10736,37,d40
10737,User10737,22,d40
10738,User10738,64,d20
10739,User10739,54,d20
10740,User10740,19,d10
10741,User10741,65,d20
10742,User10742,24,d30
10743,User10743,25,d20
10744,User10744,64,d20
10745,User10745,39,d40
10746,User10746,40,d40
10747,User10747,30,d40
10748,User10748,55,d30
10749,User10749,58,d30
10750,User10750,18,d40
10751,User10751,23,d40
10752,User10752,22,d20
10753,User10753,63,d30
10754,User10754,53,d30
10755,User10755,30,d30
10756,User10756,62,d30
10757,User10757,43,d30
10758,User10758,32,d40
10759,User10759,22,d10
10760,User10760,52,d20
10761,User10761,21,d30
10762,User10762,36,d20
10763,User10763,30,d20
10764,User10764,28,d40
10765,User10765,20,d20
10766,User10766,30,d20
10767,User10767,47,d30
10768,User10768,29,d30
10769,User10769,44,d30
10770,User10770,59,d20
10771,User10771,19,d10
10772,User10772,32,d30
10773,User10773,63,d40
10774,User10774,50,d40
10775,User10775,52,d40
10776,User10776,20,d10
10777,User10777,63,d30
10778,User10778,54,d20
10779,User10779,42,d30
10780,User10780,27,d10
10781,User10781,59,d10
10782,User10782,46,d40
10783,User10783,22,d30
10784,User10784,34,d40
10785,User10785,20,d20
10786,User10786,31,d30
10787,User10787,21,d30
10788,User10788,32,d20
10789,User10789,21,d30
10790,User10790,28,d20
10791,User10791,45,d30
10792,User10792,39,d40
10793,User10793,46,d20
10794,User10794,64,d30
10795,User10795,30,d20
10796,User10796,26,d20
10797,User10797,57,d20
10798,User10798,18,d20
10799,User10799,19,d20
10800,User10800,39,d20
10801,User10801,54,d40
10802,User10802,31,d10
10803,User10803,18,d20
10804,User10804,19,d20
10805,User10805,30,d20
10806,User10806,44,d30
10807,User10807,46,d40
10808,User10808,64,d10
10809,User10809,60,d10
10810,User10810,47,d40
10811,User10811,18,d30
10812,User10812,45,d40
10813,User10813,48,d20
10814,User10814,38,d30
10815,User10815,65,d20
10816,User10816,29,d10
10817,User10817,59,d30
10818,User10818,31,d30
10819,User10819,23,d10
10820,User10820,32,d20
10821,User10821,49,d30
10822,User10822,33,d20
10823,User10823,31,d10
10824,User10824,63,d30
10825,User10825,20,d20
10826,User10826,52,d20
10827,User10827,47,d30
10828,User10828,55,d10
10829,User10829,23,d10
10830,User10830,63,d40
10831,User10831,28,d20
10832,User10832,36,d20
10833,User10833,41,d10
10834,User10834,46,d10
10835,User10835,34,d40
10836,User10836,64,d40
10837,User10837,48,d10
10838,User10838,38,d40
10839,User10839,44,d30
10840,User10840,57,d10
10841,User10841,34,d20
10842,User10842,42,d10
10843,User10843,58,d30
10844,User10844,52,d20
10845,User10845,27,d40
10846,User10846,58,d40
10847,User10847,39,d20
10848,User10848,29,d10
10849,User10849,38,d20
10850,User10850,55,d10
10851,User10851,42,d30
10852,User10852,52,d40
10853,User10853,63,d30
10854,User10854,50,d30
10855,User10855,33,d20
10856,User10856,33,d40
10857,User10857,46,d20
10858,User10858,29,d10
10859,User10859,26,d10
10860,User10860,23,d10
10861,User10861,25,d10
10862,User10862,50,d40
10863,User10863,33,d10
10864,User10864,62,d30
10865,User10865,65,d40
10866,User10866,60,d10
10867,User10867,47,d10
10868,User10868,49,d10
10869,User10869,62,d30
10870,User10870,58,d10
10871,User10871,56,d20
10872,User10872,40,d20
10873,User10873,55,d10
10874,User10874,62,d30
10875,User10875,29,d30
10876,User10876,65,d30
10877,User10877,49,d10
10878,User10878,29,d10
10879,User10879,27,d20
10880,User10880,42,d40
10881,User10881,33,d30
10882,User10882,53,d20
10883,User10883,29,d40
10884,User10884,19,d20
10885,User10885,36,d30
10886,User10886,27,d20
10887,User10887,42,d10
10888,User10888,42,d20
10889,User10889,61,d30
10890,User10890,55,d30
10891,User10891,30,d40
10892,User10892,65,d20
10893,User10893,62,d10
10894,User10894,30,d20
10895,User10895,36,d30
10896,User10896,46,d30
10897,User10897,37,d10
10898,User10898,50,d40
10899,User10899,18,d30
10900,User10900,47,d30
10901,User10901,28,d10
10902,User10902,41,d10
10903,User10903,50,d40
10904,User10904,22,d30
10905,User10905,30,d30
10906,User10906,49,d40
10907,User10907,57,d30
10908,User10908,43,d20
10909,User10909,58,d40
10910,User10910,28,d20
10911,User10911,44,d30
10912,User10912,35,d20
10913,User10913,46,d20
10914,User10914,48,d40
10915,User10915,28,d30
10916,User10916,40,d20
10917,User10917,19,d20
10918,User10918,23,d40
10919,User10919,40,d40
10920,User10920,27,d10
10921,User10921,19,d20
10922,User10922,54,d30
10923,User10923,27,d20
10924,User10924,25,d30
10925,User10925,38,d10
10926,User10926,31,d40
10927,User10927,27,d10
10928,User10928,38,d30
10929,User10929,32,d40
10930,User10930,33,d40
10931,User10931,60,d40
10932,User10932,59,d20
10933,User10933,29,d40
10934,User10934,60,d30
10935,User10935,20,d20
10936,User10936,42,d40
10937,User10937,39,d10
10938,User10938,57,d30
10939,User10939,59,d10
10940,User10940,24,d30
10941,User10941,31,d20
10942,User10942,32,d10
10943,User10943,20,d10
10944,User10944,54,d30
10945,User10945,63,d20
10946,User10946,22,d20
10947,User10947,29,d10
10948,User10948,24,d20
10949,User10949,22,d20
10950,User10950,65,d30
10951,User10951,50,d30
10952,User10952,63,d10
10953,User10953,52,d30
10954,User10954,45,d20
10955,User10955,52,d40
10956,User10956,43,d40
10957,User10957,18,d30
10958,User10958,55,d10
10959,User10959,51,d10
10960,User10960,34,d30
10961,User10961,42,d10
10962,User10962,37,d30
10963,User10963,61,d20
10964,User10964,20,d10
10965,User10965,29,d40
10966,User10966,46,d40
10967,User10967,33,d40
10968,User10968,51,d30
10969,User10969,65,d30
10970,User10970,58,d40
10971,User10971,36,d40
10972,User10972,65,d40
10973,User10973,65,d30
10974,User10974,56,d10
10975,User10975,64,d40
10976,User10976,31,d20
10977,User10977,60,d30
10978,User10978,25,d20
10979,User10979,63,d20
10980,User10980,27,d40
10981,User10981,22,d20
10982,User10982,29,d20
10983,User10983,37,d10
10984,User10984,20,d10
10985,User10985,28,d30
10986,User10986,52,d30
10987,User10987,25,d20
10988,User10988,64,d30
10989,User10989,50,d40
10990,User10990,23,d10
10991,User10991,57,d40
10992,User10992,27,d40
10993,User10993,55,d40
10994,User10994,54,d30
10995,User10995,59,d10
10996,User10996,50,d20
10997,User10997,25,d20
10998,User10998,21,d10
10999,User10999,45,d20
11000,User11000,44,d40
11001,User11001,65,d10
11002,User11002,63,d20
11003,User11003,21,d10
11004,User11004,40,d10
11005,User11005,65,d20
11006,User11006,52,d20
11007,User11007,30,d30
11008,User11008,30,d40
11009,User11009,18,d10
11010,User11010,58,d30
11011,User11011,38,d10
11012,User11012,35,d20
11013,User11013,51,d20
11014,User11014,53,d20
11015,User11015,40,d10
11016,User11016,44,d20
11017,User11017,60,d20
11018,User11018,21,d10
11019,User11019,43,d40
11020,User11020,28,d40
11021,User11021,45,d40
11022,User11022,32,d20
11023,User11023,53,d20
11024,User11024,50,d20
11025,User11025,61,d40
11026,User11026,31,d20
11027,User11027,44,d40
11028,User11028,50,d10
11029,User11029,58,d30
11030,User11030,58,d10
11031,User11031,29,d40
11032,User11032,47,d40
11033,User11033,33,d10
11034,User11034,53,d40
11035,User11035,24,d30
11036,User11036,22,d10
11037,User11037,27,d20
11038,User11038,30,d20
11039,User11039,63,d20
11040,User11040,24,d20
11041,User11041,40,d20
11042,User11042,47,d20
11043,User11043,51,d10
11044,User11044,38,d40
11045,User11045,43,d10
11046,User11046,49,d40
11047,User11047,24,d40
11048,User11048,45,d10
11049,User11049,55,d30
11050,User11050,18,d20
11051,User11051,59,d10
11052,User11052,33,d30
11053,User11053,57,d10
11054,User11054,47,d20
11055,User11055,44,d40
11056,User11056,47,d10
11057,User11057,40,d10
11058,User11058,55,d40
11059,User11059,52,d20
11060,User11060,40,d30
11061,User11061,29,d40
11062,User11062,63,d10
11063,User11063,62,d20
11064,User11064,42,d40
11065,User11065,62,d30
11066,User11066,52,d40
11067,User11067,28,d40
11068,User11068,54,d30
11069,User11069,26,d10
11070,User11070,46,d30
11071,User11071,37,d20
11072,User11072,39,d20
11073,User11073,32,d30
11074,User11074,60,d30
11075,User11075,58,d40
11076,User11076,46,d10
11077,User11077,26,d30
11078,User11078,46,d10
11079,User11079,58,d30
11080,User11080,27,d40
11081,User11081,45,d40
11082,User11082,22,d30
11083,User11083,54,d40
11084,User11084,49,d40
11085,User11085,53,d10
11086,User11086,53,d10
11087,User11087,37,d40
11088,User11088,34,d40
11089,User11089,61,d30
11090,User11090,43,d30
11091,User11091,22,d30
11092,User11092,56,d20
11093,User11093,25,d30
11094,User11094,47,d40
11095,User11095,36,d20
11096,User11096,51,d40
11097,User11097,31,d30
11098,User11098,64,d40
11099,User11099,42,d10
11100,User11100,55,d30
11101,User11101,34,d10
11102,User11102,38,d30
11103,User11103,56,d10
11104,User11104,60,d20
11105,User11105,18,d40
11106,User11106,28,d30
11107,User11107,20,d10
11108,User11108,43,d20
11109,User11109,47,d20
11110,User11110,43,d10
11111,User11111,36,d40
11112,User11112,19,d10
11113,User11113,35,d20
11114,User11114,40,d30
11115,User11115,32,d10
11116,User11116,53,d10
11117,User11117,60,d20
11118,User11118,39,d10
11119,User11119,37,d40
11120,User11120,57,d20
11121,User11121,34,d40
11122,User11122,53,d10
11123,User11123,44,d30
11124,User11124,18,d20
11125,User11125,46,d20
11126,User11126,18,d30
11127,User11127,18,d10
11128,User11128,20,d20
11129,User11129,64,d30
11130,User11130,61,d40
11131,User11131,24,d40
11132,User11132,59,d30
11133,User11133,19,d20
11134,User11134,42,d30
11135,User11135,24,d30
11136,User11136,54,d30
11137,User11137,46,d20
11138,User11138,45,d30
11139,User11139,54,d40
11140,User11140,50,d10
11141,User11141,64,d40
11142,User11142,59,d10
11143,User11143,51,d10
11144,User11144,28,d40
11145,User11145,59,d40
11146,User11146,19,d10
11147,User11147,58,d10
11148,User11148,45,d20
11149,User11149,62,d30
11150,User11150,21,d10
11151,User11151,35,d20
11152,User11152,37,d30
11153,User11153,26,d30
11154,User11154,43,d10
11155,User11155,35,d40
11156,User11156,45,d30
11157,User11157,41,d40
11158,User11158,37,d20
11159,User11159,42,d10
11160,User11160,26,d20
11161,User11161,38,d10
11162,User11162,57,d30
11163,User11163,48,d40
11164,User11164,38,d20
11165,User11165,29,d40
11166,User11166,29,d20
11167,User11167,56,d10
11168,User11168,39,d10
11169,User11169,31,d20
11170,User11170,46,d30
11171,User11171,34,d10
11172,User11172,37,d40
11173,User11173,42,d40
11174,User11174,52,d30
11175,User11175,61,d30
11176,User11176,41,d30
11177,User11177,56,d20
11178,User11178,38,d40
11179,User11179,24,d20
11180,User11180,52,d20
11181,User11181,38,d20
11182,User11182,49,d10
11183,User11183,26,d10
11184,User11184,39,d30
11185,User11185,31,d30
11186,User11186,28,d10
11187,User11187,18,d10
11188,User11188,43,d20
11189,User11189,60,d20
11190,User11190,23,d20
11191,User11191,63,d10
11192,User11192,33,d40
11193,User11193,58,d20
11194,User11194,49,d40
11195,User11195,45,d20
11196,User11196,52,d30
11197,User11197,57,d20
11198,User11198,53,d30
11199,User11199,63,d30
11200,User11200,53,d30
11201,User11201,28,d30
11202,User11202,55,d20
11203,User11203,28,d30
11204,User11204,26,d30
11205,User11205,24,d30
11206,User11206,25,d40
11207,User11207,49,d30
11208,User11208,57,d30
11209,User11209,46,d10
11210,User11210,21,d10
11211,User11211,21,d30
11212,User11212,41,d10
11213,User11213,56,d30
11214,User11214,34,d10
11215,User11215,47,d40
11216,User11216,35,d30
11217,User11217,32,d40
11218,User11218,58,d30
11219,User11219,40,d20
11220,User11220,37,d20
11221,User11221,51,d40
11222,User11222,25,d30
11223,User11223,25,d40
11224,User11224,55,d30
11225,User11225,62,d30
11226,User11226,30,d40
11227,User11227,36,d30
11228,User11228,20,d20
11229,User11229,32,d30
11230,User11230,50,d40
11231,User11231,32,d10
11232,User11232,25,d20
11233,User11233,44,d20
11234,User11234,22,d10
11235,User11235,33,d20
11236,User11236,45,d20
11237,User11237,50,d10
11238,User11238,50,d40
11239,User11239,53,d20
11240,User11240,40,d10
11241,User11241,48,d20
11242,User11242,30,d40
11243,User11243,36,d10
11244,User11244,29,d40
11245,User11245,61,d30
11246,User11246,38,d10
11247,User11247,25,d20
11248,User11248,62,d40
11249,User11249,44,d30
11250,User11250,60,d30
11251,User11251,38,d20
11252,User11252,48,d20
11253,User11253,24,d10
11254,User11254,40,d10
11255,User11255,61,d40
11256,User11256,30,d40
11257,User11257,35,d30
11258,User11258,49,d40
11259,User11259,65,d10
11260,User11260,46,d40
11261,User11261,28,d40
11262,User11262,55,d40
11263,User11263,37,d10
11264,User11264,31,d20
11265,User11265,26,d40
11266,User11266,42,d30
11267,User11267,34,d40
11268,User11268,21,d30
11269,User11269,62,d10
11270,User11270,25,d10
11271,User11271,52,d10
11272,User11272,48,d30
11273,User11273,54,d20
11274,User11274,52,d10
11275,User11275,61,d20
11276,User11276,28,d30
11277,User11277,63,d10
11278,User11278,52,d10
11279,User11279,60,d40
11280,User11280,36,d30
11281,User11281,59,d20
11282,User11282,42,d30
11283,User11283,65,d30
11284,User11284,57,d30
11285,User11285,55,d40
11286,User11286,46,d30
11287,User11287,53,d20
11288,User11288,49,d30
11289,User11289,58,d30
11290,User11290,51,d30
11291,User11291,51,d20
11292,User11292,55,d10
11293,User11293,29,d10
11294,User11294,22,d20
11295,User11295,65,d40
11296,User11296,64,d40
11297,User11297,26,d10
11298,User11298,51,d30
11299,User11299,58,d20
11300,User11300,23,d40
11301,User11301,18,d40
11302,User11302,55,d30
11303,User11303,34,d30
11304,User11304,24,d30
11305,User11305,31,d30
11306,User11306,49,d40
11307,User11307,51,d20
11308,User11308,51,d40
11309,User11309,23,d10
11310,User11310,64,d20
11311,User11311,58,d20
11312,User11312,31,d10
11313,User11313,45,d30
11314,User11314,23,d10
11315,User11315,57,d20
11316,User11316,52,d40
11317,User11317,35,d10
11318,User11318,54,d30
11319,User11319,19,d10
11320,User11320,24,d20
11321,User11321,47,d40
11322,User11322,41,d10
11323,User11323,27,d30
11324,User11324,45,d40
11325,User11325,32,d20
11326,User11326,23,d30
11327,User11327,65,d30
11328,User11328,64,d10
11329,User11329,65,d40
11330,User11330,60,d10
11331,User11331,30,d30
11332,User11332,61,d20
11333,User11333,19,d40
11334,User11334,25,d10
11335,User11335,55,d20
11336,User11336,18,d10
11337,User11337,52,d20
11338,User11338,54,d20
11339,User11339,37,d40
11340,User11340,59,d20
11341,User11341,40,d30
11342,User11342,33,d10
11343,User11343,20,d40
11344,User11344,62,d10
11345,User11345,52,d30
11346,User11346,50,d10
11347,User11347,20,d10
11348,User11348,38,d30
11349,User11349,26,d10
11350,User11350,31,d30
11351,User11351,31,d40
11352,User11352,22,d40
11353,User11353,62,d30
11354,User11354,31,d40
11355,User11355,43,d40
11356,User11356,46,d20
11357,User11357,31,d10
11358,User11358,50,d30
11359,User11359,54,d40
11360,User11360,31,d20
11361,User11361,33,d30
11362,User11362,63,d10
11363,User11363,58,d10
11364,User11364,52,d30
11365,User11365,45,d30
11366,User11366,41,d10
11367,User11367,46,d30
11368,User11368,23,d20
11369,User11369,42,d30
11370,User11370,33,d40
11371,User11371,54,d40
11372,User11372,40,d20
11373,User11373,25,d30
11374,User11374,42,d10
11375,User11375,33,d30
11376,User11376,61,d40
11377,User11377,60,d10
11378,User11378,50,d20
11379,User11379,48,d20
11380,User11380,29,d40
11381,User11381,19,d40
11382,User11382,52,d20
11383,User11383,59,d40
11384,User11384,44,d40
11385,User11385,39,d10
11386,User11386,36,d20
11387,User11387,51,d20
11388,User11388,42,d10
11389,User11389,34,d30
11390,User11390,63,d10
11391,User11391,22,d40
11392,User11392,24,d10
11393,User11393,38,d40
11394,User11394,39,d20
11395,User11395,44,d30
11396,User11396,20,d30
11397,User11397,25,d30
11398,User11398,30,d10
11399,User11399,26,d10
11400,User11400,31,d40
11401,User11401,34,d10
11402,User11402,49,d20
11403,User11403,31,d40
11404,User11404,26,d40
11405,User11405,34,d10
11406,User11406,61,d30
11407,User11407,47,d30
11408,User11408,51,d10
11409,User11409,55,d20
11410,User11410,31,d30
11411,User11411,54,d10
11412,User11412,54,d40
11413,User11413,44,d10
11414,User11414,43,d40
11415,User11415,62,d30
11416,User11416,54,d10
11417,User11417,29,d20
11418,User11418,57,d30
11419,User11419,35,d40
11420,User11420,40,d30
11421,User11421,63,d10
11422,User11422,39,d20
11423,User11423,26,d40
11424,User11424,25,d40
11425,User11425,35,d40
11426,User11426,19,d20
11427,User11427,53,d40
11428,User11428,24,d10
11429,User11429,35,d40
11430,User11430,30,d10
11431,User11431,31,d30
11432,User11432,50,d10
11433,User11433,31,d40
11434,User11434,46,d40
11435,User11435,50,d30
11436,User11436,64,d20
11437,User11437,31,d20
11438,User11438,36,d40
11439,User11439,46,d40
11440,User11440,34,d10
11441,User11441,32,d10
11442,User11442,56,d10
11443,User11443,57,d10
11444,User11444,40,d10
11445,User11445,50,d20
11446,User11446,19,d40
11447,User11447,52,d20
11448,User11448,43,d20
11449,User11449,40,d20
11450,User11450,28,d30
11451,User11451,34,d10
11452,User11452,59,d10
11453,User11453,32,d20
11454,User11454,57,d10
11455,User11455,64,d10
11456,User11456,46,d30
11457,User11457,26,d40
11458,User11458,35,d10
11459,User11459,22,d30
11460,User11460,21,d10
11461,User11461,62,d40
11462,User11462,24,d30
11463,User11463,28,d20
11464,User11464,41,d30
11465,User11465,53,d20
11466,User11466,21,d10
11467,User11467,63,d40
11468,User11468,24,d30
11469,User11469,27,d20
11470,User11470,52,d30
11471,User11471,19,d40
11472,User11472,27,d40
11473,User11473,34,d40
11474,User11474,31,d40
11475,User11475,29,d20
11476,User11476,23,d30
11477,User11477,37,d40
11478,User11478,29,d20
11479,User11479,18,d30
11480,User11480,62,d30
11481,User11481,29,d20
11482,User11482,24,d40
11483,User11483,52,d10
11484,User11484,20,d10
11485,User11485,37,d20
11486,User11486,51,d40
11487,User11487,24,d40
11488,User11488,31,d40
11489,User11489,48,d10
11490,User11490,27,d10
11491,User11491,46,d40
11492,User11492,21,d20
11493,User11493,20,d20
11494,User11494,56,d10
11495,User11495,33,d30
11496,User11496,44,d40
11497,User11497,22,d20
11498,User11498,30,d30
11499,User11499,52,d40
11500,User11500,18,d10
11501,User11501,47,d30
11502,User11502,56,d40
11503,User11503,19,d30
11504,User11504,24,d10
11505,User11505,33,d40
11506,User11506,39,d20
11507,User11507,19,d10
11508,User11508,31,d40
11509,User11509,23,d40
11510,User11510,20,d20
11511,User11511,28,d40
11512,User11512,23,d20
11513,User11513,31,d10
11514,User11514,54,d40
11515,User11515,65,d10
11516,User11516,22,d40
11517,User11517,49,d40
11518,User11518,29,d20
11519,User11519,19,d10
11520,User11520,38,d30
11521,User11521,65,d30
11522,User11522,25,d40
11523,User11523,25,d40
11524,User11524,53,d20
11525,User11525,48,d10
11526,User11526,47,d10
11527,User11527,37,d30
11528,User11528,44,d20
11529,User11529,27,d10
11530,User11530,37,d20
11531,User11531,26,d30
11532,User11532,41,d20
11533,User11533,23,d20
11534,User11534,18,d40
11535,User11535,39,d20
11536,User11536,31,d20
11537,User11537,23,d30
11538,User11538,64,d20
11539,User11539,55,d10
11540,User11540,37,d30
11541,User11541,48,d40
11542,User11542,42,d20
11543,User11543,31,d10
11544,User11544,44,d20
11545,User11545,38,d30
11546,User11546,32,d10
11547,User11547,48,d20
11548,User11548,23,d40
11549,User11549,56,d40
11550,User11550,64,d30
11551,User11551,61,d10
11552,User11552,35,d20
11553,User11553,62,d30
11554,User11554,55,d30
11555,User11555,25,d30
11556,User11556,20,d40
11557,User11557,24,d20
11558,User11558,54,d10
11559,User11559,38,d10
11560,User11560,28,d10
11561,User11561,52,d40
11562,User11562,62,d40
11563,User11563,64,d30
11564,User11564,34,d40
11565,User11565,53,d40
11566,User11566,50,d40
11567,User11567,26,d40
11568,User11568,47,d20
11569,User11569,21,d40
11570,User11570,50,d10
11571,User11571,37,d30
11572,User11572,34,d40
11573,User11573,50,d10
11574,User11574,46,d20
11575,User11575,54,d10
11576,User11576,54,d10
11577,User11577,49,d10
11578,User11578,57,d30
11579,User11579,23,d20
11580,User11580,37,d40
11581,User11581,21,d10
11582,User11582,54,d40
11583,User11583,43,d20
11584,User11584,30,d20
11585,User11585,32,d30
11586,User11586,52,d30
11587,User11587,50,d30
11588,User11588,35,d40
11589,User11589,20,d40
11590,User11590,25,d20
11591,User11591,54,d20
11592,User11592,38,d40
11593,User11593,45,d30
11594,User11594,27,d20
11595,User11595,28,d10
11596,User11596,28,d10
11597,User11597,65,d20
11598,User11598,61,d40
11599,User11599,18,d20
11600,User11600,39,d30
11601,User11601,31,d10
11602,User11602,18,d20
11603,User11603,19,d10
11604,User11604,53,d10
11605,User11605,33,d40
11606,User11606,65,d30
11607,User11607,47,d40
11608,User11608,55,d20
11609,User11609,57,d10
11610,User11610,18,d10
11611,User11611,25,d10
11612,User11612,25,d30
11613,User11613,18,d40
11614,User11614,55,d10
11615,User11615,42,d10
11616,User11616,33,d20
11617,User11617,61,d20
11618,User11618,30,d40
11619,User11619,65,d40
11620,User11620,65,d40
11621,User11621,42,d10
11622,User11622,52,d10
11623,User11623,37,d30
11624,User11624,53,d10
11625,User11625,48,d40
11626,User11626,42,d30
11627,User11627,20,d20
11628,User11628,19,d10
11629,User11629,61,d30
11630,User11630,33,d20
11631,User11631,25,d40
11632,User11632,64,d10
11633,User11633,46,d20
11634,User11634,24,d10
11635,User11635,38,d10
11636,User11636,60,d10
11637,User11637,62,d30
11638,User11638,39,d30
11639,User11639,54,d20
11640,User11640,27,d30
11641,User11641,30,d10
11642,User11642,60,d30
11643,User11643,22,d10
11644,User11644,31,d30
11645,User11645,33,d30
11646,User11646,44,d30
11647,User11647,19,d40
11648,User11648,38,d40
11649,User11649,54,d40
11650,User11650,36,d30
11651,User11651,43,d30
11652,User11652,46,d40
11653,User11653,63,d20
11654,User11654,24,d10
11655,User11655,53,d10
11656,User11656,35,d20
11657,User11657,26,d10
11658,User11658,62,d10
11659,User11659,26,d20
11660,User11660,50,d20
11661,User11661,56,d40
11662,User11662,18,d30
11663,User11663,43,d20
11664,User11664,20,d20
11665,User11665,50,d30
11666,User11666,49,d10
11667,User11667,62,d30
11668,User11668,26,d30
11669,User11669,32,d40
11670,User11670,58,d30
11671,User11671,44,d20
11672,User11672,28,d30
11673,User11673,40,d20
11674,User11674,19,d40
11675,User11675,36,d10
11676,User11676,28,d10
11677,User11677,53,d10
11678,User11678,53,d20
11679,User11679,24,d30
11680,User11680,61,d10
11681,User11681,22,d40
11682,User11682,58,d20
11683,User11683,40,d30
11684,User11684,36,d10
11685,User11685,25,d40
11686,User11686,21,d10
11687,User11687,56,d40
11688,User11688,32,d20
11689,User11689,34,d10
11690,User11690,44,d40
11691,User11691,21,d10
11692,User11692,26,d10
11693,User11693,51,d20
11694,User11694,47,d20
11695,User11695,19,d10
11696,User11696,64,d10
11697,User11697,30,d20
11698,User11698,54,d20
11699,User11699,22,d40
11700,User11700,23,d30
11701,User11701,19,d20
11702,User11702,52,d30
11703,User11703,18,d30
11704,User11704,65,d40
11705,User11705,45,d40
11706,User11706,32,d30
11707,User11707,37,d30
11708,User11708,64,d40
11709,User11709,37,d10
11710,User11710,27,d20
11711,User11711,44,d40
11712,User11712,58,d20
11713,User11713,42,d30
11714,User11714,24,d10
11715,User11715,39,d10
11716,User11716,18,d20
11717,User11717,49,d30
11718,User11718,64,d20
11719,User11719,49,d30
11720,User11720,34,d20
11721,User11721,40,d20
11722,User11722,23,d40
11723,User11723,44,d40
11724,User11724,28,d20
11725,User11725,24,d30
11726,User11726,47,d20
11727,User11727,43,d20
11728,User11728,18,d40
11729,User11729,44,d40
11730,User11730,40,d40
11731,User11731,27,d40
11732,User11732,35,d20
11733,User11733,57,d10
11734,User11734,44,d40
11735,User11735,50,d40
11736,User11736,57,d30
11737,User11737,48,d30
11738,User11738,23,d40
11739,User11739,55,d20
11740,User11740,58,d10
11741,User11741,41,d20
11742,User11742,20,d10
11743,User11743,24,d40
11744,User11744,50,d30
11745,User11745,37,d40
11746,User11746,26,d20
11747,User11747,38,d20
11748,User11748,31,d30
11749,User11749,21,d30
11750,User11750,64,d30
11751,User11751,65,d40
11752,User11752,53,d40
11753,User11753,25,d20
11754,User11754,23,d20
11755,User11755,58,d30
11756,User11756,34,d40
11757,User11757,28,d30
11758,User11758,34,d30
11759,User11759,19,d20
11760,User11760,60,d40
11761,User11761,36,d30
11762,User11762,25,d10
11763,User11763,60,d10
11764,User11764,30,d40
11765,User11765,51,d10
11766,User11766,47,d20
11767,User11767,18,d20
11768,User11768,32,d40
11769,User11769,32,d30
11770,User11770,61,d30
11771,User11771,50,d30
11772,User11772,64,d20
11773,User11773,51,d10
11774,User11774,55,d30
11775,User11775,52,d40
11776,User11776,43,d10
11777,User11777,34,d40
11778,User11778,40,d10
11779,User11779,24,d10
11780,User11780,29,d10
11781,User11781,28,d10
11782,User11782,37,d30
11783,User11783,60,d20
11784,User11784,23,d30
11785,User11785,33,d20
11786,User11786,25,d10
11787,User11787,21,d40
11788,User11788,57,d30
11789,User11789,18,d40
11790,User11790,49,d20
11791,User11791,24,d20
11792,User11792,21,d40
11793,User11793,30,d10
11794,User11794,21,d20
11795,User11795,24,d20
11796,User11796,53,d40
11797,User11797,23,d10
11798,User11798,35,d10
11799,User11799,18,d10
11800,User11800,37,d20
11801,User11801,25,d40
11802,User11802,24,d20
11803,User11803,65,d40
11804,User11804,55,d10
11805,User11805,59,d40
11806,User11806,20,d40
11807,User11807,58,d10
11808,User11808,27,d40
11809,User11809,61,d30
11810,User11810,64,d10
11811,User11811,24,d30
11812,User11812,58,d30
11813,User11813,51,d40
11814,User11814,41,d30
11815,User11815,58,d10
11816,User11816,22,d10
11817,User11817,46,d20
11818,User11818,32,d30
11819,User11819,51,d30
11820,User11820,63,d20
11821,User11821,19,d10
11822,User11822,28,d40
11823,User11823,51,d40
11824,User11824,48,d10
11825,User11825,47,d20
11826,User11826,63,d10
11827,User11827,47,d20
11828,User11828,44,d10
11829,User11829,45,d10
11830,User11830,53,d10
11831,User11831,57,d10
11832,User11832,27,d40
11833,User11833,30,d20
11834,User11834,34,d40
11835,User11835,49,d40
11836,User11836,52,d10
11837,User11837,49,d20
11838,User11838,32,d30
11839,User11839,46,d10
11840,User11840,53,d40
11841,User11841,18,d10
11842,User11842,36,d20
11843,User11843,61,d10
11844,User11844,40,d30
11845,User11845,50,d40
11846,User11846,18,d10
11847,User11847,59,d20
11848,User11848,60,d30
11849,User11849,30,d30
11850,User11850,31,d20
11851,User11851,29,d40
11852,User11852,25,d20
11853,User11853,55,d40
11854,User11854,42,d10
11855,User11855,53,d40
11856,User11856,47,d30
11857,User11857,43,d30
11858,User11858,19,d40
11859,User11859,46,d40
11860,User11860,22,d30
11861,User11861,57,d40
11862,User11862,33,d10
11863,User11863,62,d30
11864,User11864,23,d20
11865,User11865,21,d30
11866,User11866,44,d10
11867,User11867,27,d30
11868,User11868,22,d40
11869,User11869,48,d10
11870,User11870,31,d10
11871,User11871,41,d20
11872,User11872,59,d10
11873,User11873,28,d30
11874,User11874,31,d30
11875,User11875,57,d10
11876,User11876,54,d20
11877,User11877,36,d20
11878,User11878,50,d30
11879,User11879,32,d10
11880,User11880,18,d10
11881,User11881,24,d30
11882,User11882,56,d40
11883,User11883,18,d10
11884,User11884,32,d30
11885,User11885,27,d10
11886,User11886,41,d10
11887,User11887,42,d10
11888,User11888,64,d40
11889,User11889,63,d30
11890,User11890,62,d40
11891,User11891,43,d30
11892,User11892,32,d20
11893,User11893,32,d30
11894,User11894,53,d30
11895,User11895,23,d10
11896,User11896,38,d10
11897,User11897,25,d10
11898,User11898,49,d30
11899,User11899,34,d40
11900,User11900,49,d20
11901,User11901,25,d40
11902,User11902,48,d30
11903,User11903,53,d20
11904,User11904,38,d30
11905,User11905,26,d10
11906,User11906,46,d10
11907,User11907,39,d40
11908,User11908,26,d10
11909,User11909,55,d20
11910,User11910,54,d30
11911,User11911,50,d40
11912,User11912,39,d10
11913,User11913,34,d30
11914,User11914,42,d20
11915,User11915,60,d10
11916,User11916,28,d40
11917,User11917,64,d20
11918,User11918,19,d40
11919,User11919,36,d20
11920,User11920,45,d30
11921,User11921,35,d30
11922,User11922,47,d40
11923,User11923,27,d40
11924,User11924,40,d10
11925,User11925,46,d10
11926,User11926,19,d10
11927,User11927,31,d40
11928,User11928,50,d10
11929,User11929,25,d40
11930,User11930,42,d30
11931,User11931,59,d30
11932,User11932,52,d40
11933,User11933,48,d20
11934,User11934,31,d10
11935,User11935,49,d10
11936,User11936,37,d30
11937,User11937,51,d20
11938,User11938,29,d10
11939,User11939,36,d40
11940,User11940,37,d10
11941,User11941,63,d30
11942,User11942,60,d40
11943,User11943,42,d20
11944,User11944,28,d10
11945,User11945,39,d20
11946,User11946,43,d30
11947,User11947,27,d40
11948,User11948,29,d40
11949,User11949,20,d30
11950,User11950,44,d40
11951,User11951,34,d40
11952,User11952,18,d20
11953,User11953,59,d40
11954,User11954,61,d40
11955,User11955,27,d20
11956,User11956,22,d40
11957,User11957,39,d20
11958,User11958,64,d20
11959,User11959,48,d40
11960,User11960,62,d40
11961,User11961,40,d20
11962,User11962,31,d20
11963,User11963,64,d40
11964,User11964,56,d40
11965,User11965,44,d10
11966,User11966,34,d10
11967,User11967,55,d40
11968,User11968,29,d20
11969,User11969,62,d10
11970,User11970,41,d30
11971,User11971,34,d20
11972,User11972,40,d10
11973,User11973,61,d10
11974,User11974,48,d20
11975,User11975,54,d20
11976,User11976,65,d40
11977,User11977,38,d10
11978,User11978,45,d40
11979,User11979,18,d30
11980,User11980,30,d30
11981,User11981,44,d30
11982,User11982,21,d40
11983,User11983,50,d40
11984,User11984,49,d40
11985,User11985,40,d30
11986,User11986,28,d30
11987,User11987,22,d40
11988,User11988,33,d10
11989,User11989,27,d30
11990,User11990,48,d20
11991,User11991,43,d20
11992,User11992,47,d20
11993,User11993,29,d20
11994,User11994,63,d10
11995,User11995,29,d20
11996,User11996,48,d20
11997,User11997,24,d10
11998,User11998,47,d10
11999,User11999,59,d30
12000,User12000,45,d40
12001,User12001,49,d10
12002,User12002,45,d10
12003,User12003,21,d20
12004,User12004,28,d30
12005,User12005,25,d30
12006,User12006,35,d30
12007,User12007,54,d40
12008,User12008,20,d20
12009,User12009,29,d30
12010,User12010,45,d10
12011,User12011,31,d10
12012,User12012,29,d20
12013,User12013,29,d10
12014,User12014,54,d40
12015,User12015,24,d10
12016,User12016,29,d30
12017,User12017,35,d40
12018,User12018,22,d40
12019,User12019,45,d10
12020,User12020,22,d10
12021,User12021,47,d40
12022,User12022,31,d10
12023,User12023,43,d10
12024,User12024,46,d20
12025,User12025,39,d10
12026,User12026,20,d10
12027,User12027,55,d30
12028,User12028,31,d20
12029,User12029,44,d20
12030,User12030,29,d40
12031,User12031,35,d30
12032,User12032,54,d40
12033,User12033,25,d20
12034,User12034,28,d40
12035,User12035,46,d30
12036,User12036,33,d40
12037,User12037,52,d10
12038,User12038,54,d20
12039,User12039,65,d10
12040,User12040,38,d40
12041,User12041,21,d30
12042,User12042,40,d20
12043,User12043,24,d30
12044,User12044,65,d20
12045,User12045,26,d20
12046,User12046,62,d40
12047,User12047,49,d20
12048,User12048,52,d20
12049,User12049,28,d10
12050,User12050,42,d10
12051,User12051,40,d20
12052,User12052,37,d10
12053,User12053,21,d40
12054,User12054,45,d20
12055,User12055,46,d40
12056,User12056,59,d40
12057,User12057,28,d30
12058,User12058,28,d40
12059,User12059,40,d30
12060,User12060,55,d20
12061,User12061,34,d40
12062,User12062,19,d30
12063,User12063,64,d40
12064,User12064,50,d10
12065,User12065,37,d40
12066,User12066,44,d10
12067,User12067,41,d40
12068,User12068,19,d40
12069,User12069,20,d20
12070,User12070,60,d10
12071,User12071,54,d10
12072,User12072,56,d20
12073,User12073,28,d10
12074,User12074,22,d20
12075,User12075,37,d30
12076,User12076,57,d20
12077,User12077,35,d10
12078,User12078,52,d30
12079,User12079,55,d10
12080,User12080,29,d20
12081,User12081,40,d20
12082,User12082,33,d20
12083,User12083,29,d20
12084,User12084,28,d10
12085,User12085,40,d20
12086,User12086,20,d10
12087,User12087,41,d20
12088,User12088,40,d30
12089,User12089,25,d10
12090,User12090,39,d20
12091,User12091,39,d30
12092,User12092,32,d10
12093,User12093,55,d40
12094,User12094,62,d30
12095,User12095,57,d20
12096,User12096,33,d20
12097,User12097,28,d20
12098,User12098,33,d30
12099,User12099,28,d40
12100,User12100,26,d40
12101,User12101,52,d10
12102,User12102,40,d10
12103,User12103,25,d20
12104,User12104,35,d20
12105,User12105,23,d30
12106,User12106,55,d20
12107,User12107,46,d10
12108,User12108,56,d30
12109,User12109,38,d40
12110,User12110,21,d20
12111,User12111,27,d10
12112,User12112,49,d20
12113,User12113,30,d40
12114,User12114,48,d10
12115,User12115,37,d40
12116,User12116,35,d30
12117,User12117,22,d20
12118,User12118,42,d10
12119,User12119,56,d20
12120,User12120,59,d30
12121,User12121,54,d10
12122,User12122,46,d20
12123,User12123,57,d30
12124,User12124,55,d10
12125,User12125,29,d20
12126,User12126,46,d40
12127,User12127,62,d10
12128,User12128,24,d20
12129,User12129,41,d40
12130,User12130,64,d20
12131,User12131,26,d40
12132,User12132,35,d40
12133,User12133,38,d40
12134,User12134,60,d20
12135,User12135,34,d40
12136,User12136,24,d40
12137,User12137,62,d20
12138,User12138,57,d10
12139,User12139,25,d40
12140,User12140,32,d40
12141,User12141,18,d10
12142,User12142,60,d20
12143,User12143,38,d30
12144,User12144,35,d20
12145,User12145,30,d10
12146,User12146,63,d20
12147,User12147,22,d10
12148,User12148,62,d30
12149,User12149,39,d20
12150,User12150,18,d30
12151,User12151,24,d30
12152,User12152,31,d30
12153,User12153,24,d20
12154,User12154,37,d10
12155,User12155,60,d20
12156,User12156,51,d10
12157,User12157,49,d40
12158,User12158,58,d40
12159,User12159,34,d20
12160,User12160,56,d40
12161,User12161,41,d20
12162,User12162,26,d30
12163,User12163,23,d20
12164,User12164,63,d20
12165,User12165,58,d30
12166,User12166,62,d30
12167,User12167,55,d10
12168,User12168,65,d20
12169,User12169,37,d10
12170,User12170,49,d40
12171,User12171,45,d10
12172,User12172,58,d40
12173,User12173,54,d40
12174,User12174,31,d20
12175,User12175,28,d20
12176,User12176,40,d40
12177,User12177,40,d10
12178,User12178,28,d10
12179,User12179,47,d30
12180,User12180,45,d30
12181,User12181,21,d30
12182,User12182,58,d30
12183,User12183,65,d30
12184,User12184,65,d20
12185,User12185,38,d20
12186,User12186,63,d40
12187,User12187,26,d40
12188,User12188,29,d40
12189,User12189,65,d10
12190,User12190,43,d30
12191,User12191,26,d40
12192,User12192,41,d20
12193,User12193,31,d30
12194,User12194,65,d30
12195,User12195,23,d30
12196,User12196,28,d40
12197,User12197,29,d20
12198,User12198,40,d20
12199,User12199,24,d10
12200,User12200,40,d20
12201,User12201,28,d40
12202,User12202,46,d30
12203,User12203,53,d20
12204,User12204,30,d40
12205,User12205,29,d30
12206,User12206,23,d10
12207,User12207,28,d20
12208,User12208,35,d20
12209,User12209,36,d10
12210,User12210,56,d20
12211,User12211,18,d10
12212,User12212,43,d40
12213,User12213,62,d20
12214,User12214,20,d40
12215,User12215,44,d20
12216,User12216,18,d40
12217,User12217,39,d30
12218,User12218,55,d10
12219,User12219,45,d30
12220,User12220,29,d20
12221,User12221,48,d10
12222,User12222,59,d30
12223,User12223,19,d10
12224,User12224,57,d20
12225,User12225,21,d10
12226,User12226,54,d10
12227,User12227,33,d20
12228,User12228,30,d30
12229,User12229,26,d20
12230,User12230,37,d20
12231,User12231,23,d40
12232,User12232,55,d10
12233,User12233,42,d20
12234,User12234,62,d10
12235,User12235,44,d10
12236,User12236,51,d10
12237,User12237,47,d20
12238,User12238,60,d40
12239,User12239,38,d10
12240,User12240,35,d40
12241,User12241,25,d40
12242,User12242,21,d40
12243,User12243,45,d40
12244,User12244,43,d20
12245,User12245,31,d30
12246,User12246,18,d30
12247,User12247,54,d10
12248,User12248,32,d30
12249,User12249,29,d40
12250,User12250,35,d20
12251,User12251,23,d40
12252,User12252,45,d40
12253,User12253,32,d20
12254,User12254,31,d10
12255,User12255,44,d20
12256,User12256,18,d10
12257,User12257,36,d30
12258,User12258,45,d10
12259,User12259,26,d30
12260,User12260,63,d20
12261,User12261,42,d10
12262,User12262,35,d30
12263,User12263,25,d30
12264,User12264,47,d20
12265,User12265,47,d20
12266,User12266,60,d40
12267,User12267,51,d40
12268,User12268,48,d30
12269,User12269,20,d40
12270,User12270,62,d40
12271,User12271,34,d20
12272,User12272,29,d30
12273,User12273,35,d10
12274,User12274,22,d40
12275,User12275,38,d40
12276,User12276,24,d30
12277,User12277,19,d40
12278,User12278,49,d10
12279,User12279,29,d20
12280,User12280,62,d30
12281,User12281,20,d20
12282,User12282,36,d20
12283,User12283,46,d20
12284,User12284,35,d30
12285,User12285,22,d30
12286,User12286,28,d40
12287,User12287,35,d20
12288,User12288,45,d30
12289,User12289,30,d30
12290,User12290,54,d40
12291,User12291,46,d30
12292,User12292,28,d10
12293,User12293,36,d30
12294,User12294,65,d30
12295,User12295,42,d20
12296,User12296,44,d20
12297,User12297,35,d10
12298,User12298,29,d40
12299,User12299,51,d20
12300,User12300,64,d40
12301,User12301,22,d30
12302,User12302,18,d10
12303,User12303,32,d30
12304,User12304,58,d30
12305,User12305,48,d30
12306,User12306,29,d30
12307,User12307,43,d10
12308,User12308,33,d30
12309,User12309,55,d30
12310,User12310,20,d10
12311,User12311,48,d20
12312,User12312,34,d10
12313,User12313,21,d40
12314,User12314,49,d30
12315,User12315,65,d40
12316,User12316,36,d10
12317,User12317,47,d20
12318,User12318,35,d30
12319,User12319,47,d20
12320,User12320,43,d10
12321,User12321,23,d40
12322,User12322,59,d40
12323,User12323,44,d30
12324,User12324,44,d30
12325,User12325,26,d40
12326,User12326,32,d40
12327,User12327,53,d40
12328,User12328,41,d10
12329,User12329,62,d30
12330,User12330,51,d10
12331,User12331,51,d30
12332,User12332,21,d10
12333,User12333,46,d20
12334,User12334,62,d40
12335,User12335,54,d20
12336,User12336,18,d10
12337,User12337,39,d30
12338,User12338,62,d10
12339,User12339,59,d40
12340,User12340,19,d40
12341,User12341,33,d30
12342,User12342,44,d30
12343,User12343,20,d40
12344,User12344,20,d30
12345,User12345,63,d20
12346,User12346,46,d20
12347,User12347,45,d30
12348,User12348,31,d20
12349,User12349,43,d10
12350,User12350,59,d40
12351,User12351,60,d40
12352,User12352,19,d20
12353,User12353,48,d40
12354,User12354,53,d10
12355,User12355,29,d20
12356,User12356,44,d20
12357,User12357,48,d40
12358,User12358,23,d30
12359,User12359,50,d10
12360,User12360,50,d40
12361,User12361,39,d40
12362,User12362,50,d20
12363,User12363,61,d30
12364,User12364,42,d10
12365,User12365,31,d40
12366,User12366,31,d40
12367,User12367,61,d30
12368,User12368,62,d20
12369,User12369,43,d40
12370,User12370,65,d10
12371,User12371,58,d30
12372,User12372,19,d30
12373,User12373,54,d30
12374,User12374,26,d20
12375,User12375,62,d10
12376,User12376,21,d40
12377,User12377,59,d30
12378,User12378,62,d40
12379,User12379,52,d10
12380,User12380,61,d40
12381,User12381,19,d40
12382,User12382,43,d40
12383,User12383,29,d20
12384,User12384,22,d10
12385,User12385,28,d40
12386,User12386,48,d10
12387,User12387,55,d20
12388,User12388,50,d20
12389,User12389,61,d10
12390,User12390,49,d20
12391,User12391,53,d10
12392,User12392,44,d20
12393,User12393,31,d30
12394,User12394,47,d20
12395,User12395,47,d10
12396,User12396,52,d10
12397,User12397,37,d40
12398,User12398,28,d30
12399,User12399,55,d40
12400,User12400,28,d30
12401,User12401,31,d10
12402,User12402,23,d20
12403,User12403,38,d20
12404,User12404,61,d30
12405,User12405,25,d10
12406,User12406,40,d30
12407,User12407,46,d40
12408,User12408,42,d10
12409,User12409,22,d20
12410,User12410,52,d30
12411,User12411,30,d40
12412,User12412,41,d10
12413,User12413,56,d30
12414,User12414,35,d20
12415,User12415,53,d20
12416,User12416,60,d30
12417,User12417,21,d20
12418,User12418,62,d20
12419,User12419,47,d10
12420,User12420,44,d10
12421,User12421,50,d40
12422,User12422,42,d10
12423,User12423,59,d40
12424,User12424,60,d30
12425,User12425,61,d20
12426,User12426,39,d10
12427,User12427,24,d10
12428,User12428,59,d40
12429,User12429,55,d30
12430,User12430,59,d20
12431,User12431,39,d10
12432,User12432,30,d10
12433,User12433,20,d40
12434,User12434,48,d10
12435,User12435,56,d10
12436,User12436,44,d20
12437,User12437,20,d30
12438,User12438,21,d40
12439,User12439,19,d20
12440,User12440,51,d10
12441,User12441,47,d10
12442,User12442,43,d20
12443,User12443,51,d20
12444,User12444,56,d20
12445,User12445,53,d40
12446,User12446,59,d20
12447,User12447,37,d30
12448,User12448,19,d30
12449,User12449,47,d10
12450,User12450,51,d20
12451,User12451,54,d30
12452,User12452,59,d20
12453,User12453,58,d40
12454,User12454,23,d30
12455,User12455,44,d10
12456,User12456,45,d10
12457,User12457,64,d10
12458,User12458,25,d40
12459,User12459,48,d20
12460,User12460,43,d40
12461,User12461,18,d20
12462,User12462,51,d10
12463,User12463,19,d20
12464,User12464,57,d20
12465,User12465,47,d10
12466,User12466,58,d10
12467,User12467,44,d20
12468,User12468,61,d20
12469,User12469,35,d30
12470,User12470,31,d30
12471,User12471,56,d30
12472,User12472,58,d40
12473,User12473,59,d20
12474,User12474,39,d30
12475,User12475,18,d40
12476,User12476,29,d10
12477,User12477,65,d10
12478,User12478,60,d30
12479,User12479,37,d20
12480,User12480,60,d20
12481,User12481,31,d30
12482,User12482,56,d40
12483,User12483,55,d10
12484,User12484,27,d10
12485,User12485,47,d20
12486,User12486,33,d30
12487,User12487,29,d10
12488,User12488,54,d30
12489,User12489,43,d40
12490,User12490,33,d10
12491,User12491,59,d40
12492,User12492,18,d40
12493,User12493,36,d20
12494,User12494,42,d20
12495,User12495,26,d30
12496,User12496,20,d30
12497,User12497,40,d30
12498,User12498,62,d20
12499,User12499,34,d40
12500,User12500,62,d10
12501,User12501,41,d40
12502,User12502,61,d30
12503,User12503,33,d10
12504,User12504,62,d40
12505,User12505,50,d30
12506,User12506,25,d20
12507,User12507,63,d30
12508,User12508,49,d40
12509,User12509,51,d20
12510,User12510,35,d30
12511,User12511,44,d40
12512,User12512,30,d20
12513,User12513,32,d20
12514,User12514,20,d40
12515,User12515,43,d40
12516,User12516,56,d40
12517,User12517,36,d40
12518,User12518,26,d10
12519,User12519,55,d30
12520,User12520,54,d30
12521,User12521,60,d40
12522,User12522,26,d20
12523,User12523,34,d10
12524,User12524,56,d20
12525,User12525,29,d40
12526,User12526,44,d20
12527,User12527,18,d20
12528,User12528,44,d40
12529,User12529,22,d40
12530,User12530,54,d40
12531,User12531,29,d40
12532,User12532,40,d20
12533,User12533,57,d40
12534,User12534,55,d20
12535,User12535,31,d20
12536,User12536,53,d30
12537,User12537,43,d40
12538,User12538,63,d40
12539,User12539,46,d40
12540,User12540,41,d20
12541,User12541,18,d40
12542,User12542,25,d30
12543,User12543,34,d20
12544,User12544,21,d20
12545,User12545,56,d30
12546,User12546,24,d20
12547,User12547,30,d30
12548,User12548,56,d20
12549,User12549,27,d10
12550,User12550,43,d20
12551,User12551,19,d10
12552,User12552,22,d10
12553,User12553,37,d30
12554,User12554,59,d10
12555,User12555,43,d40
12556,User12556,57,d20
12557,User12557,37,d10
12558,User12558,20,d20
12559,User12559,64,d30
12560,User12560,31,d10
12561,User12561,25,d30
12562,User12562,31,d10
12563,User12563,38,d40
12564,User12564,58,d20
12565,User12565,26,d40
12566,User12566,55,d10
12567,User12567,59,d40
12568,User12568,60,d30
12569,User12569,37,d40
12570,User12570,65,d20
12571,User12571,36,d20
12572,User12572,39,d10
12573,User12573,21,d20
12574,User12574,32,d20
12575,User12575,32,d30
12576,User12576,54,d10
12577,User12577,45,d40
12578,User12578,56,d40
12579,User12579,57,d10
12580,User12580,53,d30
12581,User12581,26,d40
12582,User12582,59,d10
12583,User12583,43,d30
12584,User12584,18,d20
12585,User12585,48,d10
12586,User12586,33,d30
12587,User12587,46,d10
12588,User12588,44,d40
12589,User12589,51,d10
12590,User12590,54,d40
12591,User12591,48,d30
12592,User12592,59,d20
12593,User12593,18,d30
12594,User12594,33,d30
12595,User12595,49,d30
12596,User12596,25,d30
12597,User12597,38,d20
12598,User12598,22,d20
12599,User12599,48,d20
12600,User12600,43,d30
12601,User12601,18,d10
12602,User12602,49,d10
12603,User12603,49,d40
12604,User12604,59,d20
12605,User12605,22,d20
12606,User12606,40,d40
12607,User12607,32,d10
12608,User12608,23,d40
12609,User12609,20,d20
12610,User12610,62,d20
12611,User12611,57,d30
12612,User12612,55,d10
12613,User12613,51,d20
12614,User12614,30,d40
12615,User12615,47,d20
12616,User12616,30,d10
12617,User12617,64,d30
12618,User12618,36,d20
12619,User12619,35,d30
12620,User12620,36,d40
12621,User12621,35,d10
12622,User12622,45,d40
12623,User12623,46,d10
12624,User12624,26,d40
12625,User12625,38,d20
12626,User12626,18,d10
12627,User12627,44,d40
12628,User12628,22,d30
12629,User12629,48,d10
12630,User12630,62,d10
12631,User12631,23,d30
12632,User12632,62,d40
12633,User12633,60,d20
12634,User12634,52,d20
12635,User12635,23,d30
12636,User12636,40,d30
12637,User12637,30,d40
12638,User12638,20,d30
12639,User12639,53,d10
12640,User12640,50,d30
12641,User12641,40,d10
12642,User12642,52,d30
12643,User12643,64,d10
12644,User12644,38,d10
12645,User12645,34,d40
12646,User12646,63,d30
12647,User12647,60,d40
12648,User12648,33,d30
12649,User12649,43,d10
12650,User12650,59,d10
12651,User12651,48,d40
12652,User12652,21,d10
12653,User12653,18,d30
12654,User12654,18,d20
12655,User12655,38,d30
12656,User12656,25,d30
12657,User12657,19,d30
12658,User12658,56,d20
12659,User12659,29,d20
12660,User12660,52,d10
12661,User12661,61,d10
12662,User12662,55,d20
12663,User12663,43,d40
12664,User12664,65,d20
12665,User12665,33,d10
12666,User12666,52,d30
12667,User12667,61,d40
12668,User12668,58,d30
12669,User12669,60,d10
12670,User12670,52,d40
12671,User12671,27,d10
12672,User12672,38,d40
12673,User12673,56,d20
12674,User12674,23,d30
12675,User12675,36,d40
12676,User12676,63,d40
12677,User12677,31,d20
12678,User12678,39,d20
12679,User12679,26,d40
12680,User12680,21,d20
12681,User12681,56,d20
12682,User12682,37,d40
12683,User12683,19,d30
12684,User12684,45,d10
12685,User12685,20,d40
12686,User12686,20,d40
12687,User12687,20,d20
12688,User12688,56,d10
12689,User12689,52,d10
12690,User12690,32,d30
12691,User12691,23,d10
12692,User12692,61,d20
12693,User12693,42,d20
12694,User12694,24,d40
12695,User12695,39,d10
12696,User12696,53,d30
12697,User12697,53,d30
12698,User12698,39,d10
12699,User12699,43,d20
12700,User12700,29,d20
12701,User12701,25,d10
12702,User12702,20,d40
12703,User12703,47,d30
12704,User12704,27,d20
12705,User12705,38,d10
12706,User12706,56,d20
12707,User12707,61,d40
12708,User12708,48,d10
12709,User12709,35,d40
12710,User12710,63,d30
12711,User12711,36,d30
12712,User12712,64,d40
12713,User12713,52,d10
12714,User12714,58,d20
12715,User12715,23,d20
12716,User12716,22,d40
12717,User12717,42,d30
12718,User12718,57,d10
12719,User12719,64,d30
12720,User12720,54,d20
12721,User12721,44,d30
12722,User12722,42,d40
12723,User12723,26,d40
12724,User12724,29,d40
12725,User12725,38,d20
12726,User12726,18,d40
12727,User12727,32,d30
12728,User12728,26,d10
12729,User12729,22,d40
12730,User12730,19,d30
12731,User12731,41,d20
12732,User12732,53,d40
12733,User12733,18,d40
12734,User12734,42,d20
12735,User12735,21,d40
12736,User12736,21,d30
12737,User12737,33,d40
12738,User12738,43,d10
12739,User12739,33,d40
12740,User12740,18,d40
12741,User12741,20,d30
12742,User12742,64,d20
12743,User12743,59,d10
12744,User12744,35,d40
12745,User12745,57,d10
12746,User12746,18,d10
12747,User12747,55,d20
12748,User12748,55,d10
12749,User12749,28,d10
12750,User12750,65,d10
12751,User12751,58,d20
12752,User12752,27,d10
12753,User12753,26,d30
12754,User12754,56,d10
12755,User12755,39,d30
12756,User12756,62,d20
12757,User12757,47,d20
12758,User12758,54,d30
12759,User12759,62,d40
12760,User12760,32,d30
12761,User12761,54,d10
12762,User12762,43,d20
12763,User12763,21,d10
12764,User12764,20,d40
12765,User12765,47,d20
12766,User12766,49,d30
12767,User12767,60,d30
12768,User12768,34,d30
12769,User12769,58,d30
12770,User12770,20,d20
12771,User12771,36,d30
12772,User12772,62,d30
12773,User12773,39,d30
12774,User12774,50,d20
12775,User12775,25,d10
12776,User12776,58,d10
12777,User12777,63,d10
12778,User12778,40,d40
12779,User12779,51,d30
12780,User12780,36,d20
12781,User12781,39,d30
12782,User12782,43,d40
12783,User12783,28,d20
12784,User12784,27,d30
12785,User12785,49,d10
12786,User12786,21,d40
12787,User12787,62,d30
12788,User12788,42,d40
12789,User12789,33,d10
12790,User12790,24,d40
12791,User12791,26,d40
12792,User12792,52,d30
12793,User12793,19,d40
12794,User12794,18,d40
12795,User12795,46,d30
12796,User12796,44,d20
12797,User12797,19,d40
12798,User12798,30,d20
12799,User12799,22,d30
12800,User12800,50,d30
12801,User12801,19,d30
12802,User12802,41,d10
12803,User12803,61,d20
12804,User12804,22,d10
12805,User12805,32,d40
12806,User12806,45,d10
12807,User12807,24,d40
12808,User12808,45,d30
12809,User12809,40,d10
12810,User12810,54,d40
12811,User12811,41,d10
12812,User12812,29,d20
12813,User12813,37,d30
12814,User12814,31,d10
12815,User12815,55,d20
12816,User12816,37,d30
12817,User12817,54,d40
12818,User12818,21,d30
12819,User12819,34,d40
12820,User12820,31,d30
12821,User12821,61,d10
12822,User12822,62,d30
12823,User12823,55,d40
12824,User12824,38,d10
12825,User12825,25,d40
12826,User12826,59,d10
12827,User12827,45,d40
12828,User12828,63,d30
12829,User12829,55,d40
12830,User12830,45,d20
12831,User12831,42,d30
12832,User12832,53,d10
12833,User12833,30,d20
12834,User12834,63,d30
12835,User12835,34,d40
12836,User12836,43,d40
12837,User12837,41,d10
12838,User12838,21,d40
12839,User12839,33,d20
12840,User12840,48,d40
12841,User12841,52,d10
12842,User12842,33,d30
12843,User12843,59,d10
12844,User12844,54,d10
12845,User12845,28,d20
12846,User12846,56,d10
12847,User12847,45,d30
12848,User12848,33,d40
12849,User12849,30,d20
12850,User12850,62,d20
12851,User12851,31,d40
12852,User12852,31,d20
12853,User12853,36,d40
12854,User12854,20,d30
12855,User12855,53,d20
12856,User12856,38,d20
12857,User12857,28,d20
12858,User12858,47,d40
12859,User12859,57,d40
12860,User12860,34,d20
12861,User12861,46,d20
12862,User12862,33,d40
12863,User12863,32,d20
12864,User12864,59,d30
12865,User12865,20,d20
12866,User12866,33,d20
12867,User12867,19,d20
12868,User12868,34,d10
12869,User12869,22,d10
12870,User12870,57,d40
12871,User12871,32,d20
12872,User12872,51,d20
12873,User12873,36,d30
12874,User12874,31,d20
12875,User12875,49,d30
12876,User12876,56,d10
12877,User12877,56,d20
12878,User12878,61,d10
12879,User12879,39,d40
12880,User12880,23,d30
12881,User12881,35,d30
12882,User12882,26,d30
12883,User12883,21,d40
12884,User12884,38,d40
12885,User12885,54,d40
12886,User12886,30,d10
12887,User12887,25,d20
12888,User12888,18,d10
12889,User12889,36,d40
12890,User12890,31,d20
12891,User12891,29,d20
12892,User12892,58,d40
12893,User12893,26,d20
12894,User12894,46,d40
12895,User12895,47,d40
12896,User12896,31,d20
12897,User12897,44,d10
12898,User12898,43,d10
12899,User12899,37,d40
12900,User12900,19,d40
12901,User12901,18,d40
12902,User12902,53,d20
12903,User12903,21,d30
12904,User12904,42,d20
12905,User12905,39,d10
12906,User12906,28,d30
12907,User12907,26,d30
12908,User12908,23,d30
12909,User12909,58,d10
12910,User12910,63,d40
12911,User12911,64,d30
12912,User12912,26,d10
12913,User12913,35,d40
12914,User12914,61,d10
12915,User12915,48,d40
12916,User12916,50,d30
12917,User12917,45,d20
12918,User12918,44,d40
12919,User12919,41,d20
12920,User12920,45,d10
12921,User12921,18,d20
12922,User12922,33,d10
12923,User12923,30,d40
12924,User12924,58,d30
12925,User12925,34,d40
12926,User12926,64,d40
12927,User12927,36,d10
12928,User12928,35,d40
12929,User12929,56,d30
12930,User12930,59,d40
12931,User12931,24,d20
12932,User12932,55,d20
12933,User12933,65,d40
12934,User12934,56,d30
12935,User12935,34,d10
12936,User12936,20,d40
12937,User12937,38,d30
12938,User12938,36,d10
12939,User12939,27,d20
12940,User12940,45,d40
12941,User12941,31,d30
12942,User12942,26,d20
12943,User12943,55,d20
12944,User12944,42,d30
12945,User12945,26,d10
12946,User12946,28,d10
12947,User12947,60,d10
12948,User12948,39,d10
12949,User12949,53,d30
12950,User12950,32,d30
12951,User12951,19,d30
12952,User12952,62,d10
12953,User12953,29,d10
12954,User12954,45,d40
12955,User12955,26,d20
12956,User12956,55,d20
12957,User12957,49,d30
12958,User12958,29,d30
12959,User12959,39,d20
12960,User12960,63,d40
12961,User12961,65,d40
12962,User12962,22,d40
12963,User12963,26,d20
12964,User12964,46,d20
12965,User12965,21,d40
12966,User12966,60,d30
12967,User12967,22,d30
12968,User12968,51,d40
12969,User12969,42,d10
12970,User12970,64,d10
12971,User12971,62,d20
12972,User12972,54,d30
12973,User12973,43,d30
12974,User12974,47,d30
12975,User12975,43,d30
12976,User12976,61,d10
12977,User12977,50,d30
12978,User12978,61,d40
12979,User12979,57,d40
12980,User12980,54,d30
12981,User12981,30,d40
12982,User12982,18,d20
12983,User12983,27,d40
12984,User12984,43,d20
12985,User12985,21,d10
12986,User12986,54,d10
12987,User12987,44,d20
12988,User12988,42,d10
12989,User12989,26,d40
12990,User12990,24,d10
12991,User12991,38,d40
12992,User12992,38,d30
12993,User12993,61,d40
12994,User12994,35,d40
12995,User12995,49,d30
12996,User12996,38,d40
12997,User12997,40,d30
12998,User12998,40,d40
12999,User12999,29,d10
13000,User13000,48,d30
13001,User13001,35,d40
13002,User13002,18,d10
13003,User13003,42,d10
13004,User13004,39,d40
13005,User13005,51,d40
13006,User13006,36,d20
13007,User13007,40,d10
13008,User13008,44,d10
13009,User13009,40,d40
13010,User13010,38,d30
13011,User13011,27,d10
13012,User13012,34,d20
13013,User13013,34,d30
13014,User13014,50,d10
13015,User13015,36,d40
13016,User13016,27,d10
13017,User13017,30,d20
13018,User13018,52,d40
13019,User13019,19,d40
13020,User13020,38,d20
13021,User13021,20,d40
13022,User13022,46,d10
13023,User13023,33,d10
13024,User13024,30,d40
13025,User13025,57,d10
13026,User13026,35,d30
13027,User13027,31,d20
13028,User13028,21,d40
13029,User13029,20,d20
13030,User13030,64,d30
13031,User13031,52,d10
13032,User13032,19,d20
13033,User13033,65,d30
13034,User13034,31,d10
13035,User13035,60,d30
13036,User13036,55,d10
13037,User13037,58,d40
13038,User13038,56,d10
13039,User13039,56,d40
13040,User13040,54,d40
13041,User13041,26,d40
13042,User13042,39,d30
13043,User13043,53,d20
13044,User13044,25,d30
13045,User13045,41,d20
13046,User13046,57,d40
13047,User13047,51,d30
13048,User13048,37,d10
13049,User13049,20,d30
13050,User13050,31,d40
13051,User13051,42,d30
13052,User13052,37,d40
13053,User13053,54,d10
13054,User13054,49,d30
13055,User13055,54,d20
13056,User13056,61,d30
13057,User13057,39,d10
13058,User13058,26,d10
13059,User13059,18,d40
13060,User13060,63,d20
13061,User13061,35,d30
13062,User13062,59,d20
13063,User13063,32,d10
13064,User13064,40,d10
13065,User13065,39,d20
13066,User13066,57,d30
13067,User13067,47,d10
13068,User13068,37,d20
13069,User13069,20,d20
13070,User13070,24,d20
13071,User13071,60,d40
13072,User13072,48,d40
13073,User13073,52,d30
13074,User13074,47,d40
13075,User13075,57,d30
13076,User13076,25,d30
13077,User13077,22,d30
13078,User13078,65,d40
13079,User13079,61,d30
13080,User13080,30,d20
13081,User13081,50,d10
13082,User13082,56,d20
13083,User13083,59,d30
13084,User13084,62,d40
13085,User13085,24,d30
13086,User13086,28,d40
13087,User13087,59,d20
13088,User13088,28,d20
13089,User13089,19,d40
13090,User13090,64,d30
13091,User13091,63,d40
13092,User13092,28,d30
13093,User13093,44,d40
13094,User13094,36,d40
13095,User13095,24,d20
13096,User13096,30,d40
13097,User13097,42,d10
13098,User13098,29,d40
13099,User13099,60,d20
13100,User13100,41,d10
13101,User13101,51,d10
13102,User13102,47,d10
13103,User13103,36,d20
13104,User13104,42,d20
13105,User13105,39,d30
13106,User13106,44,d30
13107,User13107,44,d10
13108,User13108,33,d20
13109,User13109,47,d20
13110,User13110,32,d20
13111,User13111,25,d40
13112,User13112,57,d40
13113,User13113,27,d10
13114,User13114,32,d20
13115,User13115,61,d40
13116,User13116,20,d10
13117,User13117,38,d40
13118,User13118,63,d30
13119,User13119,21,d40
13120,User13120,47,d30
13121,User13121,55,d40
13122,User13122,63,d30
13123,User13123,22,d30
13124,User13124,44,d40
13125,User13125,38,d40
13126,User13126,30,d30
13127,User13127,52,d10
13128,User13128,46,d10
13129,User13129,47,d20
13130,User13130,40,d10
13131,User13131,38,d10
13132,User13132,56,d40
13133,User13133,53,d10
13134,User13134,41,d30
13135,User13135,28,d40
13136,User13136,53,d40
13137,User13137,50,d20
13138,User13138,53,d30
13139,User13139,44,d40
13140,User13140,51,d20
13141,User13141,27,d10
13142,User13142,61,d10
13143,User13143,43,d40
13144,User13144,27,d10
13145,User13145,55,d20
13146,User13146,61,d40
13147,User13147,29,d10
13148,User13148,58,d10
13149,User13149,58,d10
13150,User13150,65,d30
13151,User13151,53,d10
13152,User13152,27,d10
13153,User13153,59,d40
13154,User13154,50,d10
13155,User13155,19,d20
13156,User13156,18,d40
13157,User13157,42,d40
13158,User13158,25,d10
13159,User13159,47,d10
13160,User13160,32,d20
13161,User13161,27,d40
13162,User13162,42,d20
13163,User13163,32,d20
13164,User13164,63,d30
13165,User13165,60,d40
13166,User13166,56,d30
13167,User13167,20,d40
13168,User13168,63,d20
13169,User13169,20,d30
13170,User13170,49,d40
13171,User13171,47,d30
13172,User13172,51,d40
13173,User13173,30,d20
13174,User13174,40,d30
13175,User13175,18,d40
13176,User13176,46,d40
13177,User13177,65,d20
13178,User13178,28,d10
13179,User13179,24,d20
13180,User13180,39,d30
13181,User13181,58,d30
13182,User13182,61,d10
13183,User13183,46,d30
13184,User13184,40,d10
13185,User13185,59,d20
13186,User13186,51,d10
13187,User13187,57,d40
13188,User13188,51,d20
13189,User13189,63,d30
13190,User13190,34,d30
13191,User13191,37,d10
13192,User13192,50,d30
13193,User13193,24,d20
13194,User13194,37,d10
13195,User13195,37,d10
13196,User13196,21,d40
13197,User13197,27,d10
13198,User13198,59,d20
13199,User13199,21,d30
13200,User13200,43,d20
13201,User13201,25,d40
13202,User13202,58,d30
13203,User13203,52,d40
13204,User13204,65,d10
13205,User13205,55,d10
13206,User13206,46,d40
13207,User13207,52,d40
13208,User13208,27,d10
13209,User13209,58,d20
13210,User13210,58,d30
13211,User13211,40,d30
13212,User13212,50,d40
13213,User13213,34,d30
13214,User13214,48,d40
13215,User13215,19,d30
13216,User13216,45,d20
13217,User13217,37,d40
13218,User13218,22,d10
13219,User13219,31,d40
13220,User13220,57,d20
13221,User13221,48,d30
13222,User13222,49,d20
13223,User13223,25,d20
13224,User13224,55,d30
13225,User13225,41,d40
13226,User13226,63,d40
13227,User13227,56,d20
13228,User13228,60,d20
13229,User13229,32,d40
13230,User13230,50,d10
13231,User13231,53,d40
13232,User13232,63,d20
13233,User13233,26,d10
13234,User13234,39,d10
13235,User13235,63,d30
13236,User13236,59,d30
13237,User13237,32,d20
13238,User13238,29,d20
13239,User13239,23,d30
13240,User13240,65,d40
13241,User13241,22,d30
13242,User13242,58,d30
13243,User13243,52,d30
13244,User13244,55,d20
13245,User13245,42,d40
13246,User13246,47,d10
13247,User13247,37,d20
13248,User13248,42,d30
13249,User13249,63,d40
13250,User13250,42,d30
13251,User13251,64,d20
13252,User13252,40,d10
13253,User13253,52,d30
13254,User13254,59,d30
13255,User13255,58,d10
13256,User13256,35,d40
13257,User13257,45,d10
13258,User13258,46,d10
13259,User13259,39,d10
13260,User13260,28,d10
13261,User13261,22,d20
13262,User13262,43,d10
13263,User13263,59,d10
13264,User13264,24,d30
13265,User13265,37,d20
13266,User13266,60,d30
13267,User13267,42,d40
13268,User13268,63,d10
13269,User13269,53,d30
13270,User13270,62,d20
13271,User13271,46,d40
13272,User13272,19,d30
13273,User13273,55,d20
13274,User13274,52,d20
13275,User13275,36,d40
13276,User13276,30,d20
13277,User13277,27,d10
13278,User13278,58,d40
13279,User13279,65,d30
13280,User13280,54,d10
13281,User13281,63,d40
13282,User13282,25,d20
13283,User13283,44,d20
13284,User13284,46,d40
13285,User13285,25,d40
13286,User13286,44,d40
13287,User13287,45,d40
13288,User13288,18,d10
13289,User13289,38,d20
13290,User13290,33,d40
13291,User13291,29,d30
13292,User13292,26,d10
13293,User13293,26,d20
13294,User13294,35,d20
13295,User13295,22,d10
13296,User13296,64,d20
13297,User13297,45,d40
13298,User13298,44,d20
13299,User13299,40,d40
13300,User13300,24,d10
13301,User13301,46,d40
13302,User13302,38,d10
13303,User13303,58,d20
13304,User13304,35,d30
13305,User13305,25,d40
13306,User13306,36,d30
13307,User13307,57,d10
13308,User13308,31,d20
13309,User13309,40,d20
13310,User13310,47,d10
13311,User13311,43,d30
13312,User13312,45,d30
13313,User13313,26,d30
13314,User13314,21,d40
13315,User13315,53,d10
13316,User13316,33,d40
13317,User13317,26,d40
13318,User13318,31,d40
13319,User13319,54,d10
13320,User13320,65,d30
13321,User13321,57,d40
13322,User13322,40,d30
13323,User13323,58,d20
13324,User13324,49,d20
13325,User13325,42,d40
13326,User13326,23,d30
13327,User13327,56,d30
13328,User13328,19,d10
13329,User13329,53,d20
13330,User13330,18,d30
13331,User13331,65,d20
13332,User13332,39,d30
13333,User13333,64,d10
13334,User13334,35,d20
13335,User13335,61,d30
13336,User13336,53,d30
13337,User13337,48,d40
13338,User13338,29,d20
13339,User13339,54,d20
13340,User13340,37,d10
13341,User13341,33,d40
13342,User13342,22,d20
13343,User13343,41,d30
13344,User13344,42,d30
13345,User13345,41,d10
13346,User13346,36,d40
13347,User13347,27,d20
13348,User13348,23,d30
13349,User13349,34,d10
13350,User13350,51,d40
13351,User13351,55,d40
13352,User13352,31,d30
13353,User13353,26,d10
13354,User13354,36,d10
13355,User13355,55,d10
13356,User13356,36,d30
13357,User13357,46,d20
13358,User13358,59,d40
13359,User13359,45,d40
13360,User13360,50,d10
13361,User13361,21,d20
13362,User13362,50,d30
13363,User13363,21,d10
13364,User13364,64,d10
13365,User13365,33,d40
13366,User13366,37,d10
13367,User13367,55,d20
13368,User13368,38,d10
13369,User13369,22,d10
13370,User13370,32,d30
13371,User13371,48,d40
13372,User13372,28,d40
13373,User13373,18,d10
13374,User13374,53,d40
13375,User13375,53,d10
13376,User13376,24,d40
13377,User13377,57,d10
13378,User13378,58,d40
13379,User13379,45,d30
13380,User13380,26,d30
13381,User13381,47,d30
13382,User13382,44,d10
13383,User13383,27,d10
13384,User13384,55,d40
13385,User13385,33,d20
13386,User13386,41,d10
13387,User13387,29,d30
13388,User13388,18,d20
13389,User13389,20,d40
13390,User13390,29,d10
13391,User13391,21,d20
13392,User13392,50,d20
13393,User13393,39,d40
13394,User13394,62,d30
13395,User13395,61,d10
13396,User13396,26,d30
13397,User13397,36,d20
13398,User13398,24,d10
13399,User13399,27,d30
13400,User13400,43,d10
13401,User13401,48,d40
13402,User13402,24,d10
13403,User13403,22,d30
13404,User13404,38,d30
13405,User13405,19,d20
13406,User13406,43,d10
13407,User13407,33,d40
13408,User13408,65,d20
13409,User13409,26,d20
13410,User13410,26,d20
13411,User13411,20,d30
13412,User13412,38,d10
13413,User13413,55,d20
13414,User13414,29,d20
13415,User13415,21,d20
13416,User13416,42,d30
13417,User13417,59,d20
13418,User13418,24,d10
13419,User13419,22,d10
13420,User13420,31,d10
13421,User13421,52,d30
13422,User13422,31,d30
13423,User13423,54,d20
13424,User13424,30,d10
13425,User13425,59,d20
13426,User13426,41,d20
13427,User13427,51,d20
13428,User13428,25,d40
13429,User13429,28,d20
13430,User13430,64,d20
13431,User13431,39,d30
13432,User13432,61,d40
13433,User13433,39,d30
13434,User13434,31,d20
13435,User13435,29,d30
13436,User13436,37,d40
13437,User13437,57,d30
13438,User13438,45,d40
13439,User13439,29,d10
13440,User13440,55,d30
13441,User13441,45,d40
13442,User13442,35,d20
13443,User13443,65,d20
13444,User13444,64,d10
13445,User13445,33,d30
13446,User13446,47,d40
13447,User13447,58,d40
13448,User13448,35,d20
13449,User13449,29,d30
13450,User13450,32,d40
13451,User13451,43,d30
13452,User13452,39,d10
13453,User13453,42,d20
13454,User13454,41,d40
13455,User13455,54,d30
13456,User13456,35,d10
13457,User13457,42,d40
13458,User13458,41,d20
13459,User13459,58,d20
13460,User13460,57,d10
13461,User13461,44,d40
13462,User13462,24,d30
13463,User13463,48,d30
13464,User13464,32,d30
13465,User13465,43,d20
13466,User13466,28,d30
13467,User13467,46,d30
13468,User13468,43,d30
13469,User13469,64,d40
13470,User13470,60,d30
13471,User13471,39,d20
13472,User13472,53,d20
13473,User13473,26,d40
13474,User13474,65,d30
13475,User13475,27,d20
13476,User13476,30,d30
13477,User13477,49,d40
13478,User13478,37,d20
13479,User13479,39,d10
13480,User13480,23,d40
13481,User13481,59,d20
13482,User13482,59,d40
13483,User13483,30,d40
13484,User13484,38,d20
13485,User13485,31,d30
13486,User13486,44,d30
13487,User13487,50,d30
13488,User13488,33,d40
13489,User13489,44,d10
13490,User13490,43,d10
13491,User13491,36,d20
13492,User13492,55,d40
13493,User13493,57,d20
13494,User13494,44,d10
13495,User13495,40,d10
13496,User13496,61,d20
13497,User13497,24,d10
13498,User13498,50,d40
13499,User13499,62,d20
13500,User13500,23,d40
13501,User13501,33,d10
13502,User13502,49,d10
13503,User13503,48,d20
13504,User13504,42,d20
13505,User13505,48,d10
13506,User13506,18,d20
13507,User13507,35,d10
13508,User13508,48,d40
13509,User13509,53,d10
13510,User13510,42,d20
13511,User13511,54,d30
13512,User13512,25,d20
13513,User13513,25,d20
13514,User13514,43,d30
13515,User13515,55,d20
13516,User13516,46,d30
13517,User13517,29,d40
13518,User13518,59,d30
13519,User13519,27,d30
13520,User13520,42,d20
13521,User13521,40,d30
13522,User13522,31,d40
13523,User13523,56,d20
13524,User13524,47,d10
13525,User13525,65,d20
13526,User13526,18,d30
13527,User13527,43,d20
13528,User13528,50,d30
13529,User13529,60,d10
13530,User13530,29,d10
13531,User13531,62,d40
13532,User13532,63,d40
13533,User13533,54,d30
13534,User13534,23,d40
13535,User13535,46,d40
13536,User13536,44,d10
13537,User13537,31,d20
13538,User13538,32,d30
13539,User13539,20,d10
13540,User13540,42,d10
13541,User13541,28,d10
13542,User13542,54,d30
13543,User13543,25,d10
13544,User13544,63,d40
13545,User13545,54,d20
13546,User13546,64,d30
13547,User13547,23,d10
13548,User13548,32,d20
13549,User13549,35,d20
13550,User13550,31,d30
13551,User13551,60,d40
13552,User13552,48,d40
13553,User13553,61,d20
13554,User13554,52,d30
13555,User13555,36,d10
13556,User13556,54,d10
13557,User13557,23,d30
13558,User13558,22,d10
13559,User13559,49,d40
13560,User13560,20,d20
13561,User13561,34,d10
13562,User13562,24,d10
13563,User13563,18,d40
13564,User13564,55,d30
13565,User13565,19,d10
13566,User13566,37,d10
13567,User13567,20,d20
13568,User13568,51,d20
13569,User13569,44,d40
13570,User13570,43,d10
13571,User13571,65,d10
13572,User13572,57,d10
13573,User13573,33,d10
13574,User13574,27,d30
13575,User13575,30,d10
13576,User13576,50,d30
13577,User13577,37,d30
13578,User13578,27,d30
13579,User13579,31,d10
13580,User13580,30,d30
13581,User13581,45,d10
13582,User13582,62,d10
13583,User13583,54,d40
13584,User13584,49,d10
13585,User13585,31,d10
13586,User13586,21,d40
13587,User13587,38,d10
13588,User13588,24,d40
13589,User13589,49,d10
13590,User13590,31,d10
13591,User13591,63,d20
13592,User13592,55,d10
13593,User13593,19,d30
13594,User13594,37,d20
13595,User13595,60,d40
13596,User13596,28,d10
13597,User13597,36,d10
13598,User13598,25,d10
13599,User13599,52,d20
13600,User13600,58,d40
13601,User13601,38,d30
13602,User13602,49,d20
13603,User13603,56,d10
13604,User13604,45,d20
13605,User13605,50,d40
13606,User13606,49,d30
13607,User13607,36,d40
13608,User13608,30,d40
13609,User13609,33,d10
13610,User13610,20,d10
13611,User13611,37,d40
13612,User13612,60,d10
13613,User13613,25,d40
13614,User13614,28,d30
13615,User13615,59,d20
13616,User13616,25,d20
13617,User13617,36,d30
13618,User13618,22,d10
13619,User13619,23,d20
13620,User13620,31,d30
13621,User13621,21,d30
13622,User13622,56,d40
13623,User13623,60,d40
13624,User13624,42,d20
13625,User13625,44,d10
13626,User13626,40,d30
13627,User13627,28,d30
13628,User13628,29,d30
13629,User13629,65,d40
13630,User13630,22,d30
13631,User13631,26,d10
13632,User13632,36,d30
13633,User13633,64,d40
13634,User13634,63,d10
13635,User13635,55,d40
13636,User13636,51,d30
13637,User13637,45,d30
13638,User13638,56,d40
13639,User13639,50,d30
13640,User13640,21,d20
13641,User13641,41,d10
13642,User13642,55,d10
13643,User13643,45,d30
13644,User13644,40,d40
13645,User13645,31,d40
13646,User13646,41,d30
13647,User13647,27,d30
13648,User13648,46,d20
13649,User13649,47,d10
13650,User13650,42,d20
13651,User13651,26,d40
13652,User13652,43,d30
13653,User13653,19,d30
13654,User13654,42,d30
13655,User13655,48,d10
13656,User13656,60,d10
13657,User13657,23,d10
13658,User13658,59,d30
13659,User13659,25,d30
13660,User13660,18,d20
13661,User13661,50,d40
13662,User13662,29,d40
13663,User13663,20,d30
13664,User13664,24,d40
13665,User13665,18,d10
13666,User13666,44,d40
13667,User13667,61,d10
13668,User13668,24,d30
13669,User13669,26,d40
13670,User13670,18,d20
13671,User13671,44,d40
13672,User13672,30,d20
13673,User13673,25,d10
13674,User13674,60,d30
13675,User13675,26,d20
13676,User13676,27,d20
13677,User13677,29,d20
13678,User13678,53,d20
13679,User13679,36,d20
13680,User13680,52,d10
13681,User13681,48,d30
13682,User13682,27,d30
13683,User13683,40,d20
13684,User13684,20,d30
13685,User13685,35,d10
13686,User13686,20,d10
13687,User13687,46,d30
13688,User13688,32,d10
13689,User13689,24,d30
13690,User13690,33,d10
13691,User13691,60,d30
13692,User13692,38,d10
13693,User13693,38,d20
13694,User13694,27,d40
13695,User13695,59,d20
13696,User13696,18,d20
13697,User13697,36,d40
13698,User13698,58,d10
13699,User13699,49,d30
13700,User13700,56,d10
13701,User13701,51,d40
13702,User13702,19,d20
13703,User13703,52,d20
13704,User13704,22,d10
13705,User13705,37,d10
13706,User13706,57,d10
13707,User13707,63,d30
13708,User13708,33,d30
13709,User13709,22,d30
13710,User13710,26,d30
13711,User13711,59,d10
13712,User13712,36,d30
13713,User13713,53,d40
13714,User13714,47,d40
13715,User13715,64,d30
13716,User13716,53,d20
13717,User13717,29,d10
13718,User13718,59,d10
13719,User13719,19,d20
13720,User13720,32,d40
13721,User13721,49,d30
13722,User13722,61,d10
13723,User13723,47,d20
13724,User13724,60,d10
13725,User13725,24,d20
13726,User13726,60,d20
13727,User13727,34,d40
13728,User13728,64,d20
13729,User13729,56,d40
13730,User13730,38,d10
13731,User13731,53,d30
13732,User13732,40,d30
13733,User13733,41,d40
13734,User13734,62,d30
13735,User13735,52,d10
13736,User13736,29,d30
13737,User13737,44,d10
13738,User13738,54,d40
13739,User13739,62,d10
13740,User13740,40,d30
13741,User13741,51,d20
13742,User13742,18,d40
13743,User13743,22,d40
13744,User13744,42,d10
13745,User13745,44,d30
13746,User13746,33,d40
13747,User13747,46,d20
13748,User13748,41,d30
13749,User13749,20,d40
13750,User13750,43,d10
13751,User13751,27,d30
13752,User13752,44,d40
13753,User13753,32,d10
13754,User13754,60,d40
13755,User13755,37,d10
13756,User13756,26,d10
13757,User13757,32,d30
13758,User13758,50,d10
13759,User13759,30,d30
13760,User13760,64,d40
13761,User13761,57,d40
13762,User13762,58,d20
13763,User13763,36,d40
13764,User13764,37,d30
13765,User13765,49,d40
13766,User13766,38,d20
13767,User13767,52,d10
13768,User13768,61,d30
13769,User13769,33,d20
13770,User13770,34,d20
13771,User13771,31,d20
13772,User13772,50,d30
13773,User13773,20,d10
13774,User13774,23,d30
13775,User13775,63,d40
13776,User13776,37,d20
13777,User13777,64,d10
13778,User13778,39,d30
13779,User13779,43,d20
13780,User13780,38,d10
13781,User13781,38,d30
13782,User13782,36,d40
13783,User13783,42,d10
13784,User13784,49,d20
13785,User13785,18,d40
13786,User13786,35,d20
13787,User13787,41,d20
13788,User13788,21,d40
13789,User13789,31,d20
13790,User13790,60,d20
13791,User13791,57,d20
13792,User13792,61,d30
13793,User13793,40,d30
13794,User13794,32,d20
13795,User13795,38,d10
13796,User13796,51,d20
13797,User13797,32,d40
13798,User13798,35,d10
13799,User13799,26,d10
13800,User13800,43,d40
13801,User13801,62,d20
13802,User13802,46,d10
13803,User13803,24,d20
13804,User13804,36,d40
13805,User13805,56,d20
13806,User13806,26,d20
13807,User13807,37,d10
13808,User13808,44,d10
13809,User13809,52,d40
13810,User13810,25,d20
13811,User13811,61,d30
13812,User13812,55,d20
13813,User13813,43,d20
13814,User13814,56,d40
13815,User13815,48,d20
13816,User13816,43,d10
13817,User13817,26,d20
13818,User13818,20,d30
13819,User13819,25,d20
13820,User13820,55,d20
13821,User13821,50,d20
13822,User13822,37,d10
13823,User13823,18,d30
13824,User13824,27,d20
13825,User13825,44,d10
13826,User13826,60,d10
13827,User13827,24,d10
13828,User13828,59,d20
13829,User13829,31,d20
13830,User13830,57,d30
13831,User13831,49,d20
13832,User13832,23,d40
13833,User13833,18,d10
13834,User13834,59,d10
13835,User13835,29,d10
13836,User13836,45,d30
13837,User13837,42,d10
13838,User13838,29,d20
13839,User13839,42,d30
13840,User13840,62,d30
13841,User13841,22,d40
13842,User13842,40,d30
13843,User13843,18,d30
13844,User13844,55,d40
13845,User13845,32,d20
13846,User13846,36,d10
13847,User13847,64,d30
13848,User13848,26,d20
13849,User13849,23,d20
13850,User13850,59,d40
13851,User13851,47,d40
13852,User13852,36,d10
13853,User13853,42,d30
13854,User13854,46,d30
13855,User13855,33,d30
13856,User13856,18,d40
13857,User13857,57,d10
13858,User13858,40,d30
13859,User13859,61,d20
13860,User13860,23,d10
13861,User13861,49,d40
13862,User13862,44,d40
13863,User13863,39,d40
13864,User13864,40,d10
13865,User13865,60,d20
13866,User13866,59,d40
13867,User13867,22,d40
13868,User13868,19,d20
13869,User13869,53,d20
13870,User13870,62,d10
13871,User13871,48,d30
13872,User13872,44,d10
13873,User13873,64,d10
13874,User13874,27,d10
13875,User13875,33,d20
13876,User13876,61,d10
13877,User13877,43,d10
13878,User13878,58,d40
13879,User13879,19,d40
13880,User13880,58,d40
13881,User13881,58,d40
13882,User13882,31,d40
13883,User13883,33,d30
13884,User13884,27,d20
13885,User13885,61,d20
13886,User13886,25,d40
13887,User13887,55,d30
13888,User13888,22,d20
13889,User13889,42,d20
13890,User13890,59,d30
13891,User13891,44,d30
13892,User13892,49,d20
13893,User13893,23,d10
13894,User13894,27,d30
13895,User13895,30,d30
13896,User13896,20,d10
13897,User13897,65,d10
13898,User13898,47,d20
13899,User13899,33,d30
13900,User13900,33,d20
13901,User13901,31,d10
13902,User13902,34,d20
13903,User13903,40,d40
13904,User13904,42,d40
13905,User13905,26,d20
13906,User13906,52,d40
13907,User13907,24,d30
13908,User13908,60,d40
13909,User13909,61,d20
13910,User13910,44,d40
13911,User13911,54,d30
13912,User13912,39,d10
13913,User13913,51,d20
13914,User13914,20,d20
13915,User13915,24,d10
13916,User13916,60,d30
13917,User13917,42,d10
13918,User13918,28,d30
13919,User13919,43,d40
13920,User13920,29,d30
13921,User13921,46,d40
13922,User13922,41,d20
13923,User13923,27,d10
13924,User13924,29,d40
13925,User13925,38,d30
13926,User13926,32,d30
13927,User13927,49,d20
13928,User13928,61,d30
13929,User13929,38,d40
13930,User13930,57,d40
13931,User13931,44,d40
13932,User13932,51,d30
13933,User13933,50,d40
13934,User13934,55,d30
13935,User13935,28,d40
13936,User13936,35,d20
13937,User13937,63,d30
13938,User13938,25,d30
13939,User13939,37,d10
13940,User13940,58,d40
13941,User13941,38,d20
13942,User13942,44,d10
13943,User13943,54,d20
13944,User13944,38,d40
13945,User13945,52,d40
13946,User13946,25,d30
13947,User13947,61,d20
13948,User13948,44,d10
13949,User13949,46,d20
13950,User13950,63,d40
13951,User13951,29,d40
13952,User13952,65,d20
13953,User13953,62,d30
13954,User13954,57,d10
13955,User13955,55,d40
13956,User13956,34,d20
13957,User13957,26,d30
13958,User13958,26,d10
13959,User13959,37,d10
13960,User13960,60,d40
13961,User13961,18,d30
13962,User13962,27,d20
13963,User13963,36,d20
13964,User13964,47,d40
13965,User13965,36,d10
13966,User13966,49,d30
13967,User13967,26,d40
13968,User13968,25,d30
13969,User13969,62,d30
13970,User13970,47,d10
13971,User13971,31,d10
13972,User13972,59,d20
13973,User13973,23,d20
13974,User13974,46,d30
13975,User13975,33,d20
13976,User13976,46,d20
13977,User13977,62,d20
13978,User13978,54,d10
13979,User13979,38,d30
13980,User13980,63,d10
13981,User13981,49,d40
13982,User13982,64,d40
13983,User13983,18,d40
13984,User13984,30,d40
13985,User13985,58,d40
13986,User13986,60,d20
13987,User13987,51,d20
13988,User13988,30,d40
13989,User13989,25,d10
13990,User13990,26,d10
13991,User13991,19,d20
13992,User13992,64,d10
13993,User13993,50,d30
13994,User13994,26,d30
13995,User13995,34,d40
13996,User13996,31,d20
13997,User13997,45,d20
13998,User13998,61,d40
13999,User13999,19,d40
14000,User14000,62,d20
14001,User14001,49,d40
14002,User14002,62,d10
14003,User14003,42,d20
14004,User14004,39,d10
14005,User14005,56,d30
14006,User14006,45,d30
14007,User14007,19,d20
14008,User14008,44,d30
14009,User14009,54,d30
14010,User14010,25,d10
14011,User14011,27,d20
14012,User14012,57,d30
14013,User14013,23,d30
14014,User14014,41,d20
14015,User14015,59,d10
14016,User14016,22,d10
14017,User14017,39,d10
14018,User14018,43,d30
14019,User14019,48,d10
14020,User14020,51,d30
14021,User14021,52,d10
14022,User14022,31,d10
14023,User14023,36,d10
14024,User14024,58,d30
14025,User14025,21,d10
14026,User14026,21,d30
14027,User14027,33,d30
14028,User14028,40,d10
14029,User14029,42,d40
14030,User14030,22,d30
14031,User14031,39,d20
14032,User14032,51,d20
14033,User14033,35,d10
14034,User14034,48,d20
14035,User14035,47,d30
14036,User14036,40,d30
14037,User14037,30,d10
14038,User14038,57,d10
14039,User14039,24,d10
14040,User14040,51,d40
14041,User14041,42,d30
14042,User14042,46,d30
14043,User14043,49,d10
14044,User14044,53,d40
14045,User14045,20,d30
14046,User14046,56,d10
14047,User14047,27,d10
14048,User14048,60,d40
14049,User14049,43,d10
14050,User14050,48,d20
14051,User14051,45,d10
14052,User14052,24,d10
14053,User14053,51,d30
14054,User14054,45,d40
14055,User14055,25,d40
14056,User14056,54,d10
14057,User14057,42,d40
14058,User14058,40,d40
14059,User14059,60,d20
14060,User14060,28,d20
14061,User14061,22,d40
14062,User14062,20,d40
14063,User14063,19,d30
14064,User14064,52,d30
14065,User14065,41,d20
14066,User14066,34,d20
14067,User14067,59,d30
14068,User14068,55,d10
14069,User14069,45,d30
14070,User14070,46,d30
14071,User14071,52,d20
14072,User14072,33,d30
14073,User14073,33,d30
14074,User14074,55,d20
14075,User14075,36,d20
14076,User14076,42,d20
14077,User14077,60,d40
14078,User14078,24,d20
14079,User14079,62,d40
14080,User14080,39,d40
14081,User14081,22,d10
14082,User14082,52,d30
14083,User14083,45,d30
14084,User14084,53,d40
14085,User14085,56,d40
14086,User14086,18,d20
14087,User14087,18,d20
14088,User14088,50,d20
14089,User14089,31,d30
14090,User14090,47,d20
14091,User14091,48,d20
14092,User14092,45,d40
14093,User14093,34,d20
14094,User14094,22,d30
14095,User14095,65,d30
14096,User14096,28,d10
14097,User14097,26,d30
14098,User14098,37,d30
14099,User14099,24,d40
14100,User14100,18,d20
14101,User14101,30,d40
14102,User14102,52,d10
14103,User14103,26,d40
14104,User14104,58,d10
14105,User14105,32,d40
14106,User14106,48,d20
14107,User14107,48,d40
14108,User14108,65,d40
14109,User14109,25,d10
14110,User14110,26,d30
14111,User14111,26,d30
14112,User14112,59,d40
14113,User14113,30,d40
14114,User14114,56,d10
14115,User14115,18,d10
14116,User14116,23,d40
14117,User14117,22,d20
14118,User14118,27,d10
14119,User14119,27,d30
14120,User14120,36,d20
14121,User14121,49,d30
14122,User14122,61,d20
14123,User14123,40,d10
14124,User14124,62,d40
14125,User14125,48,d40
14126,User14126,57,d10
14127,User14127,25,d40
14128,User14128,24,d40
14129,User14129,41,d40
14130,User14130,40,d40
14131,User14131,43,d40
14132,User14132,44,d40
14133,User14133,20,d30
14134,User14134,51,d40
14135,User14135,30,d20
14136,User14136,35,d30
14137,User14137,19,d10
14138,User14138,27,d30
14139,User14139,36,d20
14140,User14140,61,d20
14141,User14141,61,d40
14142,User14142,30,d30
14143,User14143,57,d40
14144,User14144,62,d20
14145,User14145,26,d20
14146,User14146,55,d10
14147,User14147,34,d10
14148,User14148,57,d20
14149,User14149,47,d10
14150,User14150,41,d10
14151,User14151,48,d30
14152,User14152,44,d20
14153,User14153,25,d10
14154,User14154,49,d30
14155,User14155,23,d10
14156,User14156,20,d30
14157,User14157,20,d10
14158,User14158,43,d10
14159,User14159,44,d20
14160,User14160,19,d10
14161,User14161,26,d10
14162,User14162,40,d40
14163,User14163,60,d20
14164,User14164,47,d30
14165,User14165,56,d30
14166,User14166,53,d40
14167,User14167,32,d20
14168,User14168,36,d30
14169,User14169,40,d20
14170,User14170,23,d40
14171,User14171,24,d20
14172,User14172,54,d30
14173,User14173,48,d40
14174,User14174,34,d10
14175,User14175,33,d40
14176,User14176,58,d40
14177,User14177,36,d40
14178,User14178,27,d20
14179,User14179,31,d10
14180,User14180,49,d10
14181,User14181,60,d20
14182,User14182,45,d40
14183,User14183,27,d30
14184,User14184,37,d20
14185,User14185,52,d40
14186,User14186,34,d30
14187,User14187,64,d20
14188,User14188,60,d40
14189,User14189,36,d20
14190,User14190,20,d10
14191,User14191,62,d10
14192,User14192,19,d20
14193,User14193,60,d40
14194,User14194,23,d10
14195,User14195,60,d30
14196,User14196,19,d40
14197,User14197,23,d30
14198,User14198,53,d10
14199,User14199,35,d30
14200,User14200,27,d20
14201,User14201,25,d40
14202,User14202,59,d40
14203,User14203,64,d20
14204,User14204,59,d10
14205,User14205,33,d20
14206,User14206,44,d30
14207,User14207,42,d20
14208,User14208,18,d20
14209,User14209,21,d10
14210,User14210,64,d10
14211,User14211,55,d10
14212,User14212,51,d10
14213,User14213,22,d20
14214,User14214,51,d40
14215,User14215,64,d10
14216,User14216,37,d10
14217,User14217,29,d10
14218,User14218,39,d20
14219,User14219,22,d30
14220,User14220,52,d30
14221,User14221,57,d20
14222,User14222,57,d10
14223,User14223,21,d20
14224,User14224,63,d30
14225,User14225,58,d20
14226,User14226,44,d40
14227,User14227,23,d40
14228,User14228,44,d20
14229,User14229,28,d40
14230,User14230,50,d10
14231,User14231,26,d10
14232,User14232,61,d20
14233,User14233,51,d40
14234,User14234,40,d10
14235,User14235,47,d30
14236,User14236,47,d30
14237,User14237,40,d10
14238,User14238,22,d20
14239,User14239,20,d10
14240,User14240,61,d30
14241,User14241,61,d20
14242,User14242,18,d20
14243,User14243,49,d40
14244,User14244,56,d20
14245,User14245,57,d40
14246,User14246,26,d30
14247,User14247,53,d10
14248,User14248,65,d10
14249,User14249,26,d30
14250,User14250,56,d40
14251,User14251,48,d20
14252,User14252,64,d40
14253,User14253,59,d30
14254,User14254,64,d10
14255,User14255,43,d10
14256,User14256,45,d40
14257,User14257,62,d40
14258,User14258,50,d10
14259,User14259,48,d40
14260,User14260,26,d40
14261,User14261,44,d20
14262,User14262,45,d20
14263,User14263,19,d30
14264,User14264,64,d10
14265,User14265,58,d40
14266,User14266,47,d20
14267,User14267,29,d40
14268,User14268,29,d20
14269,User14269,45,d40
14270,User14270,46,d40
14271,User14271,54,d10
14272,User14272,46,d20
14273,User14273,23,d40
14274,User14274,38,d40
14275,User14275,29,d20
14276,User14276,47,d10
14277,User14277,55,d30
14278,User14278,38,d20
14279,User14279,26,d10
14280,User14280,39,d30
14281,User14281,48,d40
14282,User14282,27,d40
14283,User14283,38,d40
14284,User14284,42,d40
14285,User14285,19,d30
14286,User14286,53,d20
14287,User14287,65,d30
14288,User14288,38,d10
14289,User14289,22,d10
14290,User14290,25,d30
14291,User14291,24,d40
14292,User14292,39,d40
14293,User14293,53,d40
14294,User14294,54,d20
14295,User14295,26,d10
14296,User14296,43,d30
14297,User14297,23,d30
14298,User14298,23,d40
14299,User14299,37,d10
14300,User14300,20,d40
14301,User14301,59,d10
14302,User14302,20,d30
14303,User14303,63,d10
14304,User14304,34,d20
14305,User14305,56,d30
14306,User14306,51,d20
14307,User14307,53,d40
14308,User14308,40,d40
14309,User14309,21,d40
14310,User14310,59,d20
14311,User14311,27,d10
14312,User14312,19,d20
14313,User14313,24,d10
14314,User14314,39,d20
14315,User14315,22,d10
14316,User14316,58,d40
14317,User14317,49,d10
14318,User14318,28,d30
14319,User14319,43,d10
14320,User14320,27,d30
14321,User14321,28,d20
14322,User14322,30,d20
14323,User14323,56,d40
14324,User14324,25,d20
14325,User14325,42,d10
14326,User14326,20,d20
14327,User14327,49,d10
14328,User14328,19,d20
14329,User14329,34,d20
14330,User14330,42,d20
14331,User14331,26,d40
14332,User14332,62,d30
14333,User14333,41,d40
14334,User14334,48,d20
14335,User14335,19,d30
14336,User14336,49,d30
14337,User14337,59,d10
14338,User14338,37,d30
14339,User14339,60,d40
14340,User14340,44,d30
14341,User14341,34,d40
14342,User14342,64,d10
14343,User14343,52,d40
14344,User14344,31,d40
14345,User14345,59,d30
14346,User14346,34,d30
14347,User14347,32,d30
14348,User14348,39,d30
14349,User14349,35,d10
14350,User14350,59,d40
14351,User14351,53,d40
14352,User14352,40,d40
14353,User14353,60,d20
14354,User14354,50,d30
14355,User14355,36,d20
14356,User14356,60,d20
14357,User14357,59,d30
14358,User14358,58,d40
14359,User14359,44,d20
14360,User14360,31,d40
14361,User14361,43,d40
14362,User14362,51,d30
14363,User14363,33,d30
14364,User14364,19,d20
14365,User14365,48,d40
14366,User14366,51,d30
14367,User14367,18,d40
14368,User14368,33,d30
14369,User14369,59,d20
14370,User14370,57,d40
14371,User14371,60,d20
14372,User14372,37,d30
14373,User14373,64,d20
14374,User14374,56,d40
14375,User14375,52,d30
14376,User14376,40,d10
14377,User14377,64,d10
14378,User14378,38,d30
14379,User14379,41,d10
14380,User14380,56,d10
14381,User14381,52,d20
14382,User14382,43,d30
14383,User14383,28,d40
14384,User14384,21,d10
14385,User14385,30,d40
14386,User14386,29,d30
14387,User14387,54,d20
14388,User14388,62,d10
14389,User14389,46,d40
14390,User14390,65,d20
14391,User14391,27,d40
14392,User14392,35,d30
14393,User14393,60,d30
14394,User14394,33,d10
14395,User14395,22,d10
14396,User14396,26,d40
14397,User14397,53,d30
14398,User14398,25,d30
14399,User14399,20,d30
14400,User14400,62,d20
14401,User14401,37,d10
14402,User14402,19,d30
14403,User14403,53,d20
14404,User14404,37,d10
14405,User14405,39,d20
14406,User14406,22,d20
14407,User14407,47,d20
14408,User14408,61,d30
14409,User14409,32,d20
14410,User14410,57,d40
14411,User14411,30,d30
14412,User14412,64,d10
14413,User14413,25,d10
14414,User14414,33,d20
14415,User14415,54,d30
14416,User14416,35,d10
14417,User14417,43,d20
14418,User14418,29,d30
14419,User14419,34,d40
14420,User14420,53,d20
14421,User14421,61,d40
14422,User14422,29,d40
14423,User14423,25,d30
14424,User14424,51,d10
14425,User14425,49,d30
14426,User14426,51,d20
14427,User14427,53,d20
14428,User14428,40,d30
14429,User14429,39,d30
14430,User14430,34,d10
14431,User14431,20,d40
14432,User14432,55,d10
14433,User14433,38,d20
14434,User14434,23,d10
14435,User14435,60,d40
14436,User14436,40,d30
14437,User14437,38,d30
14438,User14438,62,d20
14439,User14439,62,d40
14440,User14440,44,d10
14441,User14441,48,d20
14442,User14442,52,d20
14443,User14443,44,d10
14444,User14444,30,d40
14445,User14445,46,d20
14446,User14446,42,d30
14447,User14447,26,d10
14448,User14448,60,d10
14449,User14449,48,d30
14450,User14450,45,d30
14451,User14451,45,d20
14452,User14452,24,d30
14453,User14453,45,d20
14454,User14454,50,d10
14455,User14455,51,d30
14456,User14456,50,d10
14457,User14457,43,d40
14458,User14458,18,d20
14459,User14459,45,d10
14460,User14460,23,d20
14461,User14461,33,d40
14462,User14462,33,d10
14463,User14463,22,d30
14464,User14464,65,d40
14465,User14465,21,d40
14466,User14466,39,d30
14467,User14467,63,d10
14468,User14468,64,d30
14469,User14469,26,d20
14470,User14470,46,d40
14471,User14471,61,d20
14472,User14472,29,d10
14473,User14473,35,d20
14474,User14474,51,d20
14475,User14475,37,d10
14476,User14476,23,d30
14477,User14477,59,d30
14478,User14478,21,d20
14479,User14479,41,d20
14480,User14480,43,d20
14481,User14481,41,d30
14482,User14482,61,d10
14483,User14483,53,d20
14484,User14484,64,d20
14485,User14485,24,d20
14486,User14486,34,d20
14487,User14487,48,d20
14488,User14488,41,d30
14489,User14489,42,d40
14490,User14490,29,d40
14491,User14491,25,d10
14492,User14492,36,d30
14493,User14493,65,d10
14494,User14494,58,d30
14495,User14495,30,d30
14496,User14496,51,d10
14497,User14497,59,d20
14498,User14498,33,d30
14499,User14499,57,d40
14500,User14500,32,d30
14501,User14501,20,d10
14502,User14502,60,d20
14503,User14503,48,d40
14504,User14504,61,d10
14505,User14505,38,d10
14506,User14506,44,d10
14507,User14507,61,d20
14508,User14508,61,d10
14509,User14509,56,d40
14510,User14510,42,d20
14511,User14511,22,d30
14512,User14512,31,d40
14513,User14513,50,d20
14514,User14514,45,d10
14515,User14515,61,d20
14516,User14516,65,d10
14517,User14517,64,d10
14518,User14518,32,d40
14519,User14519,28,d20
14520,User14520,55,d10
14521,User14521,43,d20
14522,User14522,38,d10
14523,User14523,31,d40
14524,User14524,45,d40
14525,User14525,25,d40
14526,User14526,40,d10
14527,User14527,54,d20
14528,User14528,49,d40
14529,User14529,46,d10
14530,User14530,40,d30
14531,User14531,41,d10
14532,User14532,21,d20
14533,User14533,35,d30
14534,User14534,21,d30
14535,User14535,29,d10
14536,User14536,26,d10
14537,User14537,65,d40
14538,User14538,53,d20
14539,User14539,53,d40
14540,User14540,31,d10
14541,User14541,58,d30
14542,User14542,21,d30
14543,User14543,56,d20
14544,User14544,50,d30
14545,User14545,46,d40
14546,User14546,21,d40
14547,User14547,59,d20
14548,User14548,35,d10
14549,User14549,56,d10
14550,User14550,35,d20
14551,User14551,61,d40
14552,User14552,61,d40
14553,User14553,37,d30
14554,User14554,52,d10
14555,User14555,33,d20
14556,User14556,52,d40
14557,User14557,20,d10
14558,User14558,33,d10
14559,User14559,46,d20
14560,User14560,22,d20
14561,User14561,38,d10
14562,User14562,33,d10
14563,User14563,35,d20
14564,User14564,21,d40
14565,User14565,52,d10
14566,User14566,28,d30
14567,User14567,18,d20
14568,User14568,33,d10
14569,User14569,41,d20
14570,User14570,29,d20
14571,User14571,53,d10
14572,User14572,61,d20
14573,User14573,61,d10
14574,User14574,51,d40
14575,User14575,64,d10
14576,User14576,32,d40
14577,User14577,18,d40
14578,User14578,52,d20
14579,User14579,59,d10
14580,User14580,33,d40
14581,User14581,56,d40
14582,User14582,47,d10
14583,User14583,59,d30
14584,User14584,45,d40
14585,User14585,29,d40
14586,User14586,20,d10
14587,User14587,40,d10
14588,User14588,23,d20
14589,User14589,62,d30
14590,User14590,21,d10
14591,User14591,18,d40
14592,User14592,25,d40
14593,User14593,33,d40
14594,User14594,53,d30
14595,User14595,19,d30
14596,User14596,24,d30
14597,User14597,31,d20
14598,User14598,18,d40
14599,User14599,23,d30
14600,User14600,55,d10
14601,User14601,57,d10
14602,User14602,59,d30
14603,User14603,41,d30
14604,User14604,41,d30
14605,User14605,56,d40
14606,User14606,27,d40
14607,User14607,40,d40
14608,User14608,42,d30
14609,User14609,56,d10
14610,User14610,47,d20
14611,User14611,49,d40
14612,User14612,33,d10
14613,User14613,46,d40
14614,User14614,62,d10
14615,User14615,27,d40
14616,User14616,33,d40
14617,User14617,43,d30
14618,User14618,26,d10
14619,User14619,42,d40
14620,User14620,52,d40
14621,User14621,19,d20
14622,User14622,41,d30
14623,User14623,31,d40
14624,User14624,24,d40
14625,User14625,52,d20
14626,User14626,65,d40
14627,User14627,20,d30
14628,User14628,64,d20
14629,User14629,31,d20
14630,User14630,60,d30
14631,User14631,22,d40
14632,User14632,37,d30
14633,User14633,42,d40
14634,User14634,49,d20
14635,User14635,31,d40
14636,User14636,18,d20
14637,User14637,61,d30
14638,User14638,22,d10
14639,User14639,44,d40
14640,User14640,61,d10
14641,User14641,29,d30
14642,User14642,41,d10
14643,User14643,36,d20
14644,User14644,25,d20
14645,User14645,52,d40
14646,User14646,31,d40
14647,User14647,34,d40
14648,User14648,19,d40
14649,User14649,42,d30
14650,User14650,42,d30
14651,User14651,55,d40
14652,User14652,19,d40
14653,User14653,42,d20
14654,User14654,18,d20
14655,User14655,35,d10
14656,User14656,49,d20
14657,User14657,43,d20
14658,User14658,62,d20
14659,User14659,40,d10
14660,User14660,65,d20
14661,User14661,63,d20
14662,User14662,60,d10
14663,User14663,48,d20
14664,User14664,42,d10
14665,User14665,56,d30
14666,User14666,35,d20
14667,User14667,20,d10
14668,User14668,21,d30
14669,User14669,65,d40
14670,User14670,55,d20
14671,User14671,23,d10
14672,User14672,28,d40
14673,User14673,50,d20
14674,User14674,35,d20
14675,User14675,25,d40
14676,User14676,19,d20
14677,User14677,52,d10
14678,User14678,46,d10
14679,User14679,59,d40
14680,User14680,48,d10
14681,User14681,61,d30
14682,User14682,51,d40
14683,User14683,54,d30
14684,User14684,36,d40
14685,User14685,57,d40
14686,User14686,38,d10
14687,User14687,26,d20
14688,User14688,49,d10
14689,User14689,25,d10
14690,User14690,52,d30
14691,User14691,39,d40
14692,User14692,40,d40
14693,User14693,53,d10
14694,User14694,18,d10
14695,User14695,22,d40
14696,User14696,31,d40
14697,User14697,44,d30
14698,User14698,24,d20
14699,User14699,30,d40
14700,User14700,28,d10
14701,User14701,41,d40
14702,User14702,46,d30
14703,User14703,65,d20
14704,User14704,24,d40
14705,User14705,56,d40
14706,User14706,56,d30
14707,User14707,31,d40
14708,User14708,53,d40
14709,User14709,23,d10
14710,User14710,51,d20
14711,User14711,43,d10
14712,User14712,62,d20
14713,User14713,25,d10
14714,User14714,59,d20
14715,User14715,49,d10
14716,User14716,45,d10
14717,User14717,40,d40
14718,User14718,61,d20
14719,User14719,25,d20
14720,User14720,32,d40
14721,User14721,44,d20
14722,User14722,33,d10
14723,User14723,48,d10
14724,User14724,35,d30
14725,User14725,20,d10
14726,User14726,62,d30
14727,User14727,33,d10
14728,User14728,61,d40
14729,User14729,56,d20
14730,User14730,65,d30
14731,User14731,41,d30
14732,User14732,50,d30
14733,User14733,39,d20
14734,User14734,33,d40
14735,User14735,27,d10
14736,User14736,35,d40
14737,User14737,56,d20
14738,User14738,27,d20
14739,User14739,39,d30
14740,User14740,46,d10
14741,User14741,22,d30
14742,User14742,38,d20
14743,User14743,58,d10
14744,User14744,49,d30
14745,User14745,29,d40
14746,User14746,63,d10
14747,User14747,63,d20
14748,User14748,43,d20
14749,User14749,25,d10
14750,User14750,32,d40
14751,User14751,40,d30
14752,User14752,24,d30
14753,User14753,64,d20
14754,User14754,38,d30
14755,User14755,24,d20
14756,User14756,42,d30
14757,User14757,21,d20
14758,User14758,18,d20
14759,User14759,56,d40
14760,User14760,51,d40
14761,User14761,57,d30
14762,User14762,59,d10
14763,User14763,62,d40
14764,User14764,41,d30
14765,User14765,26,d40
14766,User14766,64,d30
14767,User14767,53,d10
14768,User14768,62,d20
14769,User14769,47,d10
14770,User14770,58,d40
14771,User14771,39,d20
14772,User14772,44,d10
14773,User14773,50,d40
14774,User14774,22,d10
14775,User14775,31,d20
14776,User14776,30,d40
14777,User14777,46,d40
14778,User14778,48,d10
14779,User14779,25,d20
14780,User14780,60,d40
14781,User14781,63,d20
14782,User14782,18,d30
14783,User14783,37,d20
14784,User14784,59,d20
14785,User14785,59,d20
14786,User14786,65,d20
14787,User14787,24,d30
14788,User14788,21,d20
14789,User14789,61,d40
14790,User14790,29,d20
14791,User14791,45,d20
14792,User14792,37,d30
14793,User14793,24,d10
14794,User14794,59,d10
14795,User14795,36,d30
14796,User14796,28,d30
14797,User14797,53,d30
14798,User14798,27,d30
14799,User14799,28,d10
14800,User14800,33,d30
14801,User14801,18,d30
14802,User14802,46,d30
14803,User14803,40,d40
14804,User14804,25,d10
14805,User14805,60,d40
14806,User14806,39,d10
14807,User14807,35,d40
14808,User14808,57,d10
14809,User14809,24,d30
14810,User14810,49,d30
14811,User14811,30,d30
14812,User14812,30,d10
14813,User14813,20,d40
14814,User14814,37,d30
14815,User14815,37,d20
14816,User14816,23,d30
14817,User14817,50,d10
14818,User14818,42,d20
14819,User14819,60,d10
14820,User14820,19,d10
14821,User14821,38,d20
14822,User14822,38,d40
14823,User14823,29,d30
14824,User14824,20,d20
14825,User14825,33,d20
14826,User14826,42,d40
14827,User14827,45,d40
14828,User14828,56,d40
14829,User14829,28,d20
14830,User14830,32,d30
14831,User14831,52,d20
14832,User14832,23,d40
14833,User14833,23,d30
14834,User14834,58,d10
14835,User14835,56,d20
14836,User14836,57,d10
14837,User14837,37,d20
14838,User14838,35,d20
14839,User14839,36,d20
14840,User14840,42,d10
14841,User14841,61,d40
14842,User14842,50,d20
14843,User14843,35,d20
14844,User14844,30,d40
14845,User14845,37,d20
14846,User14846,33,d20
14847,User14847,31,d30
14848,User14848,41,d40
14849,User14849,65,d10
14850,User14850,45,d40
14851,User14851,64,d30
14852,User14852,50,d10
14853,User14853,41,d40
14854,User14854,29,d30
14855,User14855,33,d30
14856,User14856,42,d20
14857,User14857,53,d20
14858,User14858,39,d30
14859,User14859,46,d10
14860,User14860,31,d30
14861,User14861,19,d30
14862,User14862,28,d30
14863,User14863,56,d30
14864,User14864,48,d30
14865,User14865,33,d10
14866,User14866,56,d40
14867,User14867,36,d40
14868,User14868,31,d30
14869,User14869,56,d30
14870,User14870,48,d10
14871,User14871,39,d40
14872,User14872,34,d10
14873,User14873,25,d40
14874,User14874,18,d20
14875,User14875,55,d10
14876,User14876,35,d30
14877,User14877,53,d20
14878,User14878,31,d40
14879,User14879,36,d30
14880,User14880,60,d40
14881,User14881,51,d40
14882,User14882,45,d40
14883,User14883,55,d40
14884,User14884,47,d30
14885,User14885,44,d10
14886,User14886,47,d10
14887,User14887,45,d10
14888,User14888,23,d10
14889,User14889,57,d30
14890,User14890,23,d40
14891,User14891,19,d10
14892,User14892,51,d20
14893,User14893,63,d30
14894,User14894,24,d40
14895,User14895,43,d30
14896,User14896,40,d40
14897,User14897,45,d40
14898,User14898,18,d30
14899,User14899,22,d30
14900,User14900,19,d40
14901,User14901,42,d10
14902,User14902,60,d40
14903,User14903,34,d30
14904,User14904,31,d20
14905,User14905,62,d30
14906,User14906,41,d20
14907,User14907,54,d40
14908,User14908,19,d30
14909,User14909,38,d30
14910,User14910,59,d10
14911,User14911,44,d30
14912,User14912,63,d40
14913,User14913,49,d20
14914,User14914,37,d30
14915,User14915,26,d10
14916,User14916,29,d30
14917,User14917,22,d40
14918,User14918,62,d40
14919,User14919,39,d20
14920,User14920,25,d40
14921,User14921,20,d30
14922,User14922,39,d20
14923,User14923,61,d10
14924,User14924,52,d20
14925,User14925,63,d30
14926,User14926,45,d40
14927,User14927,42,d20
14928,User14928,50,d30
14929,User14929,58,d10
14930,User14930,33,d40
14931,User14931,54,d30
14932,User14932,65,d20
14933,User14933,53,d40
14934,User14934,60,d10
14935,User14935,30,d40
14936,User14936,50,d30
14937,User14937,32,d30
14938,User14938,64,d10
14939,User14939,19,d10
14940,User14940,27,d10
14941,User14941,53,d40
14942,User14942,56,d40
14943,User14943,23,d30
14944,User14944,18,d20
14945,User14945,59,d30
14946,User14946,27,d30
14947,User14947,47,d40
14948,User14948,51,d30
14949,User14949,48,d40
14950,User14950,31,d10
14951,User14951,38,d40
14952,User14952,27,d40
14953,User14953,30,d10
14954,User14954,31,d40
14955,User14955,37,d30
14956,User14956,31,d30
14957,User14957,43,d30
14958,User14958,65,d40
14959,User14959,32,d20
14960,User14960,52,d10
14961,User14961,61,d10
14962,User14962,30,d20
14963,User14963,41,d20
14964,User14964,61,d40
14965,User14965,23,d40
14966,User14966,63,d40
14967,User14967,46,d10
14968,User14968,25,d20
14969,User14969,37,d40
14970,User14970,40,d30
14971,User14971,47,d40
14972,User14972,29,d40
14973,User14973,26,d40
14974,User14974,33,d40
14975,User14975,46,d40
14976,User14976,62,d30
14977,User14977,50,d10
14978,User14978,49,d40
14979,User14979,49,d30
14980,User14980,57,d30
14981,User14981,61,d30
14982,User14982,59,d30
14983,User14983,36,d20
14984,User14984,26,d30
14985,User14985,30,d30
14986,User14986,65,d40
14987,User14987,34,d40
14988,User14988,33,d10
14989,User14989,42,d40
14990,User14990,44,d40
14991,User14991,36,d40
14992,User14992,34,d10
14993,User14993,19,d20
14994,User14994,44,d40
14995,User14995,40,d40
14996,User14996,37,d10
14997,User14997,40,d40
14998,User14998,37,d20
14999,User14999,22,d10
15000,User15000,48,d30
15001,User15001,59,d20
15002,User15002,21,d20
15003,User15003,20,d10
15004,User15004,54,d10
15005,User15005,65,d30
15006,User15006,44,d10
15007,User15007,43,d30
15008,User15008,64,d30
15009,User15009,33,d20
15010,User15010,64,d30
15011,User15011,39,d30
15012,User15012,51,d20
15013,User15013,59,d30
15014,User15014,41,d40
15015,User15015,39,d20
15016,User15016,30,d20
15017,User15017,44,d20
15018,User15018,20,d40
15019,User15019,20,d10
15020,User15020,47,d30
15021,User15021,54,d10
15022,User15022,22,d10
15023,User15023,65,d10
15024,User15024,37,d20
15025,User15025,44,d30
15026,User15026,23,d10
15027,User15027,38,d40
15028,User15028,23,d10
15029,User15029,61,d10
15030,User15030,50,d30
15031,User15031,65,d20
15032,User15032,35,d40
15033,User15033,45,d40
15034,User15034,37,d10
15035,User15035,48,d30
15036,User15036,45,d40
15037,User15037,50,d10
15038,User15038,50,d40
15039,User15039,60,d40
15040,User15040,35,d10
15041,User15041,64,d40
15042,User15042,43,d40
15043,User15043,53,d40
15044,User15044,63,d20
15045,User15045,65,d10
15046,User15046,63,d30
15047,User15047,41,d20
15048,User15048,39,d40
15049,User15049,19,d30
15050,User15050,35,d10
15051,User15051,62,d20
15052,User15052,62,d20
15053,User15053,18,d20
15054,User15054,54,d20
15055,User15055,49,d20
15056,User15056,36,d40
15057,User15057,38,d10
15058,User15058,48,d30
15059,User15059,57,d20
15060,User15060,29,d40
15061,User15061,22,d20
15062,User15062,21,d30
15063,User15063,22,d30
15064,User15064,23,d20
15065,User15065,42,d40
15066,User15066,37,d10
15067,User15067,37,d40
15068,User15068,33,d40
15069,User15069,53,d20
15070,User15070,34,d10
15071,User15071,64,d40
15072,User15072,28,d30
15073,User15073,47,d30
15074,User15074,37,d30
15075,User15075,18,d20
15076,User15076,38,d20
15077,User15077,36,d30
15078,User15078,19,d10
15079,User15079,64,d20
15080,User15080,50,d20
15081,User15081,59,d40
15082,User15082,40,d20
15083,User15083,52,d10
15084,User15084,44,d40
15085,User15085,49,d30
15086,User15086,37,d40
15087,User15087,31,d10
15088,User15088,31,d10
15089,User15089,22,d30
15090,User15090,18,d20
15091,User15091,40,d20
15092,User15092,30,d30
15093,User15093,44,d30
15094,User15094,52,d30
15095,User15095,40,d10
15096,User15096,57,d20
15097,User15097,58,d30
15098,User15098,62,d20
15099,User15099,49,d10
15100,User15100,39,d30
15101,User15101,54,d10
15102,User15102,63,d30
15103,User15103,28,d10
15104,User15104,39,d40
15105,User15105,51,d30
15106,User15106,42,d10
15107,User15107,40,d40
15108,User15108,31,d20
15109,User15109,24,d20
15110,User15110,37,d20
15111,User15111,53,d10
15112,User15112,64,d10
15113,User15113,30,d10
15114,User15114,34,d10
15115,User15115,30,d40
15116,User15116,26,d30
15117,User15117,37,d20
15118,User15118,24,d20
15119,User15119,54,d30
15120,User15120,65,d40
15121,User15121,21,d20
15122,User15122,29,d10
15123,User15123,50,d10
15124,User15124,27,d30
15125,User15125,30,d40
15126,User15126,23,d30
15127,User15127,36,d10
15128,User15128,23,d40
15129,User15129,33,d20
15130,User15130,39,d10
15131,User15131,41,d30
15132,User15132,21,d20
15133,User15133,38,d10
15134,User15134,20,d20
15135,User15135,21,d20
15136,User15136,36,d30
15137,User15137,46,d10
15138,User15138,52,d40
15139,User15139,60,d10
15140,User15140,21,d10
15141,User15141,41,d40
15142,User15142,60,d30
15143,User15143,38,d30
15144,User15144,44,d40
15145,User15145,33,d40
15146,User15146,38,d30
15147,User15147,25,d30
15148,User15148,56,d20
15149,User15149,27,d10
15150,User15150,57,d40
15151,User15151,39,d30
15152,User15152,21,d20
15153,User15153,37,d40
15154,User15154,57,d10
15155,User15155,19,d10
15156,User15156,24,d40
15157,User15157,59,d40
15158,User15158,62,d40
15159,User15159,19,d10
15160,User15160,62,d10
15161,User15161,28,d20
15162,User15162,26,d30
15163,User15163,43,d10
15164,User15164,44,d20
15165,User15165,27,d20
15166,User15166,58,d10
15167,User15167,40,d40
15168,User15168,28,d40
15169,User15169,57,d40
15170,User15170,27,d40
15171,User15171,51,d10
15172,User15172,58,d20
15173,User15173,49,d30
15174,User15174,65,d10
15175,User15175,18,d10
15176,User15176,54,d30
15177,User15177,26,d20
15178,User15178,49,d30
15179,User15179,26,d20
15180,User15180,21,d40
15181,User15181,28,d20
15182,User15182,19,d20
15183,User15183,59,d10
15184,User15184,35,d40
15185,User15185,57,d30
15186,User15186,65,d40
15187,User15187,34,d20
15188,User15188,53,d20
15189,User15189,25,d40
15190,User15190,57,d20
15191,User15191,23,d30
15192,User15192,39,d30
15193,User15193,63,d20
15194,User15194,39,d10
15195,User15195,63,d10
15196,User15196,58,d20
15197,User15197,19,d40
15198,User15198,20,d40
15199,User15199,53,d30
15200,User15200,29,d10
15201,User15201,34,d20
15202,User15202,44,d10
15203,User15203,37,d30
15204,User15204,34,d40
15205,User15205,43,d40
15206,User15206,20,d30
15207,User15207,34,d10
15208,User15208,58,d10
15209,User15209,45,d30
15210,User15210,62,d40
15211,User15211,31,d30
15212,User15212,24,d10
15213,User15213,39,d40
15214,User15214,45,d30
15215,User15215,32,d20
15216,User15216,51,d40
15217,User15217,64,d40
15218,User15218,40,d40
15219,User15219,62,d40
15220,User15220,22,d20
15221,User15221,42,d20
15222,User15222,44,d10
15223,User15223,26,d20
15224,User15224,23,d10
15225,User15225,64,d10
15226,User15226,53,d20
15227,User15227,18,d40
15228,User15228,48,d30
15229,User15229,60,d30
15230,User15230,23,d40
15231,User15231,31,d10
15232,User15232,31,d10
15233,User15233,25,d30
15234,User15234,51,d30
15235,User15235,64,d30
15236,User15236,53,d20
15237,User15237,63,d20
15238,User15238,37,d30
15239,User15239,55,d10
15240,User15240,34,d10
15241,User15241,54,d40
15242,User15242,41,d10
15243,User15243,37,d20
15244,User15244,26,d40
15245,User15245,55,d20
15246,User15246,23,d30
15247,User15247,48,d40
15248,User15248,58,d20
15249,User15249,54,d10
15250,User15250,64,d30
15251,User15251,26,d20
15252,User15252,49,d40
15253,User15253,53,d10
15254,User15254,50,d30
15255,User15255,58,d40
15256,User15256,39,d40
15257,User15257,62,d40
15258,User15258,55,d20
15259,User15259,41,d20
15260,User15260,28,d20
15261,User15261,63,d20
15262,User15262,25,d10
15263,User15263,27,d20
15264,User15264,41,d20
15265,User15265,20,d20
15266,User15266,50,d40
15267,User15267,45,d30
15268,User15268,61,d30
15269,User15269,49,d40
15270,User15270,58,d40
15271,User15271,50,d40
15272,User15272,57,d10
15273,User15273,35,d40
15274,User15274,53,d30
15275,User15275,48,d20
15276,User15276,64,d30
15277,User15277,54,d30
15278,User15278,54,d30
15279,User15279,39,d40
15280,User15280,23,d20
15281,User15281,40,d20
15282,User15282,23,d20
15283,User15283,38,d40
15284,User15284,61,d30
15285,User15285,56,d30
15286,User15286,50,d20
15287,User15287,35,d40
15288,User15288,35,d40
15289,User15289,61,d10
15290,User15290,63,d10
15291,User15291,51,d30
15292,User15292,61,d40
15293,User15293,45,d20
15294,User15294,38,d40
15295,User15295,65,d10
15296,User15296,57,d10
15297,User15297,45,d40
15298,User15298,39,d30
15299,User15299,35,d20
15300,User15300,40,d40
15301,User15301,22,d30
15302,User15302,59,d30
15303,User15303,37,d40
15304,User15304,57,d10
15305,User15305,46,d40
15306,User15306,33,d40
15307,User15307,21,d10
15308,User15308,40,d20
15309,User15309,21,d20
15310,User15310,43,d10
15311,User15311,20,d20
15312,User15312,65,d10
15313,User15313,54,d30
15314,User15314,59,d40
15315,User15315,29,d20
15316,User15316,27,d30
15317,User15317,51,d20
15318,User15318,52,d30
15319,User15319,37,d20
15320,User15320,48,d20
15321,User15321,44,d40
15322,User15322,54,d10
15323,User15323,45,d30
15324,User15324,23,d10
15325,User15325,35,d10
15326,User15326,31,d10
15327,User15327,37,d20
15328,User15328,22,d10
15329,User15329,32,d30
15330,User15330,65,d40
15331,User15331,41,d20
15332,User15332,43,d40
15333,User15333,24,d40
15334,User15334,38,d30
15335,User15335,35,d30
15336,User15336,19,d40
15337,User15337,33,d30
15338,User15338,43,d20
15339,User15339,57,d10
15340,User15340,49,d40
15341,User15341,65,d30
15342,User15342,58,d40
15343,User15343,49,d20
15344,User15344,21,d20
15345,User15345,65,d30
15346,User15346,43,d20
15347,User15347,57,d30
15348,User15348,24,d10
15349,User15349,63,d20
15350,User15350,44,d30
15351,User15351,65,d40
15352,User15352,50,d20
15353,User15353,65,d30
15354,User15354,28,d10
15355,User15355,40,d10
15356,User15356,64,d30
15357,User15357,53,d20
15358,User15358,19,d20
15359,User15359,47,d40
15360,User15360,38,d30
15361,User15361,23,d20
15362,User15362,42,d20
15363,User15363,44,d20
15364,User15364,31,d30
15365,User15365,43,d30
15366,User15366,59,d40
15367,User15367,36,d30
15368,User15368,18,d40
15369,User15369,53,d40
15370,User15370,48,d10
15371,User15371,23,d30
15372,User15372,56,d10
15373,User15373,47,d10
15374,User15374,41,d40
15375,User15375,22,d30
15376,User15376,54,d20
15377,User15377,37,d30
15378,User15378,37,d10
15379,User15379,39,d20
15380,User15380,61,d20
15381,User15381,45,d10
15382,User15382,57,d30
15383,User15383,51,d20
15384,User15384,51,d20
15385,User15385,60,d30
15386,User15386,35,d40
15387,User15387,46,d40
15388,User15388,40,d40
15389,User15389,38,d40
15390,User15390,48,d10
15391,User15391,41,d10
15392,User15392,37,d30
15393,User15393,59,d30
15394,User15394,58,d20
15395,User15395,32,d30
15396,User15396,52,d40
15397,User15397,60,d40
15398,User15398,24,d40
15399,User15399,44,d30
15400,User15400,27,d20
15401,User15401,55,d10
15402,User15402,57,d30
15403,User15403,49,d10
15404,User15404,62,d40
15405,User15405,37,d20
15406,User15406,40,d10
15407,User15407,41,d20
15408,User15408,47,d40
15409,User15409,21,d10
15410,User15410,25,d10
15411,User15411,39,d10
15412,User15412,47,d30
15413,User15413,32,d40
15414,User15414,57,d30
15415,User15415,33,d30
15416,User15416,60,d10
15417,User15417,62,d30
15418,User15418,26,d40
15419,User15419,40,d20
15420,User15420,47,d30
15421,User15421,43,d30
15422,User15422,24,d30
15423,User15423,39,d20
15424,User15424,59,d30
15425,User15425,37,d40
15426,User15426,43,d10
15427,User15427,59,d30
15428,User15428,47,d30
15429,User15429,57,d20
15430,User15430,27,d30
15431,User15431,27,d20
15432,User15432,41,d30
15433,User15433,53,d30
15434,User15434,61,d10
15435,User15435,49,d30
15436,User15436,49,d30
15437,User15437,50,d30
15438,User15438,59,d10
15439,User15439,43,d40
15440,User15440,27,d10
15441,User15441,58,d30
15442,User15442,30,d10
15443,User15443,28,d40
15444,User15444,31,d20
15445,User15445,46,d30
15446,User15446,37,d10
15447,User15447,47,d10
15448,User15448,34,d10
15449,User15449,55,d40
15450,User15450,58,d40
15451,User15451,34,d10
15452,User15452,60,d40
15453,User15453,64,d40
15454,User15454,36,d20
15455,User15455,53,d10
15456,User15456,63,d30
15457,User15457,54,d30
15458,User15458,20,d30
15459,User15459,49,d20
15460,User15460,41,d30
15461,User15461,20,d40
15462,User15462,47,d10
15463,User15463,30,d10
15464,User15464,24,d40
15465,User15465,22,d10
15466,User15466,40,d40
15467,User15467,60,d10
15468,User15468,24,d10
15469,User15469,65,d40
15470,User15470,42,d10
15471,User15471,54,d40
15472,User15472,54,d30
15473,User15473,49,d10
15474,User15474,62,d40
15475,User15475,51,d20
15476,User15476,38,d30
15477,User15477,43,d10
15478,User15478,25,d20
15479,User15479,55,d30
15480,User15480,60,d20
15481,User15481,46,d40
15482,User15482,61,d40
15483,User15483,40,d20
15484,User15484,45,d20
15485,User15485,33,d40
15486,User15486,61,d30
15487,User15487,63,d30
15488,User15488,20,d40
15489,User15489,21,d40
15490,User15490,26,d40
15491,User15491,52,d20
15492,User15492,35,d20
15493,User15493,31,d10
15494,User15494,40,d20
15495,User15495,30,d10
15496,User15496,22,d10
15497,User15497,30,d30
15498,User15498,56,d10
15499,User15499,37,d40
15500,User15500,49,d20
15501,User15501,57,d30
15502,User15502,45,d20
15503,User15503,61,d40
15504,User15504,38,d20
15505,User15505,63,d40
15506,User15506,46,d40
15507,User15507,62,d10
15508,User15508,51,d30
15509,User15509,30,d10
15510,User15510,60,d10
15511,User15511,47,d10
15512,User15512,41,d20
15513,User15513,41,d40
15514,User15514,42,d20
15515,User15515,50,d10
15516,User15516,39,d20
15517,User15517,60,d20
15518,User15518,33,d40
15519,User15519,55,d40
15520,User15520,63,d30
15521,User15521,27,d10
15522,User15522,45,d40
15523,User15523,23,d10
15524,User15524,61,d20
15525,User15525,30,d20
15526,User15526,22,d20
15527,User15527,58,d30
15528,User15528,38,d20
15529,User15529,42,d20
15530,User15530,24,d10
15531,User15531,59,d40
15532,User15532,39,d20
15533,User15533,43,d30
15534,User15534,46,d30
15535,User15535,58,d30
15536,User15536,42,d30
15537,User15537,62,d30
15538,User15538,29,d20
15539,User15539,61,d30
15540,User15540,35,d30
15541,User15541,22,d30
15542,User15542,51,d10
15543,User15543,62,d10
15544,User15544,23,d30
15545,User15545,42,d20
15546,User15546,30,d40
15547,User15547,61,d10
15548,User15548,27,d30
15549,User15549,31,d10
15550,User15550,62,d10
15551,User15551,46,d20
15552,User15552,50,d40
15553,User15553,24,d30
15554,User15554,49,d30
15555,User15555,34,d10
15556,User15556,60,d40
15557,User15557,28,d20
15558,User15558,22,d10
15559,User15559,60,d30
15560,User15560,30,d20
15561,User15561,38,d20
15562,User15562,21,d30
15563,User15563,25,d10
15564,User15564,46,d20
15565,User15565,52,d20
15566,User15566,42,d20
15567,User15567,30,d10
15568,User15568,50,d10
15569,User15569,43,d40
15570,User15570,47,d30
15571,User15571,20,d40
15572,User15572,44,d10
15573,User15573,45,d40
15574,User15574,52,d10
15575,User15575,47,d20
15576,User15576,27,d40
15577,User15577,18,d30
15578,User15578,44,d40
15579,User15579,62,d40
15580,User15580,58,d10
15581,User15581,29,d40
15582,User15582,49,d10
15583,User15583,20,d20
15584,User15584,52,d30
15585,User15585,53,d40
15586,User15586,60,d10
15587,User15587,24,d30
15588,User15588,54,d40
15589,User15589,20,d20
15590,User15590,60,d20
15591,User15591,42,d20
15592,User15592,59,d30
15593,User15593,43,d30
15594,User15594,57,d30
15595,User15595,47,d40
15596,User15596,24,d30
15597,User15597,43,d10
15598,User15598,38,d10
15599,User15599,56,d20
15600,User15600,42,d10
15601,User15601,54,d30
15602,User15602,54,d10
15603,User15603,59,d40
15604,User15604,32,d10
15605,User15605,26,d30
15606,User15606,60,d30
15607,User15607,63,d10
15608,User15608,61,d40
15609,User15609,25,d10
15610,User15610,65,d10
15611,User15611,53,d30
15612,User15612,30,d10
15613,User15613,52,d40
15614,User15614,55,d20
15615,User15615,47,d40
15616,User15616,47,d10
15617,User15617,29,d30
15618,User15618,39,d10
15619,User15619,22,d20
15620,User15620,58,d20
15621,User15621,64,d40
15622,User15622,39,d20
15623,User15623,43,d20
15624,User15624,26,d10
15625,User15625,25,d20
15626,User15626,54,d40
15627,User15627,53,d10
15628,User15628,41,d40
15629,User15629,50,d30
15630,User15630,27,d10
15631,User15631,30,d20
15632,User15632,52,d30
15633,User15633,50,d20
15634,User15634,30,d30
15635,User15635,18,d10
15636,User15636,41,d40
15637,User15637,33,d40
15638,User15638,23,d30
15639,User15639,37,d40
15640,User15640,34,d30
15641,User15641,54,d40
15642,User15642,62,d20
15643,User15643,25,d30
15644,User15644,28,d10
15645,User15645,37,d10
15646,User15646,23,d10
15647,User15647,52,d20
15648,User15648,30,d20
15649,User15649,54,d10
15650,User15650,41,d30
15651,User15651,54,d40
15652,User15652,32,d10
15653,User15653,56,d30
15654,User15654,24,d40
15655,User15655,49,d40
15656,User15656,49,d10
15657,User15657,30,d10
15658,User15658,40,d10
15659,User15659,50,d40
15660,User15660,21,d40
15661,User15661,22,d30
15662,User15662,34,d20
15663,User15663,18,d40
15664,User15664,23,d30
15665,User15665,34,d40
15666,User15666,58,d20
15667,User15667,31,d30
15668,User15668,46,d20
15669,User15669,53,d40
15670,User15670,25,d30
15671,User15671,43,d40
15672,User15672,47,d40
15673,User15673,21,d40
15674,User15674,42,d10
15675,User15675,32,d30
15676,User15676,38,d30
15677,User15677,61,d40
15678,User15678,23,d20
15679,User15679,33,d40
15680,User15680,32,d10
15681,User15681,29,d20
15682,User15682,55,d30
15683,User15683,65,d40
15684,User15684,39,d40
15685,User15685,34,d40
15686,User15686,25,d30
15687,User15687,37,d10
15688,User15688,52,d30
15689,User15689,55,d10
15690,User15690,62,d30
15691,User15691,64,d40
15692,User15692,25,d20
15693,User15693,40,d10
15694,User15694,19,d40
15695,User15695,36,d30
15696,User15696,48,d20
15697,User15697,47,d10
15698,User15698,55,d30
15699,User15699,48,d30
15700,User15700,25,d40
15701,User15701,24,d10
15702,User15702,48,d10
15703,User15703,43,d40
15704,User15704,46,d30
15705,User15705,36,d30
15706,User15706,44,d30
15707,User15707,47,d30
15708,User15708,50,d20
15709,User15709,27,d40
15710,User15710,42,d20
15711,User15711,36,d20
15712,User15712,35,d30
15713,User15713,31,d10
15714,User15714,56,d10
15715,User15715,61,d30
15716,User15716,51,d40
15717,User15717,65,d30
15718,User15718,18,d40
15719,User15719,42,d40
15720,User15720,59,d20
15721,User15721,22,d40
15722,User15722,51,d20
15723,User15723,44,d20
15724,User15724,20,d40
15725,User15725,46,d40
15726,User15726,46,d40
15727,User15727,47,d30
15728,User15728,59,d10
15729,User15729,54,d20
15730,User15730,27,d40
15731,User15731,32,d40
15732,User15732,47,d40
15733,User15733,65,d20
15734,User15734,22,d40
15735,User15735,21,d10
15736,User15736,33,d40
15737,User15737,25,d30
15738,User15738,53,d20
15739,User15739,29,d40
15740,User15740,60,d20
15741,User15741,44,d10
15742,User15742,36,d20
15743,User15743,28,d20
15744,User15744,30,d20
15745,User15745,21,d20
15746,User15746,31,d20
15747,User15747,34,d20
15748,User15748,42,d30
15749,User15749,43,d10
15750,User15750,42,d10
15751,User15751,63,d30
15752,User15752,61,d20
15753,User15753,43,d10
15754,User15754,59,d30
15755,User15755,30,d20
15756,User15756,46,d30
15757,User15757,38,d40
15758,User15758,56,d20
15759,User15759,23,d30
15760,User15760,50,d20
15761,User15761,33,d30
15762,User15762,63,d40
15763,User15763,20,d10
15764,User15764,34,d40
15765,User15765,51,d30
15766,User15766,36,d30
15767,User15767,39,d40
15768,User15768,24,d20
15769,User15769,55,d10
15770,User15770,34,d10
15771,User15771,41,d20
15772,User15772,37,d30
15773,User15773,51,d20
15774,User15774,38,d10
15775,User15775,46,d20
15776,User15776,37,d40
15777,User15777,41,d20
15778,User15778,19,d30
15779,User15779,53,d40
15780,User15780,53,d40
15781,User15781,52,d40
15782,User15782,19,d40
15783,User15783,20,d20
15784,User15784,64,d20
15785,User15785,28,d20
15786,User15786,33,d10
15787,User15787,48,d10
15788,User15788,23,d10
15789,User15789,53,d30
15790,User15790,44,d40
15791,User15791,55,d20
15792,User15792,52,d20
15793,User15793,54,d40
15794,User15794,28,d40
15795,User15795,30,d40
15796,User15796,34,d10
15797,User15797,37,d20
15798,User15798,44,d30
15799,User15799,54,d20
15800,User15800,48,d10
15801,User15801,37,d40
15802,User15802,25,d30
15803,User15803,18,d40
15804,User15804,30,d20
15805,User15805,52,d20
15806,User15806,48,d10
15807,User15807,19,d10
15808,User15808,23,d30
15809,User15809,29,d10
15810,User15810,37,d40
15811,User15811,61,d30
15812,User15812,27,d10
15813,User15813,27,d10
15814,User15814,64,d20
15815,User15815,23,d10
15816,User15816,41,d40
15817,User15817,41,d30
15818,User15818,22,d30
15819,User15819,35,d40
15820,User15820,57,d40
15821,User15821,60,d20
15822,User15822,21,d10
15823,User15823,43,d30
15824,User15824,26,d40
15825,User15825,38,d40
15826,User15826,24,d10
15827,User15827,28,d30
15828,User15828,61,d40
15829,User15829,34,d40
15830,User15830,28,d30
15831,User15831,32,d10
15832,User15832,21,d40
15833,User15833,52,d40
15834,User15834,36,d30
15835,User15835,30,d20
15836,User15836,54,d10
15837,User15837,50,d30
15838,User15838,27,d40
15839,User15839,62,d20
15840,User15840,43,d20
15841,User15841,45,d10
15842,User15842,23,d10
15843,User15843,39,d30
15844,User15844,56,d40
15845,User15845,32,d20
15846,User15846,43,d20
15847,User15847,22,d40
15848,User15848,65,d30
15849,User15849,50,d30
15850,User15850,57,d10
15851,User15851,18,d40
15852,User15852,41,d10
15853,User15853,64,d10
15854,User15854,54,d10
15855,User15855,49,d40
15856,User15856,60,d40
15857,User15857,19,d20
15858,User15858,40,d20
15859,User15859,54,d10
15860,User15860,20,d20
15861,User15861,53,d10
15862,User15862,53,d20
15863,User15863,26,d30
15864,User15864,32,d20
15865,User15865,54,d20
15866,User15866,18,d40
15867,User15867,54,d30
15868,User15868,48,d20
15869,User15869,50,d30
15870,User15870,55,d20
15871,User15871,39,d10
15872,User15872,38,d30
15873,User15873,22,d10
15874,User15874,31,d40
15875,User15875,23,d40
15876,User15876,56,d30
15877,User15877,19,d20
15878,User15878,39,d40
15879,User15879,37,d40
15880,User15880,37,d10
15881,User15881,37,d20
15882,User15882,33,d40
15883,User15883,28,d40
15884,User15884,26,d40
15885,User15885,56,d30
15886,User15886,51,d10
15887,User15887,62,d20
15888,User15888,29,d10
15889,User15889,59,d30
15890,User15890,64,d40
15891,User15891,33,d40
15892,User15892,63,d40
15893,User15893,48,d40
15894,User15894,34,d20
15895,User15895,30,d30
15896,User15896,30,d30
15897,User15897,37,d30
15898,User15898,51,d40
15899,User15899,28,d40
15900,User15900,41,d40
15901,User15901,25,d40
15902,User15902,43,d30
15903,User15903,32,d30
15904,User15904,28,d10
15905,User15905,32,d10
15906,User15906,52,d30
15907,User15907,59,d10
15908,User15908,26,d30
15909,User15909,48,d30
15910,User15910,21,d40
15911,User15911,64,d10
15912,User15912,54,d10
15913,User15913,18,d30
15914,User15914,44,d10
15915,User15915,48,d30
15916,User15916,48,d20
15917,User15917,26,d40
15918,User15918,28,d30
15919,User15919,42,d40
15920,User15920,26,d20
15921,User15921,34,d30
15922,User15922,20,d20
15923,User15923,44,d20
15924,User15924,21,d20
15925,User15925,63,d10
15926,User15926,58,d30
15927,User15927,24,d10
15928,User15928,27,d30
15929,User15929,33,d40
15930,User15930,63,d10
15931,User15931,47,d10
15932,User15932,29,d20
15933,User15933,37,d40
15934,User15934,34,d10
15935,User15935,39,d40
15936,User15936,54,d40
15937,User15937,18,d10
15938,User15938,51,d10
15939,User15939,26,d30
15940,User15940,31,d20
15941,User15941,57,d30
15942,User15942,46,d30
15943,User15943,28,d30
15944,User15944,54,d20
15945,User15945,59,d20
15946,User15946,57,d30
15947,User15947,61,d40
15948,User15948,62,d40
15949,User15949,48,d40
15950,User15950,40,d10
15951,User15951,56,d20
15952,User15952,28,d10
15953,User15953,45,d20
15954,User15954,65,d20
15955,User15955,47,d30
15956,User15956,43,d20
15957,User15957,18,d30
15958,User15958,64,d10
15959,User15959,27,d20
15960,User15960,54,d10
15961,User15961,63,d10
15962,User15962,45,d10
15963,User15963,47,d30
15964,User15964,22,d40
15965,User15965,37,d30
15966,User15966,46,d20
15967,User15967,33,d40
15968,User15968,38,d30
15969,User15969,60,d30
15970,User15970,63,d10
15971,User15971,29,d30
15972,User15972,25,d20
15973,User15973,57,d40
15974,User15974,56,d40
15975,User15975,64,d20
15976,User15976,65,d10
15977,User15977,46,d40
15978,User15978,35,d30
15979,User15979,57,d20
15980,User15980,37,d20
15981,User15981,61,d20
15982,User15982,55,d40
15983,User15983,35,d10
15984,User15984,31,d30
15985,User15985,62,d20
15986,User15986,29,d30
15987,User15987,53,d40
15988,User15988,39,d20
15989,User15989,30,d40
15990,User15990,50,d20
15991,User15991,32,d10
15992,User15992,19,d20
15993,User15993,32,d40
15994,User15994,39,d30
15995,User15995,58,d20
15996,User15996,21,d20
15997,User15997,32,d20
15998,User15998,37,d40
15999,User15999,29,d10
16000,User16000,36,d20
16001,User16001,34,d40
16002,User16002,58,d10
16003,User16003,30,d30
16004,User16004,28,d40
16005,User16005,33,d10
16006,User16006,40,d20
16007,User16007,38,d10
16008,User16008,43,d10
16009,User16009,26,d10
16010,User16010,26,d20
16011,User16011,24,d30
16012,User16012,49,d10
16013,User16013,41,d10
16014,User16014,38,d30
16015,User16015,21,d40
16016,User16016,58,d30
16017,User16017,35,d10
16018,User16018,27,d20
16019,User16019,39,d30
16020,User16020,37,d40
16021,User16021,23,d10
16022,User16022,41,d20
16023,User16023,23,d30
16024,User16024,38,d20
16025,User16025,50,d20
16026,User16026,49,d10
16027,User16027,55,d10
16028,User16028,33,d10
16029,User16029,19,d30
16030,User16030,63,d30
16031,User16031,64,d20
16032,User16032,57,d30
16033,User16033,22,d30
16034,User16034,25,d40
16035,User16035,62,d30
16036,User16036,38,d40
16037,User16037,49,d30
16038,User16038,43,d10
16039,User16039,32,d40
16040,User16040,50,d20
16041,User16041,35,d20
16042,User16042,33,d40
16043,User16043,45,d10
16044,User16044,65,d10
16045,User16045,26,d40
16046,User16046,60,d10
16047,User16047,63,d30
16048,User16048,33,d40
16049,User16049,26,d30
16050,User16050,18,d10
16051,User16051,45,d40
16052,User16052,38,d10
16053,User16053,36,d10
16054,User16054,21,d20
16055,User16055,56,d30
16056,User16056,50,d40
16057,User16057,60,d30
16058,User16058,56,d40
16059,User16059,47,d40
16060,User16060,37,d10
16061,User16061,61,d20
16062,User16062,62,d20
16063,User16063,19,d40
16064,User16064,65,d10
16065,User16065,24,d10
16066,User16066,23,d10
16067,User16067,44,d30
16068,User16068,21,d10
16069,User16069,56,d20
16070,User16070,49,d20
16071,User16071,52,d10
16072,User16072,20,d20
16073,User16073,43,d30
16074,User16074,42,d10
16075,User16075,53,d20
16076,User16076,44,d10
16077,User16077,63,d40
16078,User16078,23,d30
16079,User16079,44,d30
16080,User16080,40,d10
16081,User16081,60,d10
16082,User16082,39,d40
16083,User16083,53,d40
16084,User16084,42,d20
16085,User16085,29,d40
16086,User16086,18,d10
16087,User16087,27,d40
16088,User16088,28,d40
16089,User16089,64,d10
16090,User16090,61,d10
16091,User16091,46,d30
16092,User16092,58,d20
16093,User16093,47,d20
16094,User16094,40,d20
16095,User16095,36,d40
16096,User16096,47,d10
16097,User16097,64,d20
16098,User16098,52,d10
16099,User16099,21,d20
16100,User16100,56,d40
16101,User16101,51,d40
16102,User16102,24,d30
16103,User16103,40,d30
16104,User16104,56,d30
16105,User16105,44,d20
16106,User16106,23,d40
16107,User16107,42,d30
16108,User16108,34,d40
16109,User16109,45,d10
16110,User16110,51,d40
16111,User16111,46,d40
16112,User16112,22,d30
16113,User16113,49,d30
16114,User16114,23,d10
16115,User16115,37,d40
16116,User16116,45,d30
16117,User16117,40,d10
16118,User16118,43,d30
16119,User16119,37,d20
16120,User16120,23,d20
16121,User16121,58,d10
16122,User16122,31,d40
16123,User16123,19,d20
16124,User16124,26,d10
16125,User16125,51,d30
16126,User16126,45,d30
16127,User16127,31,d30
16128,User16128,48,d20
16129,User16129,48,d40
16130,User16130,19,d20
16131,User16131,24,d20
16132,User16132,49,d40
16133,User16133,24,d40
16134,User16134,44,d20
16135,User16135,41,d10
16136,User16136,53,d30
16137,User16137,61,d40
16138,User16138,18,d20
16139,User16139,27,d10
16140,User16140,60,d30
16141,User16141,26,d10
16142,User16142,36,d30
16143,User16143,38,d30
16144,User16144,60,d10
16145,User16145,39,d10
16146,User16146,55,d30
16147,User16147,50,d10
16148,User16148,60,d10
16149,User16149,54,d20
16150,User16150,43,d40
16151,User16151,33,d40
16152,User16152,26,d40
16153,User16153,42,d30
16154,User16154,43,d10
16155,User16155,18,d20
16156,User16156,36,d20
16157,User16157,51,d20
16158,User16158,60,d20
16159,User16159,19,d10
16160,User16160,55,d10
16161,User16161,36,d10
16162,User16162,38,d20
16163,User16163,57,d20
16164,User16164,57,d30
16165,User16165,19,d20
16166,User16166,62,d40
16167,User16167,24,d30
16168,User16168,54,d40
16169,User16169,38,d40
16170,User16170,44,d30
16171,User16171,27,d40
16172,User16172,62,d40
16173,User16173,40,d20
16174,User16174,51,d10
16175,User16175,28,d40
16176,User16176,39,d20
16177,User16177,46,d20
16178,User16178,58,d30
16179,User16179,21,d40
16180,User16180,28,d10
16181,User16181,33,d20
16182,User16182,26,d10
16183,User16183,36,d20
16184,User16184,41,d10
16185,User16185,65,d40
16186,User16186,46,d40
16187,User16187,29,d10
16188,User16188,23,d30
16189,User16189,51,d30
16190,User16190,34,d10
16191,User16191,51,d10
16192,User16192,50,d20
16193,User16193,39,d10
16194,User16194,44,d10
16195,User16195,45,d40
16196,User16196,63,d10
16197,User16197,29,d10
16198,User16198,55,d20
16199,User16199,49,d20
16200,User16200,35,d30
16201,User16201,58,d40
16202,User16202,55,d10
16203,User16203,30,d40
16204,User16204,23,d40
16205,User16205,26,d30
16206,User16206,43,d40
16207,User16207,53,d30
16208,User16208,37,d30
16209,User16209,27,d30
16210,User16210,27,d10
16211,User16211,34,d20
16212,User16212,34,d20
16213,User16213,30,d40
16214,User16214,33,d10
16215,User16215,33,d40
16216,User16216,22,d40
16217,User16217,41,d30
16218,User16218,32,d10
16219,User16219,25,d10
16220,User16220,62,d10
16221,User16221,42,d20
16222,User16222,58,d40
16223,User16223,34,d10
16224,User16224,56,d10
16225,User16225,60,d20
16226,User16226,18,d40
16227,User16227,23,d40
16228,User16228,34,d10
16229,User16229,23,d40
16230,User16230,24,d10
16231,User16231,64,d20
16232,User16232,42,d30
16233,User16233,37,d20
16234,User16234,44,d40
16235,User16235,36,d20
16236,User16236,20,d10
16237,User16237,34,d20
16238,User16238,35,d10
16239,User16239,30,d10
16240,User16240,51,d10
16241,User16241,25,d10
16242,User16242,37,d10
16243,User16243,39,d10
16244,User16244,62,d10
16245,User16245,28,d20
16246,User16246,58,d30
16247,User16247,46,d10
16248,User16248,37,d10
16249,User16249,46,d30
16250,User16250,50,d10
16251,User16251,44,d30
16252,User16252,54,d10
16253,User16253,21,d30
16254,User16254,47,d40
16255,User16255,36,d10
16256,User16256,51,d40
16257,User16257,22,d20
16258,User16258,30,d10
16259,User16259,34,d10
16260,User16260,42,d30
16261,User16261,38,d30
16262,User16262,26,d40
16263,User16263,47,d20
16264,User16264,60,d30
16265,User16265,56,d40
16266,User16266,21,d30
16267,User16267,64,d40
16268,User16268,19,d30
16269,User16269,31,d20
16270,User16270,34,d40
16271,User16271,57,d30
16272,User16272,18,d40
16273,User16273,33,d20
16274,User16274,63,d10
16275,User16275,43,d20
16276,User16276,23,d30
16277,User16277,58,d20
16278,User16278,37,d40
16279,User16279,18,d10
16280,User16280,19,d40
16281,User16281,28,d20
16282,User16282,46,d40
16283,User16283,32,d30
16284,User16284,62,d10
16285,User16285,40,d10
16286,User16286,43,d40
16287,User16287,23,d20
16288,User16288,23,d10
16289,User16289,52,d10
16290,User16290,59,d40
16291,User16291,36,d30
16292,User16292,24,d40
16293,User16293,38,d20
16294,User16294,43,d20
16295,User16295,42,d10
16296,User16296,19,d30
16297,User16297,35,d10
16298,User16298,36,d40
16299,User16299,47,d40
16300,User16300,53,d30
16301,User16301,58,d40
16302,User16302,50,d30
16303,User16303,51,d30
16304,User16304,47,d10
16305,User16305,59,d10
16306,User16306,43,d20
16307,User16307,19,d10
16308,User16308,47,d10
16309,User16309,18,d40
16310,User16310,46,d10
16311,User16311,32,d40
16312,User16312,38,d40
16313,User16313,56,d30
16314,User16314,30,d20
16315,User16315,46,d10
16316,User16316,25,d10
16317,User16317,46,d10
16318,User16318,54,d10
16319,User16319,21,d40
16320,User16320,35,d10
16321,User16321,28,d10
16322,User16322,35,d10
16323,User16323,36,d30
16324,User16324,40,d10
16325,User16325,55,d30
16326,User16326,46,d40
16327,User16327,32,d30
16328,User16328,32,d20
16329,User16329,60,d30
16330,User16330,62,d40
16331,User16331,41,d30
16332,User16332,32,d20
16333,User16333,48,d10
16334,User16334,31,d10
16335,User16335,41,d20
16336,User16336,18,d20
16337,User16337,37,d10
16338,User16338,42,d20
16339,User16339,40,d40
16340,User16340,64,d20
16341,User16341,63,d40
16342,User16342,65,d10
16343,User16343,59,d40
16344,User16344,33,d40
16345,User16345,47,d10
16346,User16346,54,d20
16347,User16347,45,d30
16348,User16348,35,d20
16349,User16349,63,d40
16350,User16350,30,d20
16351,User16351,51,d30
16352,User16352,39,d40
16353,User16353,57,d20
16354,User16354,48,d20
16355,User16355,53,d40
16356,User16356,60,d40
16357,User16357,34,d10
16358,User16358,33,d10
16359,User16359,54,d30
16360,User16360,25,d20
16361,User16361,56,d40
16362,User16362,46,d40
16363,User16363,45,d10
16364,User16364,41,d10
16365,User16365,53,d30
16366,User16366,48,d10
16367,User16367,38,d20
16368,User16368,56,d40
16369,User16369,25,d20
16370,User16370,42,d10
16371,User16371,39,d20
16372,User16372,43,d10
16373,User16373,41,d20
16374,User16374,43,d30
16375,User16375,43,d30
16376,User16376,55,d20
16377,User16377,18,d40
16378,User16378,36,d10
16379,User16379,41,d30
16380,User16380,18,d40
16381,User16381,56,d20
16382,User16382,34,d20
16383,User16383,48,d20
16384,User16384,64,d10
16385,User16385,43,d40
16386,User16386,41,d20
16387,User16387,26,d30
16388,User16388,39,d10
16389,User16389,57,d10
16390,User16390,42,d20
16391,User16391,18,d10
16392,User16392,60,d10
16393,User16393,25,d10
16394,User16394,23,d10
16395,User16395,45,d30
16396,User16396,44,d10
16397,User16397,55,d10
16398,User16398,30,d40
16399,User16399,34,d30
16400,User16400,26,d10
16401,User16401,32,d10
16402,User16402,21,d10
16403,User16403,59,d20
16404,User16404,51,d20
16405,User16405,60,d30
16406,User16406,54,d40
16407,User16407,61,d10
16408,User16408,48,d40
16409,User16409,30,d20
16410,User16410,22,d20
16411,User16411,34,d10
16412,User16412,51,d30
16413,User16413,49,d10
16414,User16414,58,d40
16415,User16415,58,d20
16416,User16416,41,d40
16417,User16417,64,d30
16418,User16418,22,d40
16419,User16419,26,d20
16420,User16420,51,d10
16421,User16421,26,d20
16422,User16422,44,d10
16423,User16423,23,d20
16424,User16424,36,d40
16425,User16425,48,d10
16426,User16426,22,d40
16427,User16427,19,d20
16428,User16428,30,d20
16429,User16429,34,d40
16430,User16430,62,d10
16431,User16431,56,d40
16432,User16432,45,d20
16433,User16433,38,d20
16434,User16434,44,d10
16435,User16435,45,d40
16436,User16436,18,d30
16437,User16437,27,d20
16438,User16438,54,d20
16439,User16439,63,d10
16440,User16440,60,d20
16441,User16441,39,d20
16442,User16442,52,d20
16443,User16443,58,d20
16444,User16444,47,d40
16445,User16445,29,d10
16446,User16446,56,d40
16447,User16447,47,d20
16448,User16448,56,d30
16449,User16449,28,d30
16450,User16450,38,d20
16451,User16451,57,d20
16452,User16452,34,d40
16453,User16453,37,d30
16454,User16454,33,d30
16455,User16455,63,d40
16456,User16456,50,d40
16457,User16457,25,d10
16458,User16458,37,d10
16459,User16459,32,d20
16460,User16460,45,d10
16461,User16461,19,d30
16462,User16462,38,d10
16463,User16463,48,d40
16464,User16464,39,d10
16465,User16465,62,d30
16466,User16466,56,d30
16467,User16467,58,d10
16468,User16468,62,d40
16469,User16469,48,d20
16470,User16470,57,d40
16471,User16471,28,d10
16472,User16472,54,d30
16473,User16473,62,d10
16474,User16474,19,d20
16475,User16475,42,d30
16476,User16476,47,d20
16477,User16477,25,d20
16478,User16478,29,d40
16479,User16479,43,d40
16480,User16480,31,d10
16481,User16481,30,d20
16482,User16482,50,d30
16483,User16483,22,d30
16484,User16484,29,d10
16485,User16485,40,d30
16486,User16486,47,d40
16487,User16487,64,d20
16488,User16488,54,d40
16489,User16489,56,d20
16490,User16490,49,d30
16491,User16491,40,d30
16492,User16492,54,d10
16493,User16493,34,d20
16494,User16494,35,d40
16495,User16495,22,d10
16496,User16496,48,d10
16497,User16497,43,d20
16498,User16498,18,d40
16499,User16499,63,d20
16500,User16500,27,d40
16501,User16501,43,d30
16502,User16502,45,d40
16503,User16503,24,d10
16504,User16504,41,d20
16505,User16505,64,d30
16506,User16506,31,d20
16507,User16507,19,d20
16508,User16508,52,d10
16509,User16509,41,d10
16510,User16510,33,d40
16511,User16511,65,d10
16512,User16512,54,d20
16513,User16513,58,d20
16514,User16514,58,d30
16515,User16515,50,d20
16516,User16516,32,d40
16517,User16517,25,d20
16518,User16518,48,d10
16519,User16519,23,d20
16520,User16520,58,d20
16521,User16521,32,d40
16522,User16522,40,d40
16523,User16523,52,d30
16524,User16524,27,d30
16525,User16525,18,d20
16526,User16526,26,d40
16527,User16527,22,d10
16528,User16528,19,d40
16529,User16529,26,d30
16530,User16530,34,d40
16531,User16531,45,d10
16532,User16532,49,d20
16533,User16533,31,d40
16534,User16534,38,d40
16535,User16535,28,d10
16536,User16536,40,d30
16537,User16537,23,d30
16538,User16538,19,d10
16539,User16539,23,d30
16540,User16540,50,d10
16541,User16541,57,d10
16542,User16542,62,d30
16543,User16543,63,d30
16544,User16544,26,d20
16545,User16545,29,d40
16546,User16546,62,d20
16547,User16547,18,d10
16548,User16548,44,d20
16549,User16549,46,d10
16550,User16550,26,d20
16551,User16551,38,d20
16552,User16552,27,d10
16553,User16553,18,d20
16554,User16554,60,d20
16555,User16555,61,d30
16556,User16556,58,d20
16557,User16557,30,d30
16558,User16558,39,d40
16559,User16559,54,d20
16560,User16560,45,d10
16561,User16561,53,d20
16562,User16562,56,d10
16563,User16563,44,d10
16564,User16564,32,d40
16565,User16565,45,d10
16566,User16566,57,d40
16567,User16567,53,d40
16568,User16568,64,d40
16569,User16569,18,d30
16570,User16570,31,d20
16571,User16571,34,d10
16572,User16572,35,d30
16573,User16573,22,d30
16574,User16574,42,d10
16575,User16575,45,d10
16576,User16576,34,d40
16577,User16577,18,d40
16578,User16578,61,d10
16579,User16579,36,d30
16580,User16580,53,d30
16581,User16581,24,d10
16582,User16582,64,d30
16583,User16583,49,d10
16584,User16584,37,d40
16585,User16585,55,d20
16586,User16586,62,d40
16587,User16587,51,d20
16588,User16588,55,d10
16589,User16589,36,d20
16590,User16590,25,d10
16591,User16591,18,d30
16592,User16592,19,d30
16593,User16593,57,d40
16594,User16594,24,d40
16595,User16595,25,d20
16596,User16596,28,d30
16597,User16597,41,d30
16598,User16598,62,d20
16599,User16599,62,d20
16600,User16600,26,d20
16601,User16601,38,d10
16602,User16602,47,d20
16603,User16603,58,d40
16604,User16604,33,d30
16605,User16605,35,d30
16606,User16606,62,d10
16607,User16607,49,d30
16608,User16608,29,d40
16609,User16609,65,d30
16610,User16610,56,d20
16611,User16611,20,d30
16612,User16612,23,d10
16613,User16613,39,d10
16614,User16614,38,d20
16615,User16615,50,d30
16616,User16616,29,d40
16617,User16617,46,d40
16618,User16618,43,d20
16619,User16619,32,d10
16620,User16620,46,d10
16621,User16621,52,d30
16622,User16622,33,d10
16623,User16623,34,d10
16624,User16624,52,d30
16625,User16625,63,d10
16626,User16626,25,d40
16627,User16627,22,d40
16628,User16628,26,d30
16629,User16629,56,d20
16630,User16630,41,d20
16631,User16631,62,d30
16632,User16632,60,d30
16633,User16633,56,d30
16634,User16634,20,d20
16635,User16635,65,d30
16636,User16636,54,d30
16637,User16637,46,d40
16638,User16638,46,d30
16639,User16639,56,d40
16640,User16640,24,d10
16641,User16641,46,d20
16642,User16642,19,d20
16643,User16643,39,d30
16644,User16644,44,d40
16645,User16645,46,d20
16646,User16646,38,d30
16647,User16647,23,d10
16648,User16648,18,d40
16649,User16649,51,d30
16650,User16650,20,d40
16651,User16651,40,d10
16652,User16652,29,d20
16653,User16653,31,d10
16654,User16654,42,d20
16655,User16655,21,d40
16656,User16656,50,d10
16657,User16657,35,d20
16658,User16658,45,d40
16659,User16659,26,d10
16660,User16660,18,d20
16661,User16661,35,d40
16662,User16662,24,d40
16663,User16663,65,d10
16664,User16664,64,d20
16665,User16665,54,d40
16666,User16666,47,d20
16667,User16667,58,d10
16668,User16668,62,d30
16669,User16669,21,d40
16670,User16670,31,d20
16671,User16671,65,d40
16672,User16672,27,d30
16673,User16673,64,d30
16674,User16674,50,d40
16675,User16675,52,d10
16676,User16676,33,d30
16677,User16677,43,d40
16678,User16678,21,d20
16679,User16679,59,d10
16680,User16680,48,d10
16681,User16681,49,d20
16682,User16682,57,d30
16683,User16683,35,d30
16684,User16684,47,d30
16685,User16685,37,d30
16686,User16686,25,d30
16687,User16687,46,d10
16688,User16688,55,d40
16689,User16689,65,d20
16690,User16690,26,d40
16691,User16691,58,d40
16692,User16692,36,d30
16693,User16693,37,d20
16694,User16694,40,d40
16695,User16695,62,d10
16696,User16696,19,d40
16697,User16697,33,d30
16698,User16698,55,d30
16699,User16699,57,d20
16700,User16700,58,d30
16701,User16701,47,d10
16702,User16702,41,d40
16703,User16703,46,d30
16704,User16704,61,d20
16705,User16705,39,d40
16706,User16706,60,d40
16707,User16707,42,d10
16708,User16708,51,d40
16709,User16709,31,d30
16710,User16710,61,d30
16711,User16711,49,d10
16712,User16712,21,d20
16713,User16713,59,d40
16714,User16714,61,d10
16715,User16715,47,d40
16716,User16716,24,d40
16717,User16717,38,d20
16718,User16718,59,d10
16719,User16719,49,d10
16720,User16720,42,d20
16721,User16721,27,d20
16722,User16722,30,d20
16723,User16723,36,d30
16724,User16724,33,d10
16725,User16725,44,d20
16726,User16726,26,d30
16727,User16727,61,d30
16728,User16728,64,d10
16729,User16729,32,d20
16730,User16730,26,d10
16731,User16731,38,d40
16732,User16732,28,d20
16733,User16733,33,d40
16734,User16734,62,d30
16735,User16735,25,d30
16736,User16736,57,d30
16737,User16737,27,d40
16738,User16738,56,d30
16739,User16739,30,d10
16740,User16740,26,d20
16741,User16741,35,d20
16742,User16742,49,d40
16743,User16743,36,d10
16744,User16744,57,d40
16745,User16745,20,d30
16746,User16746,63,d20
16747,User16747,38,d30
16748,User16748,40,d30
16749,User16749,20,d40
16750,User16750,20,d20
16751,User16751,44,d10
16752,User16752,48,d10
16753,User16753,22,d30
16754,User16754,44,d20
16755,User16755,34,d30
16756,User16756,54,d30
16757,User16757,48,d30
16758,User16758,25,d40
16759,User16759,24,d20
16760,User16760,60,d20
16761,User16761,58,d10
16762,User16762,48,d20
16763,User16763,44,d10
16764,User16764,19,d30
16765,User16765,65,d40
16766,User16766,24,d40
16767,User16767,28,d20
16768,User16768,52,d20
16769,User16769,59,d20
16770,User16770,41,d10
16771,User16771,36,d40
16772,User16772,44,d30
16773,User16773,33,d30
16774,User16774,34,d10
16775,User16775,41,d30
16776,User16776,39,d30
16777,User16777,21,d30
16778,User16778,44,d20
16779,User16779,63,d20
16780,User16780,45,d30
16781,User16781,49,d10
16782,User16782,49,d40
16783,User16783,31,d30
16784,User16784,59,d20
16785,User16785,49,d20
16786,User16786,30,d40
16787,User16787,34,d10
16788,User16788,20,d40
16789,User16789,51,d10
16790,User16790,62,d20
16791,User16791,43,d20
16792,User16792,64,d40
16793,User16793,45,d20
16794,User16794,29,d10
16795,User16795,27,d20
16796,User16796,54,d10
16797,User16797,41,d40
16798,User16798,61,d30
16799,User16799,43,d10
16800,User16800,47,d10
16801,User16801,45,d10
16802,User16802,19,d40
16803,User16803,39,d10
16804,User16804,29,d10
16805,User16805,21,d10
16806,User16806,55,d20
16807,User16807,34,d20
16808,User16808,57,d30
16809,User16809,47,d10
16810,User16810,56,d40
16811,User16811,28,d40
16812,User16812,42,d10
16813,User16813,64,d20
16814,User16814,53,d10
16815,User16815,61,d20
16816,User16816,61,d20
16817,User16817,55,d20
16818,User16818,65,d10
16819,User16819,54,d20
16820,User16820,59,d40
16821,User16821,25,d20
16822,User16822,39,d10
16823,User16823,19,d20
16824,User16824,23,d40
16825,User16825,29,d20
16826,User16826,20,d40
16827,User16827,53,d10
16828,User16828,27,d20
16829,User16829,59,d20
16830,User16830,46,d40
16831,User16831,29,d30
16832,User16832,21,d40
16833,User16833,36,d30
16834,User16834,49,d30
16835,User16835,28,d40
16836,User16836,21,d20
16837,User16837,30,d40
16838,User16838,28,d20
16839,User16839,23,d10
16840,User16840,44,d20
16841,User16841,36,d10
16842,User16842,44,d30
16843,User16843,41,d40
16844,User16844,26,d30
16845,User16845,49,d30
16846,User16846,18,d40
16847,User16847,62,d40
16848,User16848,59,d10
16849,User16849,34,d40
16850,User16850,27,d40
16851,User16851,39,d30
16852,User16852,41,d20
16853,User16853,31,d40
16854,User16854,53,d40
16855,User16855,62,d40
16856,User16856,48,d30
16857,User16857,53,d40
16858,User16858,18,d30
16859,User16859,18,d40
16860,User16860,44,d30
16861,User16861,48,d30
16862,User16862,47,d40
16863,User16863,45,d10
16864,User16864,27,d10
16865,User16865,27,d40
16866,User16866,27,d30
16867,User16867,51,d40
16868,User16868,56,d10
16869,User16869,50,d20
16870,User16870,43,d20
16871,User16871,63,d10
16872,User16872,34,d40
16873,User16873,46,d10
16874,User16874,18,d10
16875,User16875,30,d30
16876,User16876,22,d40
16877,User16877,20,d40
16878,User16878,42,d30
16879,User16879,52,d40
16880,User16880,30,d10
16881,User16881,62,d10
16882,User16882,42,d40
16883,User16883,48,d30
16884,User16884,58,d30
16885,User16885,27,d10
16886,User16886,55,d40
16887,User16887,25,d20
16888,User16888,34,d20
16889,User16889,53,d20
16890,User16890,33,d30
16891,User16891,61,d30
16892,User16892,23,d30
16893,User16893,19,d40
16894,User16894,54,d10
16895,User16895,57,d10
16896,User16896,53,d30
16897,User16897,51,d10
16898,User16898,18,d40
16899,User16899,48,d10
16900,User16900,62,d10
16901,User16901,49,d40
16902,User16902,41,d10
16903,User16903,20,d20
16904,User16904,47,d40
16905,User16905,64,d10
16906,User16906,48,d10
16907,User16907,21,d30
16908,User16908,32,d30
16909,User16909,45,d20
16910,User16910,64,d30
16911,User16911,56,d40
16912,User16912,46,d40
16913,User16913,59,d20
16914,User16914,44,d30
16915,User16915,60,d10
16916,User16916,38,d10
16917,User16917,23,d10
16918,User16918,54,d10
16919,User16919,21,d10
16920,User16920,21,d40
16921,User16921,49,d10
16922,User16922,19,d30
16923,User16923,18,d20
16924,User16924,21,d30
16925,User16925,40,d20
16926,User16926,54,d30
16927,User16927,28,d40
16928,User16928,63,d20
16929,User16929,20,d20
16930,User16930,18,d10
16931,User16931,57,d20
16932,User16932,41,d40
16933,User16933,35,d40
16934,User16934,61,d40
16935,User16935,58,d30
16936,User16936,56,d20
16937,User16937,38,d40
16938,User16938,65,d40
16939,User16939,34,d30
16940,User16940,40,d20
16941,User16941,42,d20
16942,User16942,60,d30
16943,User16943,21,d20
16944,User16944,23,d30
16945,User16945,36,d40
16946,User16946,40,d10
16947,User16947,46,d20
16948,User16948,20,d30
16949,User16949,23,d30
16950,User16950,33,d20
16951,User16951,57,d40
16952,User16952,46,d20
16953,User16953,43,d40
16954,User16954,42,d40
16955,User16955,65,d10
16956,User16956,18,d40
16957,User16957,39,d30
16958,User16958,23,d40
16959,User16959,37,d40
16960,User16960,41,d10
16961,User16961,57,d30
16962,User16962,51,d40
16963,User16963,35,d10
16964,User16964,55,d30
16965,User16965,50,d10
16966,User16966,31,d10
16967,User16967,50,d30
16968,User16968,28,d40
16969,User16969,65,d30
16970,User16970,61,d10
16971,User16971,46,d30
16972,User16972,34,d30
16973,User16973,19,d30
16974,User16974,31,d40
16975,User16975,34,d20
16976,User16976,33,d30
16977,User16977,27,d30
16978,User16978,65,d40
16979,User16979,24,d10
16980,User16980,23,d10
16981,User16981,62,d10
16982,User16982,62,d30
16983,User16983,52,d10
16984,User16984,44,d30
16985,User16985,50,d40
16986,User16986,56,d30
16987,User16987,28,d20
16988,User16988,33,d10
16989,User16989,54,d30
16990,User16990,25,d40
16991,User16991,21,d20
16992,User16992,64,d40
16993,User16993,59,d20
16994,User16994,62,d30
16995,User16995,20,d10
16996,User16996,27,d20
16997,User16997,34,d40
16998,User16998,40,d20
16999,User16999,60,d40
17000,User17000,18,d20
17001,User17001,39,d30
17002,User17002,52,d30
17003,User17003,54,d20
17004,User17004,53,d40
17005,User17005,63,d10
17006,User17006,22,d20
17007,User17007,48,d30
17008,User17008,56,d30
17009,User17009,46,d30
17010,User17010,42,d30
17011,User17011,36,d10
17012,User17012,55,d20
17013,User17013,47,d20
17014,User17014,48,d10
17015,User17015,61,d30
17016,User17016,29,d40
17017,User17017,34,d10
17018,User17018,23,d40
17019,User17019,29,d40
17020,User17020,39,d40
17021,User17021,35,d10
17022,User17022,27,d30
17023,User17023,45,d20
17024,User17024,45,d40
17025,User17025,55,d40
17026,User17026,48,d40
17027,User17027,36,d30
17028,User17028,39,d30
17029,User17029,46,d30
17030,User17030,22,d30
17031,User17031,35,d20
17032,User17032,25,d10
17033,User17033,64,d20
17034,User17034,44,d20
17035,User17035,62,d10
17036,User17036,56,d30
17037,User17037,29,d40
17038,User17038,39,d40
17039,User17039,62,d10
17040,User17040,34,d20
17041,User17041,33,d40
17042,User17042,25,d10
17043,User17043,35,d20
17044,User17044,36,d30
17045,User17045,56,d40
17046,User17046,45,d20
17047,User17047,44,d30
17048,User17048,22,d10
17049,User17049,44,d30
17050,User17050,26,d40
17051,User17051,62,d20
17052,User17052,21,d20
17053,User17053,19,d40
17054,User17054,39,d40
17055,User17055,51,d30
17056,User17056,38,d10
17057,User17057,24,d20
17058,User17058,20,d40
17059,User17059,63,d20
17060,User17060,46,d20
17061,User17061,33,d30
17062,User17062,21,d20
17063,User17063,46,d20
17064,User17064,59,d20
17065,User17065,22,d40
17066,User17066,58,d40
17067,User17067,36,d20
17068,User17068,47,d30
17069,User17069,44,d30
17070,User17070,22,d20
17071,User17071,26,d10
17072,User17072,31,d10
17073,User17073,49,d10
17074,User17074,53,d20
17075,User17075,52,d40
17076,User17076,43,d10
17077,User17077,22,d40
17078,User17078,62,d30
17079,User17079,40,d30
17080,User17080,50,d30
17081,User17081,42,d40
17082,User17082,40,d20
17083,User17083,38,d40
17084,User17084,23,d30
17085,User17085,28,d10
17086,User17086,39,d20
17087,User17087,22,d20
17088,User17088,60,d20
17089,User17089,45,d40
17090,User17090,38,d10
17091,User17091,42,d30
17092,User17092,29,d30
17093,User17093,62,d20
17094,User17094,46,d30
17095,User17095,39,d10
17096,User17096,20,d20
17097,User17097,23,d20
17098,User17098,61,d20
17099,User17099,57,d20
17100,User17100,23,d40
17101,User17101,31,d20
17102,User17102,19,d20
17103,User17103,45,d20
17104,User17104,51,d40
17105,User17105,36,d40
17106,User17106,46,d20
17107,User17107,52,d40
17108,User17108,26,d40
17109,User17109,52,d40
17110,User17110,29,d30
17111,User17111,27,d40
17112,User17112,65,d40
17113,User17113,19,d40
17114,User17114,27,d20
17115,User17115,50,d10
17116,User17116,46,d40
17117,User17117,35,d20
17118,User17118,23,d40
17119,User17119,44,d10
17120,User17120,60,d20
17121,User17121,32,d20
17122,User17122,58,d30
17123,User17123,58,d30
17124,User17124,48,d30
17125,User17125,39,d20
17126,User17126,29,d40
17127,User17127,59,d20
17128,User17128,46,d20
17129,User17129,59,d40
17130,User17130,21,d10
17131,User17131,39,d30
17132,User17132,39,d20
17133,User17133,63,d30
17134,User17134,31,d40
17135,User17135,26,d10
17136,User17136,32,d40
17137,User17137,28,d20
17138,User17138,46,d30
17139,User17139,37,d10
17140,User17140,34,d20
17141,User17141,64,d10
17142,User17142,39,d20
17143,User17143,39,d30
17144,User17144,44,d30
17145,User17145,55,d20
17146,User17146,47,d40
17147,User17147,36,d10
17148,User17148,24,d10
17149,User17149,48,d40
17150,User17150,41,d10
17151,User17151,58,d40
17152,User17152,43,d30
17153,User17153,32,d40
17154,User17154,39,d40
17155,User17155,56,d40
17156,User17156,37,d10
17157,User17157,50,d30
17158,User17158,65,d30
17159,User17159,49,d40
17160,User17160,31,d20
17161,User17161,63,d20
17162,User17162,57,d20
17163,User17163,62,d10
17164,User17164,36,d20
17165,User17165,40,d30
17166,User17166,62,d40
17167,User17167,19,d40
17168,User17168,60,d10
17169,User17169,28,d40
17170,User17170,61,d20
17171,User17171,38,d30
17172,User17172,28,d30
17173,User17173,35,d40
17174,User17174,49,d10
17175,User17175,19,d40
17176,User17176,31,d30
17177,User17177,23,d10
17178,User17178,63,d20
17179,User17179,32,d10
17180,User17180,54,d20
17181,User17181,62,d10
17182,User17182,33,d10
17183,User17183,23,d40
17184,User17184,27,d40
17185,User17185,33,d20
17186,User17186,45,d30
17187,User17187,38,d10
17188,User17188,20,d10
17189,User17189,25,d10
17190,User17190,31,d30
17191,User17191,47,d20
17192,User17192,30,d30
17193,User17193,43,d30
17194,User17194,19,d40
17195,User17195,58,d20
17196,User17196,49,d40
17197,User17197,50,d20
17198,User17198,22,d40
17199,User17199,42,d30
17200,User17200,56,d30
17201,User17201,60,d40
17202,User17202,47,d30
17203,User17203,40,d30
17204,User17204,39,d40
17205,User17205,57,d30
17206,User17206,41,d30
17207,User17207,39,d10
17208,User17208,59,d30
17209,User17209,62,d20
17210,User17210,26,d40
17211,User17211,46,d10
17212,User17212,37,d10
17213,User17213,36,d30
17214,User17214,53,d10
17215,User17215,57,d20
17216,User17216,28,d30
17217,User17217,26,d30
17218,User17218,27,d30
17219,User17219,47,d10
17220,User17220,22,d20
17221,User17221,59,d40
17222,User17222,24,d30
17223,User17223,57,d10
17224,User17224,23,d20
17225,User17225,41,d30
17226,User17226,36,d40
17227,User17227,38,d30
17228,User17228,21,d20
17229,User17229,20,d20
17230,User17230,48,d20
17231,User17231,57,d40
17232,User17232,47,d30
17233,User17233,19,d20
17234,User17234,37,d20
17235,User17235,30,d10
17236,User17236,61,d30
17237,User17237,29,d20
17238,User17238,28,d10
17239,User17239,36,d30
17240,User17240,65,d10
17241,User17241,55,d20
17242,User17242,45,d20
17243,User17243,36,d20
17244,User17244,54,d10
17245,User17245,23,d30
17246,User17246,63,d20
17247,User17247,53,d10
17248,User17248,41,d10
17249,User17249,40,d20
17250,User17250,54,d40
17251,User17251,55,d30
17252,User17252,63,d10
17253,User17253,36,d10
17254,User17254,56,d40
17255,User17255,23,d30
17256,User17256,59,d20
17257,User17257,27,d20
17258,User17258,37,d30
17259,User17259,18,d40
17260,User17260,53,d10
17261,User17261,25,d10
17262,User17262,37,d20
17263,User17263,34,d20
17264,User17264,48,d30
17265,User17265,30,d10
17266,User17266,56,d20
17267,User17267,62,d40
17268,User17268,47,d20
17269,User17269,52,d40
17270,User17270,23,d40
17271,User17271,49,d20
17272,User17272,36,d20
17273,User17273,25,d20
17274,User17274,27,d10
17275,User17275,28,d10
17276,User17276,62,d10
17277,User17277,50,d20
17278,User17278,32,d10
17279,User17279,23,d10
17280,User17280,55,d30
17281,User17281,53,d30
17282,User17282,28,d10
17283,User17283,53,d10
17284,User17284,55,d10
17285,User17285,61,d40
17286,User17286,37,d40
17287,User17287,28,d30
17288,User17288,25,d20
17289,User17289,61,d10
17290,User17290,50,d10
17291,User17291,22,d20
17292,User17292,30,d20
17293,User17293,43,d30
17294,User17294,24,d20
17295,User17295,27,d40
17296,User17296,45,d20
17297,User17297,49,d40
17298,User17298,37,d10
17299,User17299,48,d10
17300,User17300,18,d10
17301,User17301,62,d20
17302,User17302,57,d10
17303,User17303,50,d10
17304,User17304,36,d40
17305,User17305,38,d10
17306,User17306,25,d10
17307,User17307,64,d20
17308,User17308,28,d20
17309,User17309,33,d10
17310,User17310,34,d30
17311,User17311,45,d30
17312,User17312,49,d10
17313,User17313,34,d10
17314,User17314,43,d40
17315,User17315,21,d30
17316,User17316,47,d40
17317,User17317,63,d30
17318,User17318,40,d20
17319,User17319,27,d40
17320,User17320,22,d20
17321,User17321,65,d40
17322,User17322,25,d20
17323,User17323,19,d40
17324,User17324,60,d20
17325,User17325,59,d40
17326,User17326,23,d10
17327,User17327,38,d10
17328,User17328,19,d40
17329,User17329,54,d20
17330,User17330,31,d40
17331,User17331,45,d10
17332,User17332,47,d40
17333,User17333,18,d10
17334,User17334,56,d30
17335,User17335,43,d30
17336,User17336,43,d40
17337,User17337,63,d20
17338,User17338,33,d20
17339,User17339,62,d20
17340,User17340,21,d40
17341,User17341,49,d10
17342,User17342,65,d10
17343,User17343,51,d30
17344,User17344,19,d10
17345,User17345,22,d40
17346,User17346,59,d30
17347,User17347,53,d10
17348,User17348,30,d40
17349,User17349,29,d20
17350,User17350,37,d20
17351,User17351,19,d20
17352,User17352,39,d40
17353,User17353,36,d40
17354,User17354,62,d30
17355,User17355,57,d20
17356,User17356,33,d20
17357,User17357,39,d40
17358,User17358,54,d10
17359,User17359,29,d40
17360,User17360,51,d20
17361,User17361,52,d30
17362,User17362,61,d20
17363,User17363,53,d30
17364,User17364,65,d30
17365,User17365,40,d30
17366,User17366,25,d30
17367,User17367,57,d20
17368,User17368,54,d10
17369,User17369,19,d40
17370,User17370,37,d20
17371,User17371,33,d20
17372,User17372,49,d40
17373,User17373,53,d20
17374,User17374,30,d40
17375,User17375,54,d40
17376,User17376,27,d20
17377,User17377,52,d20
17378,User17378,20,d10
17379,User17379,62,d30
17380,User17380,44,d20
17381,User17381,46,d30
17382,User17382,51,d30
17383,User17383,44,d30
17384,User17384,35,d40
17385,User17385,65,d40
17386,User17386,63,d40
17387,User17387,24,d30
17388,User17388,32,d40
17389,User17389,23,d40
17390,User17390,20,d20
17391,User17391,32,d40
17392,User17392,47,d10
17393,User17393,40,d30
17394,User17394,54,d20
17395,User17395,48,d40
17396,User17396,20,d40
17397,User17397,34,d10
17398,User17398,50,d30
17399,User17399,18,d30
17400,User17400,25,d10
17401,User17401,34,d30
17402,User17402,41,d10
17403,User17403,29,d40
17404,User17404,63,d10
17405,User17405,63,d30
17406,User17406,62,d20
17407,User17407,22,d40
17408,User17408,44,d10
17409,User17409,25,d40
17410,User17410,37,d10
17411,User17411,19,d40
17412,User17412,42,d20
17413,User17413,23,d10
17414,User17414,43,d20
17415,User17415,39,d10
17416,User17416,39,d30
17417,User17417,42,d30
17418,User17418,34,d30
17419,User17419,65,d20
17420,User17420,50,d40
17421,User17421,42,d20
17422,User17422,32,d30
17423,User17423,46,d40
17424,User17424,35,d10
17425,User17425,30,d10
17426,User17426,61,d30
17427,User17427,58,d30
17428,User17428,35,d30
17429,User17429,54,d30
17430,User17430,61,d30
17431,User17431,45,d40
17432,User17432,18,d10
17433,User17433,18,d20
17434,User17434,23,d10
17435,User17435,59,d40
17436,User17436,27,d20
17437,User17437,27,d40
17438,User17438,51,d20
17439,User17439,55,d40
17440,User17440,35,d40
17441,User17441,62,d20
17442,User17442,59,d10
17443,User17443,65,d40
17444,User17444,42,d20
17445,User17445,52,d20
17446,User17446,60,d30
17447,User17447,55,d10
17448,User17448,61,d30
17449,User17449,19,d40
17450,User17450,34,d20
17451,User17451,63,d10
17452,User17452,44,d10
17453,User17453,20,d30
17454,User17454,22,d10
17455,User17455,44,d20
17456,User17456,19,d30
17457,User17457,35,d20
17458,User17458,53,d30
17459,User17459,30,d30
17460,User17460,47,d40
17461,User17461,18,d10
17462,User17462,29,d40
17463,User17463,54,d40
17464,User17464,63,d30
17465,User17465,63,d30
17466,User17466,37,d10
17467,User17467,56,d20
17468,User17468,34,d30
17469,User17469,57,d30
17470,User17470,45,d40
17471,User17471,36,d30
17472,User17472,23,d20
17473,User17473,62,d40
17474,User17474,45,d30
17475,User17475,48,d20
17476,User17476,28,d30
17477,User17477,18,d10
17478,User17478,44,d10
17479,User17479,59,d10
17480,User17480,31,d40
17481,User17481,37,d30
17482,User17482,55,d40
17483,User17483,62,d30
17484,User17484,55,d30
17485,User17485,32,d20
17486,User17486,61,d30
17487,User17487,44,d10
17488,User17488,53,d20
17489,User17489,28,d20
17490,User17490,35,d40
17491,User17491,63,d40
17492,User17492,61,d10
17493,User17493,21,d10
17494,User17494,46,d10
17495,User17495,47,d10
17496,User17496,26,d10
17497,User17497,58,d30
17498,User17498,46,d30
17499,User17499,22,d40
17500,User17500,20,d20
17501,User17501,54,d30
17502,User17502,53,d30
17503,User17503,23,d30
17504,User17504,29,d30
17505,User17505,38,d20
17506,User17506,27,d30
17507,User17507,58,d20
17508,User17508,48,d20
17509,User17509,61,d20
17510,User17510,63,d40
17511,User17511,43,d30
17512,User17512,54,d40
17513,User17513,60,d10
17514,User17514,21,d20
17515,User17515,44,d20
17516,User17516,42,d30
17517,User17517,58,d30
17518,User17518,63,d40
17519,User17519,24,d40
17520,User17520,39,d10
17521,User17521,64,d20
17522,User17522,51,d10
17523,User17523,20,d40
17524,User17524,22,d30
17525,User17525,49,d10
17526,User17526,25,d10
17527,User17527,25,d40
17528,User17528,37,d10
17529,User17529,34,d40
17530,User17530,42,d30
17531,User17531,24,d10
17532,User17532,21,d20
17533,User17533,41,d40
17534,User17534,29,d30
17535,User17535,49,d30
17536,User17536,64,d20
17537,User17537,63,d30
17538,User17538,33,d20
17539,User17539,64,d40
17540,User17540,36,d40
17541,User17541,47,d40
17542,User17542,21,d10
17543,User17543,53,d40
17544,User17544,58,d10
17545,User17545,39,d20
17546,User17546,29,d20
17547,User17547,24,d30
17548,User17548,23,d20
17549,User17549,53,d10
17550,User17550,28,d20
17551,User17551,48,d40
17552,User17552,57,d10
17553,User17553,60,d40
17554,User17554,44,d40
17555,User17555,27,d10
17556,User17556,41,d40
17557,User17557,53,d20
17558,User17558,54,d20
17559,User17559,47,d30
17560,User17560,44,d10
17561,User17561,43,d30
17562,User17562,24,d20
17563,User17563,18,d10
17564,User17564,61,d20
17565,User17565,18,d40
17566,User17566,46,d10
17567,User17567,33,d10
17568,User17568,51,d40
17569,User17569,51,d10
17570,User17570,63,d40
17571,User17571,55,d40
17572,User17572,28,d20
17573,User17573,49,d10
17574,User17574,54,d10
17575,User17575,35,d20
17576,User17576,56,d30
17577,User17577,61,d20
17578,User17578,49,d40
17579,User17579,52,d30
17580,User17580,44,d40
17581,User17581,57,d20
17582,User17582,40,d40
17583,User17583,48,d10
17584,User17584,61,d30
17585,User17585,39,d30
17586,User17586,38,d40
17587,User17587,26,d40
17588,User17588,48,d40
17589,User17589,41,d40
17590,User17590,23,d30
17591,User17591,50,d20
17592,User17592,46,d10
17593,User17593,49,d30
17594,User17594,54,d40
17595,User17595,18,d30
17596,User17596,30,d10
17597,User17597,39,d30
17598,User17598,27,d20
17599,User17599,29,d10
17600,User17600,29,d40
17601,User17601,57,d40
17602,User17602,21,d20
17603,User17603,26,d20
17604,User17604,60,d40
17605,User17605,40,d30
17606,User17606,41,d20
17607,User17607,32,d40
17608,User17608,18,d20
17609,User17609,47,d10
17610,User17610,20,d30
17611,User17611,32,d40
17612,User17612,23,d30
17613,User17613,50,d40
17614,User17614,27,d30
17615,User17615,35,d20
17616,User17616,43,d40
17617,User17617,41,d40
17618,User17618,26,d10
17619,User17619,63,d30
17620,User17620,48,d20
17621,User17621,21,d10
17622,User17622,31,d30
17623,User17623,64,d40
17624,User17624,56,d40
17625,User17625,30,d20
17626,User17626,49,d20
17627,User17627,32,d40
17628,User17628,34,d20
17629,User17629,27,d20
17630,User17630,62,d30
17631,User17631,28,d40
17632,User17632,47,d20
17633,User17633,32,d20
17634,User17634,61,d40
17635,User17635,29,d20
17636,User17636,55,d30
17637,User17637,24,d20
17638,User17638,32,d10
17639,User17639,63,d20
17640,User17640,64,d40
17641,User17641,18,d10
17642,User17642,27,d30
17643,User17643,34,d20
17644,User17644,31,d10
17645,User17645,18,d40
17646,User17646,30,d30
17647,User17647,32,d20
17648,User17648,61,d20
17649,User17649,58,d10
17650,User17650,52,d20
17651,User17651,41,d30
17652,User17652,58,d40
17653,User17653,26,d10
17654,User17654,59,d30
17655,User17655,53,d40
17656,User17656,35,d10
17657,User17657,32,d40
17658,User17658,24,d40
17659,User17659,61,d30
17660,User17660,48,d10
17661,User17661,54,d40
17662,User17662,52,d40
17663,User17663,59,d10
17664,User17664,36,d40
17665,User17665,63,d30
17666,User17666,37,d30
17667,User17667,64,d30
17668,User17668,24,d20
17669,User17669,49,d30
17670,User17670,47,d20
17671,User17671,45,d20
17672,User17672,19,d30
17673,User17673,31,d30
17674,User17674,58,d20
17675,User17675,30,d40
17676,User17676,51,d40
17677,User17677,57,d30
17678,User17678,34,d20
17679,User17679,51,d20
17680,User17680,58,d20
17681,User17681,32,d10
17682,User17682,57,d40
17683,User17683,61,d40
17684,User17684,61,d20
17685,User17685,23,d20
17686,User17686,19,d30
17687,User17687,28,d20
17688,User17688,56,d10
17689,User17689,55,d30
17690,User17690,40,d40
17691,User17691,23,d30
17692,User17692,26,d10
17693,User17693,18,d30
17694,User17694,45,d40
17695,User17695,65,d40
17696,User17696,58,d40
17697,User17697,43,d10
17698,User17698,32,d40
17699,User17699,49,d30
17700,User17700,48,d40
17701,User17701,37,d10
17702,User17702,33,d40
17703,User17703,53,d20
17704,User17704,64,d30
17705,User17705,64,d10
17706,User17706,32,d10
17707,User17707,29,d30
17708,User17708,27,d30
17709,User17709,42,d40
17710,User17710,27,d20
17711,User17711,38,d10
17712,User17712,54,d30
17713,User17713,33,d40
17714,User17714,36,d40
17715,User17715,54,d20
17716,User17716,32,d40
17717,User17717,57,d30
17718,User17718,56,d30
17719,User17719,18,d30
17720,User17720,53,d20
17721,User17721,38,d30
17722,User17722,44,d30
17723,User17723,45,d30
17724,User17724,30,d30
17725,User17725,48,d10
17726,User17726,50,d10
17727,User17727,31,d40
17728,User17728,21,d10
17729,User17729,65,d20
17730,User17730,19,d10
17731,User17731,65,d20
17732,User17732,31,d40
17733,User17733,60,d40
17734,User17734,32,d40
17735,User17735,40,d20
17736,User17736,60,d40
17737,User17737,31,d40
17738,User17738,28,d20
17739,User17739,36,d20
17740,User17740,35,d40
17741,User17741,56,d20
17742,User17742,45,d10
17743,User17743,18,d40
17744,User17744,55,d10
17745,User17745,20,d10
17746,User17746,37,d10
17747,User17747,43,d40
17748,User17748,65,d10
17749,User17749,31,d40
17750,User17750,44,d20
17751,User17751,37,d30
17752,User17752,53,d40
17753,User17753,60,d20
17754,User17754,50,d40
17755,User17755,57,d30
17756,User17756,58,d30
17757,User17757,23,d30
17758,User17758,45,d40
17759,User17759,57,d10
17760,User17760,56,d10
17761,User17761,49,d20
17762,User17762,44,d10
17763,User17763,63,d30
17764,User17764,58,d30
17765,User17765,18,d10
17766,User17766,40,d30
17767,User17767,33,d40
17768,User17768,44,d30
17769,User17769,54,d40
17770,User17770,34,d30
17771,User17771,31,d40
17772,User17772,52,d20
17773,User17773,53,d40
17774,User17774,65,d10
17775,User17775,26,d30
17776,User17776,60,d10
17777,User17777,42,d30
17778,User17778,40,d40
17779,User17779,53,d10
17780,User17780,46,d20
17781,User17781,65,d30
17782,User17782,46,d40
17783,User17783,55,d10
17784,User17784,46,d20
17785,User17785,33,d30
17786,User17786,40,d30
17787,User17787,56,d10
17788,User17788,50,d40
17789,User17789,57,d30
17790,User17790,50,d20
17791,User17791,43,d10
17792,User17792,65,d20
17793,User17793,21,d30
17794,User17794,33,d20
17795,User17795,50,d10
17796,User17796,35,d40
17797,User17797,56,d40
17798,User17798,34,d20
17799,User17799,37,d20
17800,User17800,40,d20
17801,User17801,51,d30
17802,User17802,56,d40
17803,User17803,29,d30
17804,User17804,29,d10
17805,User17805,61,d10
17806,User17806,42,d30
17807,User17807,33,d10
17808,User17808,22,d40
17809,User17809,51,d10
17810,User17810,31,d10
17811,User17811,37,d30
17812,User17812,57,d40
17813,User17813,42,d30
17814,User17814,18,d40
17815,User17815,55,d30
17816,User17816,31,d10
17817,User17817,43,d40
17818,User17818,46,d30
17819,User17819,47,d30
17820,User17820,65,d40
17821,User17821,60,d10
17822,User17822,45,d10
17823,User17823,29,d10
17824,User17824,25,d20
17825,User17825,20,d30
17826,User17826,64,d20
17827,User17827,62,d40
17828,User17828,40,d30
17829,User17829,63,d40
17830,User17830,58,d10
17831,User17831,20,d10
17832,User17832,25,d30
17833,User17833,51,d30
17834,User17834,31,d20
17835,User17835,41,d20
17836,User17836,52,d20
17837,User17837,63,d40
17838,User17838,18,d40
17839,User17839,32,d10
17840,User17840,38,d30
17841,User17841,19,d10
17842,User17842,55,d20
17843,User17843,48,d30
17844,User17844,51,d20
17845,User17845,24,d10
17846,User17846,22,d10
17847,User17847,36,d20
17848,User17848,47,d30
17849,User17849,52,d10
17850,User17850,41,d10
17851,User17851,42,d10
17852,User17852,56,d10
17853,User17853,56,d30
17854,User17854,30,d10
17855,User17855,58,d40
17856,User17856,20,d30
17857,User17857,39,d30
17858,User17858,54,d10
17859,User17859,60,d10
17860,User17860,54,d20
17861,User17861,52,d40
17862,User17862,23,d40
17863,User17863,60,d40
17864,User17864,22,d40
17865,User17865,18,d40
17866,User17866,59,d10
17867,User17867,57,d30
17868,User17868,56,d20
17869,User17869,63,d20
17870,User17870,53,d20
17871,User17871,19,d30
17872,User17872,62,d40
17873,User17873,56,d10
17874,User17874,23,d40
17875,User17875,55,d20
17876,User17876,31,d20
17877,User17877,22,d20
17878,User17878,35,d20
17879,User17879,28,d30
17880,User17880,20,d20
17881,User17881,20,d30
17882,User17882,31,d10
17883,User17883,61,d40
17884,User17884,48,d10
17885,User17885,41,d40
17886,User17886,42,d30
17887,User17887,63,d20
17888,User17888,34,d40
17889,User17889,42,d10
17890,User17890,24,d40
17891,User17891,62,d10
17892,User17892,44,d20
17893,User17893,64,d20
17894,User17894,59,d10
17895,User17895,21,d20
17896,User17896,55,d40
17897,User17897,22,d30
17898,User17898,38,d40
17899,User17899,61,d40
17900,User17900,28,d10
17901,User17901,25,d10
17902,User17902,21,d40
17903,User17903,52,d10
17904,User17904,25,d10
17905,User17905,60,d20
17906,User17906,61,d20
17907,User17907,30,d20
17908,User17908,29,d10
17909,User17909,40,d30
17910,User17910,55,d40
17911,User17911,21,d20
17912,User17912,27,d40
17913,User17913,25,d20
17914,User17914,60,d30
17915,User17915,56,d30
17916,User17916,53,d40
17917,User17917,19,d10
17918,User17918,58,d40
17919,User17919,54,d10
17920,User17920,53,d40
17921,User17921,36,d10
17922,User17922,19,d30
17923,User17923,28,d30
17924,User17924,22,d10
17925,User17925,21,d20
17926,User17926,45,d20
17927,User17927,51,d10
17928,User17928,43,d10
17929,User17929,24,d30
17930,User17930,34,d10
17931,User17931,65,d30
17932,User17932,20,d40
17933,User17933,62,d10
17934,User17934,24,d40
17935,User17935,20,d30
17936,User17936,35,d20
17937,User17937,54,d40
17938,User17938,34,d30
17939,User17939,54,d30
17940,User17940,19,d30
17941,User17941,18,d40
17942,User17942,50,d30
17943,User17943,44,d10
17944,User17944,62,d20
17945,User17945,34,d40
17946,User17946,43,d30
17947,User17947,56,d40
17948,User17948,61,d20
17949,User17949,54,d30
17950,User17950,49,d10
17951,User17951,27,d30
17952,User17952,23,d30
17953,User17953,27,d30
17954,User17954,36,d10
17955,User17955,47,d30
17956,User17956,45,d40
17957,User17957,38,d20
17958,User17958,61,d20
17959,User17959,47,d30
17960,User17960,42,d40
17961,User17961,56,d10
17962,User17962,30,d30
17963,User17963,24,d10
17964,User17964,36,d40
17965,User17965,26,d40
17966,User17966,25,d40
17967,User17967,36,d40
17968,User17968,51,d40
17969,User17969,55,d30
17970,User17970,26,d10
17971,User17971,26,d40
17972,User17972,42,d40
17973,User17973,25,d10
17974,User17974,42,d40
17975,User17975,64,d20
17976,User17976,45,d40
17977,User17977,30,d10
17978,User17978,56,d30
17979,User17979,35,d20
17980,User17980,53,d40
17981,User17981,48,d40
17982,User17982,25,d10
17983,User17983,41,d40
17984,User17984,28,d40
17985,User17985,65,d40
17986,User17986,61,d40
17987,User17987,20,d30
17988,User17988,22,d20
17989,User17989,49,d30
17990,User17990,31,d20
17991,User17991,63,d10
17992,User17992,38,d20
17993,User17993,35,d20
17994,User17994,30,d20
17995,User17995,27,d30
17996,User17996,65,d30
17997,User17997,20,d40
17998,User17998,51,d10
17999,User17999,65,d30
18000,User18000,56,d30
18001,User18001,22,d40
18002,User18002,29,d40
18003,User18003,41,d10
18004,User18004,39,d10
18005,User18005,18,d20
18006,User18006,64,d30
18007,User18007,39,d20
18008,User18008,23,d20
18009,User18009,64,d20
18010,User18010,50,d10
18011,User18011,41,d30
18012,User18012,19,d40
18013,User18013,57,d30
18014,User18014,36,d20
18015,User18015,33,d20
18016,User18016,26,d20
18017,User18017,18,d10
18018,User18018,27,d10
18019,User18019,34,d30
18020,User18020,64,d20
18021,User18021,35,d10
18022,User18022,35,d10
18023,User18023,52,d10
18024,User18024,50,d40
18025,User18025,34,d20
18026,User18026,61,d20
18027,User18027,48,d40
18028,User18028,62,d20
18029,User18029,20,d30
18030,User18030,24,d20
18031,User18031,45,d10
18032,User18032,32,d20
18033,User18033,31,d10
18034,User18034,57,d40
18035,User18035,50,d10
18036,User18036,59,d10
18037,User18037,20,d10
18038,User18038,27,d40
18039,User18039,28,d30
18040,User18040,40,d40
18041,User18041,51,d40
18042,User18042,31,d40
18043,User18043,41,d30
18044,User18044,46,d40
18045,User18045,40,d30
18046,User18046,44,d20
18047,User18047,62,d20
18048,User18048,50,d30
18049,User18049,30,d20
18050,User18050,58,d40
18051,User18051,38,d20
18052,User18052,36,d30
18053,User18053,26,d20
18054,User18054,30,d30
18055,User18055,25,d30
18056,User18056,47,d10
18057,User18057,53,d20
18058,User18058,39,d10
18059,User18059,33,d10
18060,User18060,39,d30
18061,User18061,32,d30
18062,User18062,50,d20
18063,User18063,28,d40
18064,User18064,34,d10
18065,User18065,43,d40
18066,User18066,45,d40
18067,User18067,42,d40
18068,User18068,52,d10
18069,User18069,52,d20
18070,User18070,37,d40
18071,User18071,63,d30
18072,User18072,23,d40
18073,User18073,21,d20
18074,User18074,38,d40
18075,User18075,22,d20
18076,User18076,63,d20
18077,User18077,53,d40
18078,User18078,56,d30
18079,User18079,24,d20
18080,User18080,63,d30
18081,User18081,43,d20
18082,User18082,24,d20
18083,User18083,48,d10
18084,User18084,63,d30
18085,User18085,34,d10
18086,User18086,32,d30
18087,User18087,58,d10
18088,User18088,18,d10
18089,User18089,23,d40
18090,User18090,36,d30
18091,User18091,27,d30
18092,User18092,37,d40
18093,User18093,63,d30
18094,User18094,37,d40
18095,User18095,31,d30
18096,User18096,22,d20
18097,User18097,24,d40
18098,User18098,61,d10
18099,User18099,32,d30
18100,User18100,33,d20
18101,User18101,55,d30
18102,User18102,28,d40
18103,User18103,57,d40
18104,User18104,19,d40
18105,User18105,19,d10
18106,User18106,65,d10
18107,User18107,58,d20
18108,User18108,32,d30
18109,User18109,37,d30
18110,User18110,41,d40
18111,User18111,53,d30
18112,User18112,58,d40
18113,User18113,64,d10
18114,User18114,48,d10
18115,User18115,21,d40
18116,User18116,25,d20
18117,User18117,54,d30
18118,User18118,49,d20
18119,User18119,31,d30
18120,User18120,45,d40
18121,User18121,50,d20
18122,User18122,49,d20
18123,User18123,55,d30
18124,User18124,31,d10
18125,User18125,25,d20
18126,User18126,28,d20
18127,User18127,32,d20
18128,User18128,34,d30
18129,User18129,46,d10
18130,User18130,36,d10
18131,User18131,31,d40
18132,User18132,37,d10
18133,User18133,43,d20
18134,User18134,37,d40
18135,User18135,48,d40
18136,User18136,34,d40
18137,User18137,47,d10
18138,User18138,32,d10
18139,User18139,42,d40
18140,User18140,40,d40
18141,User18141,18,d40
18142,User18142,61,d10
18143,User18143,42,d40
18144,User18144,28,d20
18145,User18145,25,d20
18146,User18146,61,d20
18147,User18147,25,d20
18148,User18148,50,d20
18149,User18149,52,d40
18150,User18150,48,d20
18151,User18151,46,d30
18152,User18152,45,d20
18153,User18153,63,d30
18154,User18154,56,d20
18155,User18155,30,d20
18156,User18156,37,d10
18157,User18157,59,d30
18158,User18158,54,d40
18159,User18159,60,d20
18160,User18160,43,d10
18161,User18161,60,d40
18162,User18162,20,d40
18163,User18163,52,d30
18164,User18164,32,d30
18165,User18165,29,d10
18166,User18166,34,d20
18167,User18167,31,d30
18168,User18168,51,d30
18169,User18169,55,d30
18170,User18170,25,d10
18171,User18171,45,d30
18172,User18172,24,d30
18173,User18173,34,d20
18174,User18174,25,d20
18175,User18175,42,d10
18176,User18176,47,d20
18177,User18177,48,d10
18178,User18178,37,d10
18179,User18179,42,d20
18180,User18180,58,d30
18181,User18181,23,d10
18182,User18182,64,d40
18183,User18183,55,d30
18184,User18184,41,d30
18185,User18185,54,d30
18186,User18186,28,d30
18187,User18187,57,d10
18188,User18188,49,d20
18189,User18189,24,d20
18190,User18190,44,d20
18191,User18191,62,d20
18192,User18192,39,d40
18193,User18193,29,d40
18194,User18194,43,d40
18195,User18195,45,d40
18196,User18196,48,d40
18197,User18197,41,d40
18198,User18198,41,d20
18199,User18199,22,d40
18200,User18200,37,d20
18201,User18201,49,d10
18202,User18202,56,d30
18203,User18203,55,d10
18204,User18204,32,d30
18205,User18205,53,d10
18206,User18206,29,d30
18207,User18207,49,d40
18208,User18208,30,d20
18209,User18209,56,d20
18210,User18210,61,d10
18211,User18211,43,d40
18212,User18212,41,d10
18213,User18213,20,d10
18214,User18214,22,d10
18215,User18215,32,d10
18216,User18216,39,d10
18217,User18217,51,d30
18218,User18218,37,d10
18219,User18219,29,d30
18220,User18220,44,d20
18221,User18221,49,d30
18222,User18222,22,d20
18223,User18223,55,d30
18224,User18224,23,d10
18225,User18225,64,d10
18226,User18226,24,d40
18227,User18227,34,d40
18228,User18228,63,d40
18229,User18229,37,d10
18230,User18230,39,d10
18231,User18231,32,d40
18232,User18232,42,d10
18233,User18233,57,d40
18234,User18234,47,d40
18235,User18235,42,d20
18236,User18236,29,d40
18237,User18237,55,d10
18238,User18238,25,d40
18239,User18239,29,d10
18240,User18240,47,d20
18241,User18241,45,d20
18242,User18242,32,d30
18243,User18243,21,d20
18244,User18244,50,d30
18245,User18245,54,d40
18246,User18246,28,d40
18247,User18247,41,d30
18248,User18248,24,d40
18249,User18249,41,d30
18250,User18250,57,d40
18251,User18251,28,d20
18252,User18252,47,d40
18253,User18253,25,d10
18254,User18254,61,d10
18255,User18255,37,d30
18256,User18256,47,d10
18257,User18257,31,d40
18258,User18258,64,d20
18259,User18259,18,d40
18260,User18260,50,d40
18261,User18261,44,d30
18262,User18262,22,d40
18263,User18263,51,d10
18264,User18264,61,d30
18265,User18265,30,d40
18266,User18266,50,d30
18267,User18267,48,d40
18268,User18268,31,d30
18269,User18269,44,d20
18270,User18270,35,d30
18271,User18271,21,d40
18272,User18272,42,d20
18273,User18273,27,d20
18274,User18274,43,d40
18275,User18275,60,d40
18276,User18276,40,d40
18277,User18277,34,d40
18278,User18278,51,d30
18279,User18279,59,d40
18280,User18280,42,d40
18281,User18281,55,d30
18282,User18282,46,d30
18283,User18283,40,d10
18284,User18284,58,d30
18285,User18285,35,d20
18286,User18286,34,d40
18287,User18287,59,d30
18288,User18288,63,d10
18289,User18289,34,d20
18290,User18290,41,d10
18291,User18291,46,d20
18292,User18292,28,d40
18293,User18293,53,d10
18294,User18294,61,d30
18295,User18295,38,d40
18296,User18296,59,d20
18297,User18297,39,d30
18298,User18298,33,d10
18299,User18299,40,d40
18300,User18300,53,d30
18301,User18301,48,d10
18302,User18302,41,d10
18303,User18303,52,d20
18304,User18304,30,d20
18305,User18305,43,d30
18306,User18306,29,d20
18307,User18307,33,d10
18308,User18308,56,d40
18309,User18309,37,d40
18310,User18310,62,d10
18311,User18311,19,d30
18312,User18312,32,d40
18313,User18313,31,d40
18314,User18314,35,d10
18315,User18315,40,d10
18316,User18316,64,d10
18317,User18317,31,d40
18318,User18318,63,d20
18319,User18319,19,d30
18320,User18320,24,d30
18321,User18321,65,d10
18322,User18322,44,d20
18323,User18323,51,d30
18324,User18324,52,d20
18325,User18325,58,d40
18326,User18326,31,d40
18327,User18327,36,d20
18328,User18328,47,d40
18329,User18329,59,d30
18330,User18330,35,d40
18331,User18331,45,d40
18332,User18332,33,d10
18333,User18333,26,d20
18334,User18334,30,d40
18335,User18335,34,d40
18336,User18336,39,d10
18337,User18337,21,d20
18338,User18338,22,d30
18339,User18339,23,d10
18340,User18340,29,d10
18341,User18341,45,d40
18342,User18342,48,d10
18343,User18343,61,d10
18344,User18344,25,d30
18345,User18345,37,d40
18346,User18346,55,d30
18347,User18347,48,d40
18348,User18348,30,d40
18349,User18349,33,d20
18350,User18350,45,d10
18351,User18351,34,d10
18352,User18352,31,d30
18353,User18353,46,d30
18354,User18354,35,d30
18355,User18355,51,d40
18356,User18356,39,d20
18357,User18357,40,d10
18358,User18358,44,d20
18359,User18359,29,d10
18360,User18360,19,d40
18361,User18361,51,d40
18362,User18362,39,d40
18363,User18363,48,d40
18364,User18364,48,d10
18365,User18365,58,d10
18366,User18366,28,d10
18367,User18367,33,d20
18368,User18368,24,d40
18369,User18369,54,d20
18370,User18370,26,d10
18371,User18371,49,d20
18372,User18372,34,d40
18373,User18373,56,d30
18374,User18374,61,d30
18375,User18375,62,d10
18376,User18376,33,d20
18377,User18377,44,d40
18378,User18378,18,d40
18379,User18379,62,d30
18380,User18380,49,d10
18381,User18381,20,d10
18382,User18382,59,d40
18383,User18383,25,d30
18384,User18384,45,d10
18385,User18385,20,d30
18386,User18386,20,d40
18387,User18387,51,d40
18388,User18388,52,d20
18389,User18389,46,d30
18390,User18390,50,d30
18391,User18391,18,d20
18392,User18392,34,d20
18393,User18393,47,d30
18394,User18394,45,d20
18395,User18395,60,d30
18396,User18396,62,d30
18397,User18397,36,d10
18398,User18398,57,d30
18399,User18399,48,d20
18400,User18400,50,d20
18401,User18401,57,d10
18402,User18402,30,d10
18403,User18403,46,d10
18404,User18404,60,d20
18405,User18405,34,d40
18406,User18406,65,d20
18407,User18407,45,d10
18408,User18408,65,d40
18409,User18409,65,d30
18410,User18410,34,d30
18411,User18411,20,d30
18412,User18412,65,d30
18413,User18413,19,d20
18414,User18414,29,d20
18415,User18415,47,d10
18416,User18416,45,d30
18417,User18417,63,d10
18418,User18418,27,d30
18419,User18419,57,d40
18420,User18420,25,d10
18421,User18421,28,d30
18422,User18422,59,d20
18423,User18423,26,d10
18424,User18424,42,d40
18425,User18425,32,d20
18426,User18426,56,d10
18427,User18427,33,d20
18428,User18428,43,d30
18429,User18429,34,d30
18430,User18430,33,d10
18431,User18431,46,d10
18432,User18432,40,d10
18433,User18433,21,d30
18434,User18434,61,d20
18435,User18435,31,d40
18436,User18436,19,d20
18437,User18437,27,d10
18438,User18438,31,d30
18439,User18439,53,d10
18440,User18440,18,d30
18441,User18441,36,d10
18442,User18442,30,d20
18443,User18443,60,d10
18444,User18444,62,d20
18445,User18445,62,d10
18446,User18446,51,d40
18447,User18447,21,d20
18448,User18448,51,d30
18449,User18449,62,d10
18450,User18450,54,d10
18451,User18451,21,d20
18452,User18452,37,d30
18453,User18453,63,d30
18454,User18454,31,d40
18455,User18455,46,d30
18456,User18456,56,d40
18457,User18457,31,d40
18458,User18458,35,d20
18459,User18459,58,d30
18460,User18460,33,d30
18461,User18461,41,d10
18462,User18462,52,d10
18463,User18463,49,d20
18464,User18464,61,d20
18465,User18465,50,d20
18466,User18466,45,d20
18467,User18467,26,d30
18468,User18468,24,d30
18469,User18469,29,d30
18470,User18470,41,d30
18471,User18471,61,d40
18472,User18472,51,d40
18473,User18473,39,d10
18474,User18474,55,d30
18475,User18475,33,d10
18476,User18476,50,d10
18477,User18477,54,d10
18478,User18478,64,d40
18479,User18479,37,d30
18480,User18480,65,d30
18481,User18481,42,d40
18482,User18482,61,d10
18483,User18483,18,d30
18484,User18484,50,d30
18485,User18485,55,d30
18486,User18486,63,d10
18487,User18487,65,d30
18488,User18488,50,d10
18489,User18489,59,d20
18490,User18490,36,d30
18491,User18491,63,d40
18492,User18492,20,d30
18493,User18493,39,d20
18494,User18494,46,d10
18495,User18495,56,d40
18496,User18496,40,d30
18497,User18497,56,d30
18498,User18498,41,d20
18499,User18499,50,d30
18500,User18500,21,d10
18501,User18501,60,d20
18502,User18502,46,d20
18503,User18503,39,d40
18504,User18504,46,d30
18505,User18505,58,d40
18506,User18506,49,d40
18507,User18507,41,d30
18508,User18508,41,d20
18509,User18509,63,d30
18510,User18510,26,d10
18511,User18511,50,d20
18512,User18512,27,d40
18513,User18513,65,d30
18514,User18514,48,d20
18515,User18515,57,d40
18516,User18516,19,d10
18517,User18517,21,d40
18518,User18518,39,d30
18519,User18519,56,d30
18520,User18520,53,d30
18521,User18521,54,d30
18522,User18522,47,d40
18523,User18523,64,d30
18524,User18524,45,d10
18525,User18525,26,d40
18526,User18526,61,d20
18527,User18527,44,d30
18528,User18528,25,d40
18529,User18529,39,d20
18530,User18530,55,d30
18531,User18531,39,d20
18532,User18532,28,d10
18533,User18533,45,d40
18534,User18534,34,d40
18535,User18535,42,d10
18536,User18536,25,d30
18537,User18537,27,d20
18538,User18538,27,d40
18539,User18539,43,d40
18540,User18540,30,d30
18541,User18541,36,d10
18542,User18542,25,d30
18543,User18543,35,d20
18544,User18544,49,d10
18545,User18545,21,d10
18546,User18546,36,d30
18547,User18547,39,d30
18548,User18548,36,d20
18549,User18549,40,d30
18550,User18550,41,d30
18551,User18551,29,d40
18552,User18552,45,d10
18553,User18553,31,d20
18554,User18554,60,d30
18555,User18555,62,d40
18556,User18556,44,d40
18557,User18557,53,d10
18558,User18558,18,d30
18559,User18559,65,d30
18560,User18560,19,d10
18561,User18561,63,d40
18562,User18562,36,d10
18563,User18563,23,d20
18564,User18564,23,d40
18565,User18565,39,d30
18566,User18566,53,d40
18567,User18567,28,d30
18568,User18568,58,d10
18569,User18569,55,d40
18570,User18570,32,d20
18571,User18571,53,d40
18572,User18572,20,d40
18573,User18573,22,d20
18574,User18574,20,d40
18575,User18575,59,d30
18576,User18576,23,d10
18577,User18577,41,d10
18578,User18578,53,d30
18579,User18579,56,d20
18580,User18580,23,d10
18581,User18581,41,d10
18582,User18582,29,d20
18583,User18583,28,d10
18584,User18584,36,d40
18585,User18585,20,d10
18586,User18586,61,d20
18587,User18587,63,d20
18588,User18588,54,d20
18589,User18589,33,d40
18590,User18590,55,d40
18591,User18591,29,d10
18592,User18592,60,d10
18593,User18593,52,d20
18594,User18594,51,d40
18595,User18595,59,d20
18596,User18596,53,d10
18597,User18597,51,d20
18598,User18598,36,d30
18599,User18599,51,d40
18600,User18600,44,d10
18601,User18601,45,d40
18602,User18602,33,d40
18603,User18603,26,d30
18604,User18604,52,d10
18605,User18605,37,d20
18606,User18606,29,d10
18607,User18607,29,d30
18608,User18608,45,d40
18609,User18609,48,d30
18610,User18610,27,d30
18611,User18611,37,d40
18612,User18612,19,d30
18613,User18613,47,d30
18614,User18614,61,d20
18615,User18615,49,d20
18616,User18616,44,d40
18617,User18617,46,d20
18618,User18618,51,d30
18619,User18619,61,d10
18620,User18620,46,d40
18621,User18621,35,d30
18622,User18622,37,d20
18623,User18623,51,d40
18624,User18624,60,d40
18625,User18625,37,d10
18626,User18626,42,d30
18627,User18627,54,d20
18628,User18628,33,d30
18629,User18629,38,d10
18630,User18630,45,d30
18631,User18631,37,d40
18632,User18632,30,d20
18633,User18633,18,d30
18634,User18634,58,d20
18635,User18635,55,d40
18636,User18636,53,d10
18637,User18637,35,d40
18638,User18638,42,d40
18639,User18639,60,d40
18640,User18640,25,d10
18641,User18641,26,d20
18642,User18642,33,d20
18643,User18643,35,d20
18644,User18644,53,d40
18645,User18645,26,d40
18646,User18646,21,d20
18647,User18647,47,d20
18648,User18648,32,d20
18649,User18649,63,d40
18650,User18650,21,d30
18651,User18651,61,d40
18652,User18652,31,d10
18653,User18653,49,d40
18654,User18654,63,d30
18655,User18655,49,d30
18656,User18656,21,d20
18657,User18657,39,d30
18658,User18658,55,d30
18659,User18659,61,d40
18660,User18660,61,d30
18661,User18661,60,d40
18662,User18662,59,d40
18663,User18663,47,d30
18664,User18664,53,d40
18665,User18665,21,d10
18666,User18666,39,d30
18667,User18667,65,d10
18668,User18668,43,d20
18669,User18669,59,d40
18670,User18670,34,d40
18671,User18671,56,d30
18672,User18672,31,d30
18673,User18673,32,d40
18674,User18674,47,d20
18675,User18675,41,d10
18676,User18676,24,d40
18677,User18677,45,d30
18678,User18678,30,d30
18679,User18679,34,d30
18680,User18680,20,d20
18681,User18681,36,d10
18682,User18682,23,d20
18683,User18683,46,d40
18684,User18684,47,d30
18685,User18685,41,d10
18686,User18686,21,d20
18687,User18687,38,d20
18688,User18688,58,d10
18689,User18689,54,d10
18690,User18690,60,d30
18691,User18691,39,d10
18692,User18692,41,d40
18693,User18693,33,d10
18694,User18694,38,d20
18695,User18695,21,d30
18696,User18696,58,d10
18697,User18697,30,d30
18698,User18698,29,d20
18699,User18699,45,d40
18700,User18700,63,d40
18701,User18701,29,d20
18702,User18702,60,d40
18703,User18703,35,d10
18704,User18704,31,d20
18705,User18705,53,d20
18706,User18706,18,d10
18707,User18707,20,d40
18708,User18708,65,d10
18709,User18709,20,d40
18710,User18710,41,d10
18711,User18711,26,d20
18712,User18712,51,d10
18713,User18713,40,d30
18714,User18714,59,d40
18715,User18715,55,d30
18716,User18716,41,d40
18717,User18717,39,d10
18718,User18718,48,d20
18719,User18719,63,d10
18720,User18720,40,d20
18721,User18721,24,d40
18722,User18722,36,d10
18723,User18723,38,d20
18724,User18724,20,d20
18725,User18725,18,d30
18726,User18726,48,d40
18727,User18727,25,d30
18728,User18728,20,d20
18729,User18729,22,d40
18730,User18730,56,d10
18731,User18731,26,d20
18732,User18732,43,d10
18733,User18733,36,d40
18734,User18734,30,d30
18735,User18735,25,d40
18736,User18736,46,d30
18737,User18737,27,d20
18738,User18738,36,d10
18739,User18739,23,d20
18740,User18740,46,d20
18741,User18741,33,d30
18742,User18742,29,d10
18743,User18743,45,d40
18744,User18744,40,d40
18745,User18745,20,d40
18746,User18746,32,d20
18747,User18747,43,d20
18748,User18748,44,d10
18749,User18749,39,d30
18750,User18750,44,d10
18751,User18751,34,d20
18752,User18752,38,d40
18753,User18753,39,d30
18754,User18754,44,d20
18755,User18755,26,d40
18756,User18756,61,d10
18757,User18757,43,d20
18758,User18758,65,d40
18759,User18759,27,d10
18760,User18760,64,d40
18761,User18761,25,d30
18762,User18762,18,d10
18763,User18763,65,d30
18764,User18764,53,d40
18765,User18765,20,d40
18766,User18766,55,d40
18767,User18767,38,d10
18768,User18768,22,d40
18769,User18769,29,d10
18770,User18770,62,d10
18771,User18771,42,d10
18772,User18772,62,d40
18773,User18773,29,d20
18774,User18774,41,d20
18775,User18775,54,d20
18776,User18776,62,d20
18777,User18777,19,d20
18778,User18778,35,d30
18779,User18779,64,d30
18780,User18780,23,d30
18781,User18781,39,d40
18782,User18782,21,d40
18783,User18783,55,d40
18784,User18784,30,d30
18785,User18785,24,d20
18786,User18786,20,d20
18787,User18787,35,d20
18788,User18788,43,d20
18789,User18789,44,d30
18790,User18790,58,d30
18791,User18791,65,d30
18792,User18792,54,d10
18793,User18793,27,d10
18794,User18794,37,d10
18795,User18795,59,d10
18796,User18796,38,d10
18797,User18797,52,d30
18798,User18798,38,d10
18799,User18799,21,d10
18800,User18800,30,d20
18801,User18801,43,d30
18802,User18802,64,d30
18803,User18803,32,d20
18804,User18804,30,d40
18805,User18805,18,d20
18806,User18806,48,d30
18807,User18807,62,d30
18808,User18808,30,d30
18809,User18809,62,d40
18810,User18810,18,d10
18811,User18811,25,d30
18812,User18812,34,d40
18813,User18813,46,d20
18814,User18814,20,d40
18815,User18815,24,d20
18816,User18816,18,d40
18817,User18817,46,d30
18818,User18818,25,d10
18819,User18819,39,d20
18820,User18820,53,d20
18821,User18821,31,d20
18822,User18822,23,d40
18823,User18823,59,d40
18824,User18824,42,d30
18825,User18825,47,d10
18826,User18826,56,d40
18827,User18827,41,d40
18828,User18828,40,d10
18829,User18829,49,d10
18830,User18830,62,d20
18831,User18831,19,d20
18832,User18832,21,d10
18833,User18833,64,d30
18834,User18834,55,d30
18835,User18835,42,d10
18836,User18836,33,d20
18837,User18837,49,d10
18838,User18838,42,d20
18839,User18839,59,d30
18840,User18840,19,d40
18841,User18841,64,d30
18842,User18842,20,d30
18843,User18843,40,d40
18844,User18844,40,d30
18845,User18845,65,d20
18846,User18846,54,d30
18847,User18847,41,d20
18848,User18848,19,d40
18849,User18849,42,d40
18850,User18850,18,d30
18851,User18851,43,d30
18852,User18852,18,d20
18853,User18853,52,d40
18854,User18854,45,d30
18855,User18855,59,d20
18856,User18856,46,d20
18857,User18857,55,d10
18858,User18858,44,d20
18859,User18859,26,d10
18860,User18860,65,d40
18861,User18861,25,d10
18862,User18862,50,d40
18863,User18863,65,d10
18864,User18864,19,d10
18865,User18865,45,d20
18866,User18866,55,d10
18867,User18867,55,d10
18868,User18868,54,d30
18869,User18869,53,d10
18870,User18870,59,d10
18871,User18871,21,d40
18872,User18872,30,d10
18873,User18873,49,d20
18874,User18874,60,d40
18875,User18875,51,d20
18876,User18876,40,d10
18877,User18877,47,d40
18878,User18878,49,d40
18879,User18879,23,d10
18880,User18880,60,d30
18881,User18881,26,d40
18882,User18882,50,d40
18883,User18883,24,d20
18884,User18884,54,d10
18885,User18885,45,d30
18886,User18886,37,d40
18887,User18887,19,d40
18888,User18888,46,d40
18889,User18889,58,d20
18890,User18890,56,d30
18891,User18891,42,d30
18892,User18892,55,d10
18893,User18893,27,d20
18894,User18894,40,d10
18895,User18895,31,d10
18896,User18896,43,d30
18897,User18897,64,d20
18898,User18898,36,d40
18899,User18899,40,d20
18900,User18900,21,d10
18901,User18901,40,d40
18902,User18902,45,d10
18903,User18903,65,d40
18904,User18904,64,d30
18905,User18905,58,d40
18906,User18906,30,d40
18907,User18907,52,d30
18908,User18908,53,d10
18909,User18909,64,d20
18910,User18910,49,d10
18911,User18911,34,d40
18912,User18912,36,d40
18913,User18913,46,d40
18914,User18914,41,d20
18915,User18915,59,d30
18916,User18916,31,d30
18917,User18917,41,d20
18918,User18918,56,d40
18919,User18919,25,d40
18920,User18920,40,d20
18921,User18921,20,d20
18922,User18922,57,d10
18923,User18923,21,d20
18924,User18924,34,d40
18925,User18925,58,d40
18926,User18926,27,d10
18927,User18927,49,d40
18928,User18928,54,d10
18929,User18929,54,d10
18930,User18930,55,d40
18931,User18931,31,d20
18932,User18932,33,d30
18933,User18933,31,d10
18934,User18934,33,d10
18935,User18935,53,d40
18936,User18936,20,d20
18937,User18937,59,d30
18938,User18938,51,d40
18939,User18939,50,d20
18940,User18940,41,d40
18941,User18941,33,d20
18942,User18942,39,d30
18943,User18943,45,d20
18944,User18944,21,d20
18945,User18945,56,d20
18946,User18946,53,d30
18947,User18947,34,d40
18948,User18948,50,d40
18949,User18949,25,d10
18950,User18950,53,d20
18951,User18951,43,d20
18952,User18952,36,d20
18953,User18953,25,d30
18954,User18954,32,d40
18955,User18955,26,d20
18956,User18956,55,d20
18957,User18957,23,d20
18958,User18958,59,d40
18959,User18959,50,d40
18960,User18960,39,d40
18961,User18961,33,d10
18962,User18962,61,d30
18963,User18963,41,d40
18964,User18964,38,d10
18965,User18965,48,d30
18966,User18966,64,d40
18967,User18967,54,d40
18968,User18968,47,d10
18969,User18969,31,d30
18970,User18970,26,d10
18971,User18971,31,d30
18972,User18972,59,d30
18973,User18973,31,d30
18974,User18974,33,d30
18975,User18975,22,d10
18976,User18976,49,d30
18977,User18977,20,d30
18978,User18978,47,d20
18979,User18979,21,d20
18980,User18980,50,d30
18981,User18981,64,d10
18982,User18982,42,d20
18983,User18983,46,d30
18984,User18984,44,d30
18985,User18985,57,d20
18986,User18986,30,d30
18987,User18987,54,d20
18988,User18988,44,d10
18989,User18989,47,d40
18990,User18990,51,d10
18991,User18991,38,d30
18992,User18992,43,d10
18993,User18993,32,d30
18994,User18994,35,d30
18995,User18995,21,d10
18996,User18996,19,d10
18997,User18997,27,d30
18998,User18998,65,d40
18999,User18999,34,d40
19000,User19000,40,d20
19001,User19001,55,d30
19002,User19002,25,d20
19003,User19003,24,d10
19004,User19004,50,d10
19005,User19005,57,d40
19006,User19006,31,d10
19007,User19007,58,d20
19008,User19008,41,d20
19009,User19009,38,d40
19010,User19010,51,d20
19011,User19011,50,d30
19012,User19012,24,d10
19013,User19013,38,d10
19014,User19014,20,d40
19015,User19015,37,d20
19016,User19016,41,d40
19017,User19017,21,d40
19018,User19018,44,d10
19019,User19019,61,d30
19020,User19020,42,d20
19021,User19021,37,d20
19022,User19022,38,d30
19023,User19023,44,d30
19024,User19024,18,d20
19025,User19025,25,d20
19026,User19026,39,d20
19027,User19027,42,d30
19028,User19028,27,d20
19029,User19029,54,d20
19030,User19030,18,d30
19031,User19031,23,d40
19032,User19032,33,d40
19033,User19033,32,d30
19034,User19034,42,d30
19035,User19035,21,d40
19036,User19036,34,d30
19037,User19037,61,d40
19038,User19038,64,d10
19039,User19039,44,d10
19040,User19040,33,d10
19041,User19041,21,d10
19042,User19042,54,d40
19043,User19043,24,d30
19044,User19044,30,d40
19045,User19045,26,d30
19046,User19046,34,d10
19047,User19047,65,d10
19048,User19048,18,d20
19049,User19049,28,d20
19050,User19050,58,d30
19051,User19051,49,d10
19052,User19052,43,d30
19053,User19053,42,d10
19054,User19054,56,d10
19055,User19055,45,d30
19056,User19056,60,d30
19057,User19057,51,d10
19058,User19058,35,d30
19059,User19059,30,d10
19060,User19060,61,d20
19061,User19061,45,d20
19062,User19062,41,d40
19063,User19063,26,d10
19064,User19064,56,d30
19065,User19065,39,d10
19066,User19066,62,d40
19067,User19067,53,d30
19068,User19068,46,d10
19069,User19069,60,d10
19070,User19070,64,d30
19071,User19071,53,d40
19072,User19072,54,d20
19073,User19073,63,d10
19074,User19074,29,d30
19075,User19075,55,d30
19076,User19076,28,d20
19077,User19077,55,d10
19078,User19078,59,d10
19079,User19079,59,d10
19080,User19080,28,d30
19081,User19081,50,d30
19082,User19082,36,d10
19083,User19083,36,d10
19084,User19084,23,d10
19085,User19085,50,d20
19086,User19086,62,d30
19087,User19087,54,d40
19088,User19088,55,d20
19089,User19089,36,d10
19090,User19090,44,d20
19091,User19091,27,d30
19092,User19092,25,d10
19093,User19093,63,d20
19094,User19094,24,d10
19095,User19095,37,d40
19096,User19096,27,d10
19097,User19097,57,d10
19098,User19098,62,d30
19099,User19099,45,d30
19100,User19100,43,d40
19101,User19101,57,d30
19102,User19102,52,d30
19103,User19103,62,d10
19104,User19104,47,d20
19105,User19105,56,d20
19106,User19106,33,d10
19107,User19107,47,d40
19108,User19108,56,d30
19109,User19109,44,d10
19110,User19110,35,d30
19111,User19111,38,d10
19112,User19112,27,d20
19113,User19113,53,d10
19114,User19114,24,d10
19115,User19115,30,d10
19116,User19116,51,d10
19117,User19117,26,d30
19118,User19118,24,d20
19119,User19119,43,d30
19120,User19120,33,d20
19121,User19121,29,d30
19122,User19122,63,d30
19123,User19123,64,d10
19124,User19124,27,d20
19125,User19125,43,d30
19126,User19126,43,d20
19127,User19127,23,d40
19128,User19128,28,d20
19129,User19129,26,d10
19130,User19130,33,d30
19131,User19131,28,d30
19132,User19132,52,d20
19133,User19133,46,d40
19134,User19134,46,d10
19135,User19135,42,d40
19136,User19136,37,d10
19137,User19137,57,d20
19138,User19138,59,d20
19139,User19139,58,d40
19140,User19140,63,d40
19141,User19141,48,d40
19142,User19142,21,d30
19143,User19143,49,d40
19144,User19144,22,d20
19145,User19145,46,d10
19146,User19146,29,d30
19147,User19147,62,d30
19148,User19148,19,d10
19149,User19149,31,d20
19150,User19150,41,d10
19151,User19151,19,d10
19152,User19152,27,d40
19153,User19153,47,d30
19154,User19154,40,d20
19155,User19155,29,d30
19156,User19156,40,d40
19157,User19157,22,d30
19158,User19158,65,d40
19159,User19159,55,d20
19160,User19160,49,d20
19161,User19161,64,d40
19162,User19162,55,d20
19163,User19163,62,d30
19164,User19164,32,d20
19165,User19165,53,d10
19166,User19166,50,d20
19167,User19167,42,d20
19168,User19168,60,d20
19169,User19169,47,d20
19170,User19170,51,d40
19171,User19171,48,d10
19172,User19172,35,d10
19173,User19173,59,d20
19174,User19174,40,d20
19175,User19175,59,d40
19176,User19176,23,d20
19177,User19177,55,d30
19178,User19178,22,d20
19179,User19179,64,d10
19180,User19180,61,d40
19181,User19181,61,d20
19182,User19182,59,d10
19183,User19183,38,d20
19184,User19184,37,d20
19185,User19185,64,d40
19186,User19186,40,d10
19187,User19187,48,d10
19188,User19188,49,d10
19189,User19189,41,d40
19190,User19190,64,d10
19191,User19191,54,d30
19192,User19192,60,d30
19193,User19193,30,d40
19194,User19194,47,d30
19195,User19195,50,d40
19196,User19196,63,d40
19197,User19197,26,d40
19198,User19198,33,d10
19199,User19199,38,d10
19200,User19200,22,d30
19201,User19201,53,d30
19202,User19202,65,d30
19203,User19203,35,d30
19204,User19204,28,d20
19205,User19205,55,d30
19206,User19206,39,d30
19207,User19207,30,d10
19208,User19208,63,d20
19209,User19209,65,d10
19210,User19210,57,d30
19211,User19211,40,d10
19212,User19212,24,d30
19213,User19213,31,d40
19214,User19214,25,d30
19215,User19215,19,d10
19216,User19216,49,d40
19217,User19217,39,d30
19218,User19218,61,d10
19219,User19219,45,d20
19220,User19220,43,d20
19221,User19221,64,d30
19222,User19222,39,d10
19223,User19223,34,d10
19224,User19224,49,d10
19225,User19225,49,d20
19226,User19226,27,d20
19227,User19227,34,d20
19228,User19228,44,d20
19229,User19229,50,d40
19230,User19230,20,d40
19231,User19231,61,d20
19232,User19232,31,d20
19233,User19233,26,d10
19234,User19234,46,d10
19235,User19235,51,d10
19236,User19236,40,d20
19237,User19237,61,d30
19238,User19238,65,d40
19239,User19239,26,d30
19240,User19240,22,d10
19241,User19241,46,d20
19242,User19242,55,d30
19243,User19243,33,d40
19244,User19244,31,d40
19245,User19245,23,d10
19246,User19246,56,d30
19247,User19247,33,d20
19248,User19248,19,d10
19249,User19249,28,d40
19250,User19250,21,d20
19251,User19251,64,d40
19252,User19252,55,d30
19253,User19253,61,d30
19254,User19254,19,d10
19255,User19255,52,d20
19256,User19256,50,d10
19257,User19257,33,d10
19258,User19258,37,d40
19259,User19259,63,d30
19260,User19260,61,d10
19261,User19261,20,d10
19262,User19262,22,d20
19263,User19263,37,d20
19264,User19264,63,d10
19265,User19265,19,d30
19266,User19266,46,d10
19267,User19267,26,d10
19268,User19268,45,d30
19269,User19269,45,d10
19270,User19270,52,d40
19271,User19271,59,d40
19272,User19272,29,d20
19273,User19273,36,d10
19274,User19274,18,d40
19275,User19275,60,d20
19276,User19276,19,d20
19277,User19277,30,d30
19278,User19278,60,d30
19279,User19279,34,d40
19280,User19280,64,d20
19281,User19281,37,d20
19282,User19282,26,d30
19283,User19283,20,d10
19284,User19284,41,d40
19285,User19285,20,d10
19286,User19286,36,d10
19287,User19287,18,d40
19288,User19288,18,d10
19289,User19289,25,d30
19290,User19290,25,d20
19291,User19291,39,d20
19292,User19292,39,d30
19293,User19293,54,d40
19294,User19294,26,d30
19295,User19295,64,d10
19296,User19296,27,d40
19297,User19297,61,d20
19298,User19298,56,d20
19299,User19299,45,d30
19300,User19300,26,d40
19301,User19301,49,d10
19302,User19302,22,d40
19303,User19303,63,d40
19304,User19304,49,d40
19305,User19305,48,d40
19306,User19306,41,d40
19307,User19307,31,d10
19308,User19308,47,d40
19309,User19309,26,d10
19310,User19310,56,d20
19311,User19311,52,d10
19312,User19312,57,d20
19313,User19313,59,d40
19314,User19314,20,d20
19315,User19315,50,d30
19316,User19316,32,d40
19317,User19317,35,d10
19318,User19318,25,d30
19319,User19319,38,d30
19320,User19320,65,d30
19321,User19321,50,d40
19322,User19322,59,d10
19323,User19323,64,d40
19324,User19324,35,d20
19325,User19325,52,d10
19326,User19326,49,d10
19327,User19327,37,d40
19328,User19328,33,d10
19329,User19329,40,d10
19330,User19330,38,d40
19331,User19331,57,d30
19332,User19332,54,d20
19333,User19333,52,d10
19334,User19334,33,d30
19335,User19335,64,d40
19336,User19336,20,d20
19337,User19337,35,d30
19338,User19338,56,d30
19339,User19339,33,d20
19340,User19340,46,d20
19341,User19341,61,d10
19342,User19342,34,d30
19343,User19343,44,d10
19344,User19344,51,d20
19345,User19345,44,d30
19346,User19346,18,d40
19347,User19347,21,d20
19348,User19348,58,d40
19349,User19349,40,d10
19350,User19350,47,d20
19351,User19351,29,d30
19352,User19352,61,d10
19353,User19353,40,d30
19354,User19354,64,d30
19355,User19355,32,d30
19356,User19356,35,d30
19357,User19357,20,d30
19358,User19358,51,d40
19359,User19359,47,d40
19360,User19360,62,d40
19361,User19361,59,d20
19362,User19362,24,d20
19363,User19363,65,d10
19364,User19364,47,d10
19365,User19365,61,d20
19366,User19366,35,d10
19367,User19367,57,d10
19368,User19368,49,d30
19369,User19369,25,d10
19370,User19370,36,d20
19371,User19371,24,d40
19372,User19372,41,d40
19373,User19373,52,d40
19374,User19374,35,d10
19375,User19375,19,d10
19376,User19376,53,d30
19377,User19377,44,d40
19378,User19378,23,d40
19379,User19379,34,d40
19380,User19380,27,d30
19381,User19381,26,d40
19382,User19382,37,d30
19383,User19383,21,d40
19384,User19384,54,d30
19385,User19385,48,d40
19386,User19386,25,d10
19387,User19387,25,d10
19388,User19388,47,d40
19389,User19389,32,d10
19390,User19390,28,d20
19391,User19391,47,d30
19392,User19392,62,d10
19393,User19393,60,d30
19394,User19394,32,d30
19395,User19395,47,d10
19396,User19396,26,d20
19397,User19397,42,d30
19398,User19398,51,d40
19399,User19399,60,d40
19400,User19400,56,d30
19401,User19401,31,d10
19402,User19402,34,d10
19403,User19403,50,d20
19404,User19404,47,d10
19405,User19405,57,d40
19406,User19406,34,d20
19407,User19407,54,d40
19408,User19408,36,d20
19409,User19409,19,d40
19410,User19410,51,d30
19411,User19411,24,d10
19412,User19412,21,d20
19413,User19413,50,d10
19414,User19414,36,d40
19415,User19415,26,d20
19416,User19416,23,d20
19417,User19417,40,d30
19418,User19418,41,d40
19419,User19419,50,d10
19420,User19420,28,d10
19421,User19421,41,d40
19422,User19422,48,d10
19423,User19423,19,d10
19424,User19424,35,d20
19425,User19425,47,d20
19426,User19426,30,d30
19427,User19427,40,d20
19428,User19428,61,d40
19429,User19429,36,d40
19430,User19430,62,d10
19431,User19431,31,d30
19432,User19432,26,d40
19433,User19433,23,d30
19434,User19434,31,d20
19435,User19435,22,d10
19436,User19436,34,d30
19437,User19437,58,d10
19438,User19438,25,d10
19439,User19439,58,d10
19440,User19440,19,d20
19441,User19441,18,d40
19442,User19442,24,d40
19443,User19443,65,d20
19444,User19444,59,d40
19445,User19445,21,d20
19446,User19446,41,d10
19447,User19447,29,d20
19448,User19448,61,d10
19449,User19449,34,d30
19450,User19450,59,d20
19451,User19451,46,d40
19452,User19452,65,d20
19453,User19453,30,d30
19454,User19454,60,d30
19455,User19455,38,d20
19456,User19456,25,d40
19457,User19457,44,d10
19458,User19458,61,d10
19459,User19459,60,d30
19460,User19460,35,d30
19461,User19461,44,d20
19462,User19462,52,d10
19463,User19463,39,d30
19464,User19464,31,d30
19465,User19465,38,d40
19466,User19466,43,d20
19467,User19467,64,d20
19468,User19468,21,d30
19469,User19469,35,d10
19470,User19470,20,d30
19471,User19471,30,d20
19472,User19472,30,d20
19473,User19473,53,d30
19474,User19474,55,d30
19475,User19475,40,d20
19476,User19476,62,d10
19477,User19477,60,d20
19478,User19478,59,d30
19479,User19479,50,d20
19480,User19480,39,d10
19481,User19481,49,d10
19482,User19482,20,d30
19483,User19483,63,d40
19484,User19484,55,d10
19485,User19485,31,d40
19486,User19486,34,d30
19487,User19487,26,d30
19488,User19488,29,d30
19489,User19489,63,d30
19490,User19490,49,d40
19491,User19491,48,d40
19492,User19492,36,d30
19493,User19493,54,d30
19494,User19494,34,d40
19495,User19495,20,d20
19496,User19496,45,d30
19497,User19497,21,d30
19498,User19498,45,d10
19499,User19499,42,d10
19500,User19500,42,d20
19501,User19501,52,d30
19502,User19502,26,d40
19503,User19503,41,d40
19504,User19504,31,d30
19505,User19505,47,d40
19506,User19506,53,d20
19507,User19507,59,d30
19508,User19508,59,d30
19509,User19509,19,d40
19510,User19510,26,d10
19511,User19511,19,d10
19512,User19512,19,d30
19513,User19513,28,d40
19514,User19514,34,d30
19515,User19515,64,d30
19516,User19516,56,d20
19517,User19517,20,d40
19518,User19518,45,d10
19519,User19519,54,d10
19520,User19520,27,d20
19521,User19521,47,d30
19522,User19522,46,d10
19523,User19523,43,d20
19524,User19524,41,d20
19525,User19525,63,d10
19526,User19526,36,d40
19527,User19527,25,d20
19528,User19528,21,d40
19529,User19529,26,d20
19530,User19530,21,d30
19531,User19531,65,d20
19532,User19532,33,d30
19533,User19533,35,d30
19534,User19534,47,d20
19535,User19535,27,d30
19536,User19536,45,d20
19537,User19537,49,d10
19538,User19538,54,d30
19539,User19539,64,d40
19540,User19540,39,d30
19541,User19541,56,d30
19542,User19542,63,d30
19543,User19543,47,d30
19544,User19544,29,d10
19545,User19545,64,d40
19546,User19546,64,d20
19547,User19547,49,d10
19548,User19548,61,d30
19549,User19549,46,d20
19550,User19550,51,d10
19551,User19551,26,d20
19552,User19552,61,d20
19553,User19553,19,d30
19554,User19554,31,d20
19555,User19555,43,d20
19556,User19556,48,d20
19557,User19557,24,d40
19558,User19558,44,d40
19559,User19559,63,d30
19560,User19560,60,d10
19561,User19561,20,d30
19562,User19562,64,d30
19563,User19563,39,d40
19564,User19564,24,d30
19565,User19565,28,d10
19566,User19566,32,d40
19567,User19567,25,d10
19568,User19568,40,d10
19569,User19569,26,d10
19570,User19570,52,d20
19571,User19571,20,d20
19572,User19572,59,d40
19573,User19573,61,d30
19574,User19574,55,d30
19575,User19575,28,d30
19576,User19576,46,d20
19577,User19577,49,d40
19578,User19578,35,d40
19579,User19579,31,d20
19580,User19580,38,d20
19581,User19581,31,d30
19582,User19582,58,d20
19583,User19583,30,d40
19584,User19584,63,d20
19585,User19585,51,d40
19586,User19586,56,d20
19587,User19587,65,d40
19588,User19588,23,d20
19589,User19589,25,d30
19590,User19590,18,d10
19591,User19591,42,d20
19592,User19592,49,d10
19593,User19593,28,d40
19594,User19594,34,d10
19595,User19595,58,d20
19596,User19596,62,d30
19597,User19597,54,d40
19598,User19598,39,d40
19599,User19599,49,d20
19600,User19600,41,d10
19601,User19601,48,d30
19602,User19602,25,d20
19603,User19603,40,d10
19604,User19604,18,d20
19605,User19605,22,d20
19606,User19606,32,d40
19607,User19607,60,d10
19608,User19608,21,d30
19609,User19609,57,d40
19610,User19610,32,d20
19611,User19611,46,d40
19612,User19612,24,d20
19613,User19613,57,d20
19614,User19614,30,d40
19615,User19615,23,d30
19616,User19616,51,d30
19617,User19617,21,d30
19618,User19618,61,d20
19619,User19619,60,d40
19620,User19620,56,d30
19621,User19621,51,d10
19622,User19622,44,d20
19623,User19623,18,d10
19624,User19624,48,d10
19625,User19625,29,d20
19626,User19626,53,d10
19627,User19627,23,d40
19628,User19628,25,d20
19629,User19629,40,d30
19630,User19630,33,d20
19631,User19631,54,d30
19632,User19632,20,d40
19633,User19633,33,d20
19634,User19634,22,d20
19635,User19635,57,d30
19636,User19636,40,d40
19637,User19637,47,d10
19638,User19638,46,d30
19639,User19639,30,d10
19640,User19640,30,d20
19641,User19641,53,d10
19642,User19642,45,d10
19643,User19643,56,d10
19644,User19644,22,d30
19645,User19645,39,d40
19646,User19646,28,d10
19647,User19647,25,d30
19648,User19648,19,d20
19649,User19649,46,d10
19650,User19650,49,d40
19651,User19651,51,d30
19652,User19652,38,d40
19653,User19653,61,d30
19654,User19654,18,d30
19655,User19655,54,d30
19656,User19656,37,d10
19657,User19657,20,d30
19658,User19658,57,d30
19659,User19659,29,d40
19660,User19660,43,d20
19661,User19661,57,d40
19662,User19662,61,d30
19663,User19663,26,d40
19664,User19664,29,d40
19665,User19665,39,d40
19666,User19666,52,d10
19667,User19667,36,d10
19668,User19668,20,d20
19669,User19669,32,d30
19670,User19670,60,d30
19671,User19671,20,d30
19672,User19672,43,d30
19673,User19673,24,d20
19674,User19674,42,d40
19675,User19675,60,d30
19676,User19676,36,d20
19677,User19677,54,d20
19678,User19678,24,d30
19679,User19679,63,d40
19680,User19680,46,d40
19681,User19681,20,d30
19682,User19682,53,d40
19683,User19683,54,d40
19684,User19684,52,d30
19685,User19685,46,d30
19686,User19686,57,d30
19687,User19687,23,d10
19688,User19688,43,d10
19689,User19689,47,d40
19690,User19690,45,d20
19691,User19691,23,d30
19692,User19692,57,d40
19693,User19693,59,d20
19694,User19694,52,d40
19695,User19695,31,d30
19696,User19696,48,d40
19697,User19697,22,d10
19698,User19698,35,d20
19699,User19699,25,d20
19700,User19700,65,d40
19701,User19701,40,d30
19702,User19702,34,d20
19703,User19703,46,d20
19704,User19704,35,d10
19705,User19705,18,d40
19706,User19706,20,d30
19707,User19707,58,d40
19708,User19708,42,d20
19709,User19709,22,d30
19710,User19710,41,d40
19711,User19711,55,d40
19712,User19712,45,d20
19713,User19713,21,d20
19714,User19714,60,d20
19715,User19715,48,d20
19716,User19716,39,d20
19717,User19717,25,d40
19718,User19718,41,d20
19719,User19719,48,d40
19720,User19720,22,d20
19721,User19721,33,d20
19722,User19722,19,d10
19723,User19723,47,d30
19724,User19724,55,d30
19725,User19725,41,d10
19726,User19726,27,d20
19727,User19727,29,d30
19728,User19728,42,d30
19729,User19729,19,d40
19730,User19730,55,d10
19731,User19731,39,d10
19732,User19732,52,d40
19733,User19733,44,d20
19734,User19734,62,d10
19735,User19735,19,d20
19736,User19736,35,d20
19737,User19737,33,d10
19738,User19738,39,d40
19739,User19739,26,d20
19740,User19740,45,d30
19741,User19741,57,d30
19742,User19742,64,d40
19743,User19743,19,d40
19744,User19744,20,d40
19745,User19745,20,d40
19746,User19746,49,d10
19747,User19747,42,d30
19748,User19748,35,d10
19749,User19749,33,d20
19750,User19750,20,d40
19751,User19751,35,d10
19752,User19752,64,d10
19753,User19753,37,d40
19754,User19754,30,d30
19755,User19755,53,d40
19756,User19756,23,d40
19757,User19757,33,d40
19758,User19758,45,d40
19759,User19759,23,d20
19760,User19760,48,d30
19761,User19761,37,d40
19762,User19762,65,d10
19763,User19763,34,d30
19764,User19764,50,d30
19765,User19765,45,d40
19766,User19766,51,d10
19767,User19767,36,d20
19768,User19768,37,d40
19769,User19769,35,d10
19770,User19770,49,d20
19771,User19771,32,d30
19772,User19772,34,d10
19773,User19773,64,d10
19774,User19774,29,d40
19775,User19775,31,d40
19776,User19776,61,d30
19777,User19777,23,d20
19778,User19778,26,d20
19779,User19779,63,d20
19780,User19780,54,d20
19781,User19781,25,d20
19782,User19782,54,d30
19783,User19783,18,d10
19784,User19784,62,d40
19785,User19785,31,d10
19786,User19786,60,d20
19787,User19787,36,d10
19788,User19788,50,d30
19789,User19789,40,d30
19790,User19790,47,d40
19791,User19791,22,d40
19792,User19792,60,d30
19793,User19793,25,d30
19794,User19794,59,d40
19795,User19795,42,d40
19796,User19796,36,d10
19797,User19797,44,d30
19798,User19798,54,d20
19799,User19799,24,d10
19800,User19800,61,d40
19801,User19801,41,d30
19802,User19802,59,d40
19803,User19803,49,d40
19804,User19804,43,d40
19805,User19805,48,d30
19806,User19806,42,d40
19807,User19807,34,d40
19808,User19808,43,d40
19809,User19809,53,d10
19810,User19810,26,d30
19811,User19811,50,d10
19812,User19812,59,d30
19813,User19813,55,d20
19814,User19814,37,d40
19815,User19815,38,d30
19816,User19816,22,d20
19817,User19817,41,d40
19818,User19818,36,d10
19819,User19819,51,d40
19820,User19820,55,d20
19821,User19821,27,d40
19822,User19822,41,d40
19823,User19823,65,d30
19824,User19824,27,d30
19825,User19825,18,d20
19826,User19826,22,d40
19827,User19827,62,d30
19828,User19828,44,d10
19829,User19829,56,d20
19830,User19830,61,d40
19831,User19831,59,d20
19832,User19832,61,d40
19833,User19833,20,d30
19834,User19834,42,d10
19835,User19835,26,d40
19836,User19836,44,d30
19837,User19837,30,d40
19838,User19838,33,d10
19839,User19839,23,d20
19840,User19840,33,d30
19841,User19841,30,d10
19842,User19842,52,d10
19843,User19843,54,d20
19844,User19844,33,d20
19845,User19845,23,d10
19846,User19846,25,d10
19847,User19847,60,d30
19848,User19848,43,d10
19849,User19849,34,d30
19850,User19850,39,d30
19851,User19851,38,d40
19852,User19852,26,d30
19853,User19853,40,d30
19854,User19854,54,d20
19855,User19855,24,d40
19856,User19856,22,d30
19857,User19857,30,d30
19858,User19858,56,d40
19859,User19859,34,d40
19860,User19860,47,d30
19861,User19861,38,d20
19862,User19862,46,d10
19863,User19863,59,d20
19864,User19864,63,d40
19865,User19865,60,d10
19866,User19866,39,d20
19867,User19867,43,d30
19868,User19868,57,d40
19869,User19869,33,d40
19870,User19870,52,d20
19871,User19871,63,d30
19872,User19872,60,d40
19873,User19873,22,d30
19874,User19874,59,d40
19875,User19875,38,d20
19876,User19876,20,d40
19877,User19877,56,d10
19878,User19878,65,d10
19879,User19879,26,d40
19880,User19880,45,d30
19881,User19881,58,d30
19882,User19882,44,d40
19883,User19883,55,d20
19884,User19884,43,d20
19885,User19885,26,d30
19886,User19886,51,d40
19887,User19887,25,d30
19888,User19888,55,d40
19889,User19889,30,d40
19890,User19890,48,d40
19891,User19891,23,d10
19892,User19892,26,d10
19893,User19893,22,d40
19894,User19894,61,d10
19895,User19895,64,d30
19896,User19896,18,d20
19897,User19897,52,d20
19898,User19898,28,d40
19899,User19899,26,d10
19900,User19900,41,d10
19901,User19901,54,d10
19902,User19902,58,d10
19903,User19903,40,d30
19904,User19904,28,d40
19905,User19905,64,d30
19906,User19906,44,d30
19907,User19907,27,d20
19908,User19908,24,d10
19909,User19909,39,d40
19910,User19910,44,d40
19911,User19911,58,d20
19912,User19912,56,d20
19913,User19913,61,d20
19914,User19914,20,d30
19915,User19915,36,d20
19916,User19916,64,d20
19917,User19917,42,d20
19918,User19918,38,d20
19919,User19919,61,d20
19920,User19920,35,d10
19921,User19921,33,d10
19922,User19922,59,d10
19923,User19923,38,d40
19924,User19924,56,d30
19925,User19925,22,d30
19926,User19926,28,d30
19927,User19927,27,d10
19928,User19928,51,d30
19929,User19929,30,d30
19930,User19930,21,d30
19931,User19931,35,d40
19932,User19932,18,d30
19933,User19933,65,d20
19934,User19934,29,d20
19935,User19935,55,d10
19936,User19936,19,d40
19937,User19937,34,d20
19938,User19938,18,d30
19939,User19939,30,d30
19940,User19940,19,d10
19941,User19941,47,d10
19942,User19942,24,d40
19943,User19943,33,d20
19944,User19944,62,d30
19945,User19945,26,d20
19946,User19946,48,d40
19947,User19947,49,d20
19948,User19948,40,d40
19949,User19949,34,d30
19950,User19950,43,d40
19951,User19951,46,d10
19952,User19952,46,d20
19953,User19953,48,d30
19954,User19954,39,d20
19955,User19955,37,d30
19956,User19956,36,d10
19957,User19957,24,d40
19958,User19958,42,d20
19959,User19959,45,d40
19960,User19960,39,d10
19961,User19961,55,d20
19962,User19962,54,d20
19963,User19963,56,d20
19964,User19964,29,d30
19965,User19965,63,d40
19966,User19966,26,d10
19967,User19967,40,d10
19968,User19968,59,d10
19969,User19969,31,d10
19970,User19970,32,d30
19971,User19971,54,d20
19972,User19972,45,d10
19973,User19973,48,d20
19974,User19974,50,d30
19975,User19975,36,d20
19976,User19976,48,d40
19977,User19977,31,d20
19978,User19978,26,d10
19979,User19979,32,d10
19980,User19980,25,d40
19981,User19981,27,d10
19982,User19982,40,d40
19983,User19983,54,d20
19984,User19984,38,d30
19985,User19985,60,d40
19986,User19986,36,d10
19987,User19987,23,d20
19988,User19988,44,d10
19989,User19989,29,d20
19990,User19990,63,d10
19991,User19991,59,d40
19992,User19992,56,d30
19993,User19993,20,d10
19994,User19994,63,d10
19995,User19995,34,d30
19996,User19996,43,d20
19997,User19997,31,d30
19998,User19998,35,d40
19999,User19999,34,d30
20000,User20000,28,d20
